logs: task cmtqcc89m00lun1nbriqzk84s...
2026-09-06T20:07:10.463515847 [anonymous-instance:main] Running Firecracker v1.16.1
2026-09-06T20:07:10.463791585 [anonymous-instance:main] Listening on API socket ("/var/lib/baremetal-vps/instances/cmtq8tf8j00lon1nbwpx8vm2r/firecracker.sock").
2026-09-06T20:07:10.465099353 [anonymous-instance:fc_api] API server started.
2026-09-06T20:07:10.563546960 [anonymous-instance:fc_api] The API server received a Put request on "/machine-config" with body "{\"vcpu_count\": 1, \"mem_size_mib\": 16}".
2026-09-06T20:07:10.563671926 [anonymous-instance:fc_api] The request was executed successfully. Status code: 204 No Content.
2026-09-06T20:07:10.563938260 [anonymous-instance:fc_api] The API server received a Put request on "/boot-source" with body "{\"kernel_image_path\": \"/var/lib/baremetal-vps/user-images/e2a3383d9286b189d758d68f39b440bcb751f6067334d75b88a5e1d454a6c953.bin\", \"boot_args\": \"console=ttyS0 reboot=k panic=1 pci=off ip=172.16.0.10::172.16.0.1:255.255.0.0::eth0:off\"}".
2026-09-06T20:07:10.564037036 [anonymous-instance:fc_api] The request was executed successfully. Status code: 204 No Content.
2026-09-06T20:07:10.564202044 [anonymous-instance:fc_api] The API server received a Put request on "/drives/rootfs" with body "{\"drive_id\": \"rootfs\", \"path_on_host\": \"/var/lib/baremetal-vps/user-images/stub-rootfs.bin\", \"is_root_device\": true, \"is_read_only\": false}".
2026-09-06T20:07:10.564303198 [anonymous-instance:fc_api] The request was executed successfully. Status code: 204 No Content.
2026-09-06T20:07:10.564430105 [anonymous-instance:fc_api] The API server received a Put request on "/network-interfaces/eth0" with body "{\"iface_id\": \"eth0\", \"guest_mac\": \"02:8a:12:13:0c:67\", \"host_dev_name\": \"fc-cmtq8tf8j00l\"}".
2026-09-06T20:07:10.590559837 [anonymous-instance:fc_api] The request was executed successfully. Status code: 204 No Content.
2026-09-06T20:07:10.590831922 [anonymous-instance:fc_api] The API server received a Put request on "/actions" with body "{\"action_type\": \"InstanceStart\"}".
2026-09-06T20:07:10.606344776 [anonymous-instance:main] Artificially kick devices
2026-09-06T20:07:10.606809984 [anonymous-instance:fc_vcpu 0] Received a VcpuEvent::Resume message with immediate_exit enabled. immediate_exit was disabled before proceeding
2026-09-06T20:07:10.606863168 [anonymous-instance:fc_api] The request was executed successfully. Status code: 204 No Content.
========================================
BareMetal Firecracker - Starting Payload
========================================
WORKER_START slice=w0 m=[102730000000,102835000000) n=295753 primorial=2357# k=6 j=1 digits=1011
WORKER_SELFTEST chain_from_89=6 expect=6 ok
WORKER_PROGRESS slice=w0 done=100 of=295753 best=1
WORKER_PROGRESS slice=w0 done=200 of=295753 best=1
WORKER_PROGRESS slice=w0 done=300 of=295753 best=1
WORKER_PROGRESS slice=w0 done=400 of=295753 best=1
WORKER_PROGRESS slice=w0 done=500 of=295753 best=1
WORKER_PROGRESS slice=w0 done=600 of=295753 best=1
WORKER_PROGRESS slice=w0 done=700 of=295753 best=1
WORKER_PROGRESS slice=w0 done=800 of=295753 best=1
WORKER_PROGRESS slice=w0 done=900 of=295753 best=1
WORKER_PROGRESS slice=w0 done=1000 of=295753 best=1
WORKER_PROGRESS slice=w0 done=1100 of=295753 best=1
WORKER_PROGRESS slice=w0 done=1200 of=295753 best=1
WORKER_PROGRESS slice=w0 done=1300 of=295753 best=1
WORKER_PROGRESS slice=w0 done=1400 of=295753 best=1
WORKER_PROGRESS slice=w0 done=1500 of=295753 best=1
WORKER_PROGRESS slice=w0 done=1600 of=295753 best=1
WORKER_PROGRESS slice=w0 done=1700 of=295753 best=1
WORKER_PROGRESS slice=w0 done=1800 of=295753 best=1
WORKER_PROGRESS slice=w0 done=1900 of=295753 best=1
WORKER_PROGRESS slice=w0 done=2000 of=295753 best=1
WORKER_PROGRESS slice=w0 done=2100 of=295753 best=1
WORKER_PROGRESS slice=w0 done=2200 of=295753 best=1
WORKER_PROGRESS slice=w0 done=2300 of=295753 best=1
WORKER_PROGRESS slice=w0 done=2400 of=295753 best=1
WORKER_PROGRESS slice=w0 done=2500 of=295753 best=1
WORKER_PROGRESS slice=w0 done=2600 of=295753 best=1
WORKER_PROGRESS slice=w0 done=2700 of=295753 best=1
WORKER_PROGRESS slice=w0 done=2800 of=295753 best=1
WORKER_PROGRESS slice=w0 done=2900 of=295753 best=1
WORKER_PROGRESS slice=w0 done=3000 of=295753 best=2
WORKER_PROGRESS slice=w0 done=3100 of=295753 best=2
WORKER_PROGRESS slice=w0 done=3200 of=295753 best=2
WORKER_PROGRESS slice=w0 done=3300 of=295753 best=2
WORKER_PROGRESS slice=w0 done=3400 of=295753 best=2
WORKER_PROGRESS slice=w0 done=3500 of=295753 best=2
WORKER_PROGRESS slice=w0 done=3600 of=295753 best=2
WORKER_PROGRESS slice=w0 done=3700 of=295753 best=2
WORKER_PROGRESS slice=w0 done=3800 of=295753 best=2
WORKER_PROGRESS slice=w0 done=3900 of=295753 best=2
WORKER_PROGRESS slice=w0 done=4000 of=295753 best=2
WORKER_PROGRESS slice=w0 done=4100 of=295753 best=2
WORKER_PROGRESS slice=w0 done=4200 of=295753 best=2
WORKER_PROGRESS slice=w0 done=4300 of=295753 best=2
WORKER_PROGRESS slice=w0 done=4400 of=295753 best=2
WORKER_PROGRESS slice=w0 done=4500 of=295753 best=2
WORKER_PROGRESS slice=w0 done=4600 of=295753 best=2
WORKER_PROGRESS slice=w0 done=4700 of=295753 best=2
WORKER_PROGRESS slice=w0 done=4800 of=295753 best=2
WORKER_PROGRESS slice=w0 done=4900 of=295753 best=2
WORKER_PROGRESS slice=w0 done=5000 of=295753 best=2
WORKER_PROGRESS slice=w0 done=5100 of=295753 best=2
WORKER_PROGRESS slice=w0 done=5200 of=295753 best=2
WORKER_PROGRESS slice=w0 done=5300 of=295753 best=2
WORKER_PROGRESS slice=w0 done=5400 of=295753 best=2
WORKER_PROGRESS slice=w0 done=5500 of=295753 best=2
WORKER_PROGRESS slice=w0 done=5600 of=295753 best=2
WORKER_PROGRESS slice=w0 done=5700 of=295753 best=2
WORKER_PROGRESS slice=w0 done=5800 of=295753 best=2
WORKER_PROGRESS slice=w0 done=5900 of=295753 best=2
WORKER_PROGRESS slice=w0 done=6000 of=295753 best=2
WORKER_PROGRESS slice=w0 done=6100 of=295753 best=2
WORKER_PROGRESS slice=w0 done=6200 of=295753 best=2
WORKER_PROGRESS slice=w0 done=6300 of=295753 best=2
WORKER_PROGRESS slice=w0 done=6400 of=295753 best=2
WORKER_PROGRESS slice=w0 done=6500 of=295753 best=2
WORKER_PROGRESS slice=w0 done=6600 of=295753 best=2
WORKER_PROGRESS slice=w0 done=6700 of=295753 best=2
WORKER_PROGRESS slice=w0 done=6800 of=295753 best=2
WORKER_PROGRESS slice=w0 done=6900 of=295753 best=2
WORKER_PROGRESS slice=w0 done=7000 of=295753 best=2
WORKER_PROGRESS slice=w0 done=7100 of=295753 best=2
WORKER_PROGRESS slice=w0 done=7200 of=295753 best=2
WORKER_PROGRESS slice=w0 done=7300 of=295753 best=2
WORKER_PROGRESS slice=w0 done=7400 of=295753 best=2
WORKER_PROGRESS slice=w0 done=7500 of=295753 best=2
WORKER_PROGRESS slice=w0 done=7600 of=295753 best=2
WORKER_PROGRESS slice=w0 done=7700 of=295753 best=2
WORKER_PROGRESS slice=w0 done=7800 of=295753 best=2
WORKER_PROGRESS slice=w0 done=7900 of=295753 best=2
WORKER_PROGRESS slice=w0 done=8000 of=295753 best=2
WORKER_PROGRESS slice=w0 done=8100 of=295753 best=2
WORKER_PROGRESS slice=w0 done=8200 of=295753 best=2
WORKER_PROGRESS slice=w0 done=8300 of=295753 best=2
WORKER_PROGRESS slice=w0 done=8400 of=295753 best=2
WORKER_PROGRESS slice=w0 done=8500 of=295753 best=2
WORKER_PROGRESS slice=w0 done=8600 of=295753 best=2
WORKER_PROGRESS slice=w0 done=8700 of=295753 best=2
WORKER_PROGRESS slice=w0 done=8800 of=295753 best=2
WORKER_PROGRESS slice=w0 done=8900 of=295753 best=2
WORKER_PROGRESS slice=w0 done=9000 of=295753 best=2
WORKER_PROGRESS slice=w0 done=9100 of=295753 best=2
WORKER_PROGRESS slice=w0 done=9200 of=295753 best=2
WORKER_PROGRESS slice=w0 done=9300 of=295753 best=2
WORKER_PROGRESS slice=w0 done=9400 of=295753 best=2
WORKER_PROGRESS slice=w0 done=9500 of=295753 best=2
WORKER_PROGRESS slice=w0 done=9600 of=295753 best=2
WORKER_PROGRESS slice=w0 done=9700 of=295753 best=2
WORKER_PROGRESS slice=w0 done=9800 of=295753 best=2
WORKER_PROGRESS slice=w0 done=9900 of=295753 best=2
WORKER_PROGRESS slice=w0 done=10000 of=295753 best=2
WORKER_PROGRESS slice=w0 done=10100 of=295753 best=2
WORKER_PROGRESS slice=w0 done=10200 of=295753 best=2
WORKER_PROGRESS slice=w0 done=10300 of=295753 best=2
WORKER_PROGRESS slice=w0 done=10400 of=295753 best=2
WORKER_PROGRESS slice=w0 done=10500 of=295753 best=2
WORKER_PROGRESS slice=w0 done=10600 of=295753 best=2
WORKER_PROGRESS slice=w0 done=10700 of=295753 best=2
WORKER_PROGRESS slice=w0 done=10800 of=295753 best=2
WORKER_PROGRESS slice=w0 done=10900 of=295753 best=2
WORKER_PROGRESS slice=w0 done=11000 of=295753 best=2
WORKER_PROGRESS slice=w0 done=11100 of=295753 best=2
WORKER_PROGRESS slice=w0 done=11200 of=295753 best=2
WORKER_PROGRESS slice=w0 done=11300 of=295753 best=2
WORKER_PROGRESS slice=w0 done=11400 of=295753 best=2
WORKER_PROGRESS slice=w0 done=11500 of=295753 best=2
WORKER_PROGRESS slice=w0 done=11600 of=295753 best=2
WORKER_PROGRESS slice=w0 done=11700 of=295753 best=2
WORKER_PROGRESS slice=w0 done=11800 of=295753 best=2
WORKER_PROGRESS slice=w0 done=11900 of=295753 best=2
WORKER_PROGRESS slice=w0 done=12000 of=295753 best=2
WORKER_PROGRESS slice=w0 done=12100 of=295753 best=2
WORKER_PROGRESS slice=w0 done=12200 of=295753 best=2
WORKER_PROGRESS slice=w0 done=12300 of=295753 best=2
WORKER_PROGRESS slice=w0 done=12400 of=295753 best=2
WORKER_PROGRESS slice=w0 done=12500 of=295753 best=2
WORKER_PROGRESS slice=w0 done=12600 of=295753 best=2
WORKER_PROGRESS slice=w0 done=12700 of=295753 best=2
WORKER_PROGRESS slice=w0 done=12800 of=295753 best=2
WORKER_PROGRESS slice=w0 done=12900 of=295753 best=2
WORKER_PROGRESS slice=w0 done=13000 of=295753 best=2
WORKER_PROGRESS slice=w0 done=13100 of=295753 best=2
WORKER_PROGRESS slice=w0 done=13200 of=295753 best=2
WORKER_PROGRESS slice=w0 done=13300 of=295753 best=2
WORKER_PROGRESS slice=w0 done=13400 of=295753 best=2
WORKER_PROGRESS slice=w0 done=13500 of=295753 best=2
WORKER_PROGRESS slice=w0 done=13600 of=295753 best=2
WORKER_PROGRESS slice=w0 done=13700 of=295753 best=2
WORKER_PROGRESS slice=w0 done=13800 of=295753 best=2
WORKER_PROGRESS slice=w0 done=13900 of=295753 best=2
WORKER_PROGRESS slice=w0 done=14000 of=295753 best=2
WORKER_PROGRESS slice=w0 done=14100 of=295753 best=2
WORKER_PROGRESS slice=w0 done=14200 of=295753 best=2
WORKER_PROGRESS slice=w0 done=14300 of=295753 best=2
WORKER_PROGRESS slice=w0 done=14400 of=295753 best=2
WORKER_PROGRESS slice=w0 done=14500 of=295753 best=2
WORKER_PROGRESS slice=w0 done=14600 of=295753 best=2
WORKER_PROGRESS slice=w0 done=14700 of=295753 best=2
WORKER_PROGRESS slice=w0 done=14800 of=295753 best=2
WORKER_PROGRESS slice=w0 done=14900 of=295753 best=2
WORKER_PROGRESS slice=w0 done=15000 of=295753 best=2
WORKER_PROGRESS slice=w0 done=15100 of=295753 best=2
WORKER_PROGRESS slice=w0 done=15200 of=295753 best=2
WORKER_PROGRESS slice=w0 done=15300 of=295753 best=2
WORKER_PROGRESS slice=w0 done=15400 of=295753 best=2
WORKER_PROGRESS slice=w0 done=15500 of=295753 best=2
WORKER_PROGRESS slice=w0 done=15600 of=295753 best=2
WORKER_PROGRESS slice=w0 done=15700 of=295753 best=2
WORKER_PROGRESS slice=w0 done=15800 of=295753 best=2
WORKER_PROGRESS slice=w0 done=15900 of=295753 best=2
WORKER_PROGRESS slice=w0 done=16000 of=295753 best=2
WORKER_PROGRESS slice=w0 done=16100 of=295753 best=2
WORKER_PROGRESS slice=w0 done=16200 of=295753 best=2
WORKER_PROGRESS slice=w0 done=16300 of=295753 best=2
WORKER_PROGRESS slice=w0 done=16400 of=295753 best=2
WORKER_PROGRESS slice=w0 done=16500 of=295753 best=2
WORKER_PROGRESS slice=w0 done=16600 of=295753 best=2
WORKER_PROGRESS slice=w0 done=16700 of=295753 best=2
WORKER_PROGRESS slice=w0 done=16800 of=295753 best=2
WORKER_PROGRESS slice=w0 done=16900 of=295753 best=2
WORKER_PROGRESS slice=w0 done=17000 of=295753 best=2
WORKER_PROGRESS slice=w0 done=17100 of=295753 best=2
WORKER_PROGRESS slice=w0 done=17200 of=295753 best=2
WORKER_PROGRESS slice=w0 done=17300 of=295753 best=2
WORKER_PROGRESS slice=w0 done=17400 of=295753 best=2
WORKER_PROGRESS slice=w0 done=17500 of=295753 best=2
WORKER_PROGRESS slice=w0 done=17600 of=295753 best=2
WORKER_PROGRESS slice=w0 done=17700 of=295753 best=2
WORKER_PROGRESS slice=w0 done=17800 of=295753 best=2
WORKER_PROGRESS slice=w0 done=17900 of=295753 best=2
WORKER_PROGRESS slice=w0 done=18000 of=295753 best=2
WORKER_PROGRESS slice=w0 done=18100 of=295753 best=2
WORKER_PROGRESS slice=w0 done=18200 of=295753 best=2
WORKER_PROGRESS slice=w0 done=18300 of=295753 best=2
WORKER_PROGRESS slice=w0 done=18400 of=295753 best=2
WORKER_PROGRESS slice=w0 done=18500 of=295753 best=2
WORKER_PROGRESS slice=w0 done=18600 of=295753 best=2
WORKER_PROGRESS slice=w0 done=18700 of=295753 best=2
WORKER_PROGRESS slice=w0 done=18800 of=295753 best=2
WORKER_PROGRESS slice=w0 done=18900 of=295753 best=2
WORKER_PROGRESS slice=w0 done=19000 of=295753 best=2
WORKER_PROGRESS slice=w0 done=19100 of=295753 best=2
WORKER_PROGRESS slice=w0 done=19200 of=295753 best=2
WORKER_PROGRESS slice=w0 done=19300 of=295753 best=2
WORKER_PROGRESS slice=w0 done=19400 of=295753 best=2
WORKER_PROGRESS slice=w0 done=19500 of=295753 best=2
WORKER_PROGRESS slice=w0 done=19600 of=295753 best=2
WORKER_PROGRESS slice=w0 done=19700 of=295753 best=2
WORKER_PROGRESS slice=w0 done=19800 of=295753 best=2
WORKER_PROGRESS slice=w0 done=19900 of=295753 best=2
WORKER_PROGRESS slice=w0 done=20000 of=295753 best=2
WORKER_PROGRESS slice=w0 done=20100 of=295753 best=2
WORKER_PROGRESS slice=w0 done=20200 of=295753 best=2
WORKER_PROGRESS slice=w0 done=20300 of=295753 best=2
WORKER_PROGRESS slice=w0 done=20400 of=295753 best=2
WORKER_PROGRESS slice=w0 done=20500 of=295753 best=2
WORKER_PROGRESS slice=w0 done=20600 of=295753 best=2
WORKER_PROGRESS slice=w0 done=20700 of=295753 best=2
WORKER_PROGRESS slice=w0 done=20800 of=295753 best=2
WORKER_PROGRESS slice=w0 done=20900 of=295753 best=2
WORKER_PROGRESS slice=w0 done=21000 of=295753 best=2
WORKER_PROGRESS slice=w0 done=21100 of=295753 best=2
WORKER_PROGRESS slice=w0 done=21200 of=295753 best=2
WORKER_PROGRESS slice=w0 done=21300 of=295753 best=2
WORKER_PROGRESS slice=w0 done=21400 of=295753 best=2
WORKER_PROGRESS slice=w0 done=21500 of=295753 best=2
WORKER_PROGRESS slice=w0 done=21600 of=295753 best=2
WORKER_PROGRESS slice=w0 done=21700 of=295753 best=2
WORKER_PROGRESS slice=w0 done=21800 of=295753 best=2
WORKER_PROGRESS slice=w0 done=21900 of=295753 best=2
WORKER_PROGRESS slice=w0 done=22000 of=295753 best=2
WORKER_PROGRESS slice=w0 done=22100 of=295753 best=2
WORKER_PROGRESS slice=w0 done=22200 of=295753 best=2
WORKER_PROGRESS slice=w0 done=22300 of=295753 best=2
WORKER_PROGRESS slice=w0 done=22400 of=295753 best=2
WORKER_PROGRESS slice=w0 done=22500 of=295753 best=2
WORKER_PROGRESS slice=w0 done=22600 of=295753 best=2
WORKER_PROGRESS slice=w0 done=22700 of=295753 best=2
WORKER_PROGRESS slice=w0 done=22800 of=295753 best=2
WORKER_PROGRESS slice=w0 done=22900 of=295753 best=2
WORKER_PROGRESS slice=w0 done=23000 of=295753 best=2
WORKER_PROGRESS slice=w0 done=23100 of=295753 best=2
WORKER_PROGRESS slice=w0 done=23200 of=295753 best=2
WORKER_PROGRESS slice=w0 done=23300 of=295753 best=2
WORKER_PROGRESS slice=w0 done=23400 of=295753 best=2
WORKER_PROGRESS slice=w0 done=23500 of=295753 best=2
WORKER_PROGRESS slice=w0 done=23600 of=295753 best=2
WORKER_PROGRESS slice=w0 done=23700 of=295753 best=2
WORKER_PROGRESS slice=w0 done=23800 of=295753 best=2
WORKER_PROGRESS slice=w0 done=23900 of=295753 best=2
WORKER_PROGRESS slice=w0 done=24000 of=295753 best=2
WORKER_PROGRESS slice=w0 done=24100 of=295753 best=2
WORKER_PROGRESS slice=w0 done=24200 of=295753 best=2
WORKER_PROGRESS slice=w0 done=24300 of=295753 best=2
WORKER_PROGRESS slice=w0 done=24400 of=295753 best=2
WORKER_PROGRESS slice=w0 done=24500 of=295753 best=2
WORKER_PROGRESS slice=w0 done=24600 of=295753 best=2
WORKER_PROGRESS slice=w0 done=24700 of=295753 best=2
WORKER_PROGRESS slice=w0 done=24800 of=295753 best=2
WORKER_PROGRESS slice=w0 done=24900 of=295753 best=2
WORKER_PROGRESS slice=w0 done=25000 of=295753 best=2
WORKER_PROGRESS slice=w0 done=25100 of=295753 best=2
WORKER_PROGRESS slice=w0 done=25200 of=295753 best=2
WORKER_PROGRESS slice=w0 done=25300 of=295753 best=2
WORKER_PROGRESS slice=w0 done=25400 of=295753 best=2
WORKER_PROGRESS slice=w0 done=25500 of=295753 best=2
WORKER_PROGRESS slice=w0 done=25600 of=295753 best=2
WORKER_PROGRESS slice=w0 done=25700 of=295753 best=2
WORKER_PROGRESS slice=w0 done=25800 of=295753 best=2
WORKER_PROGRESS slice=w0 done=25900 of=295753 best=2
WORKER_PROGRESS slice=w0 done=26000 of=295753 best=2
WORKER_PROGRESS slice=w0 done=26100 of=295753 best=2
WORKER_PROGRESS slice=w0 done=26200 of=295753 best=2
WORKER_PROGRESS slice=w0 done=26300 of=295753 best=2
WORKER_PROGRESS slice=w0 done=26400 of=295753 best=2
WORKER_PROGRESS slice=w0 done=26500 of=295753 best=2
WORKER_PROGRESS slice=w0 done=26600 of=295753 best=2
WORKER_PROGRESS slice=w0 done=26700 of=295753 best=2
WORKER_PROGRESS slice=w0 done=26800 of=295753 best=2
WORKER_PROGRESS slice=w0 done=26900 of=295753 best=2
WORKER_PROGRESS slice=w0 done=27000 of=295753 best=2
WORKER_PROGRESS slice=w0 done=27100 of=295753 best=2
WORKER_PROGRESS slice=w0 done=27200 of=295753 best=2
WORKER_PROGRESS slice=w0 done=27300 of=295753 best=2
WORKER_PROGRESS slice=w0 done=27400 of=295753 best=2
WORKER_PROGRESS slice=w0 done=27500 of=295753 best=2
WORKER_PROGRESS slice=w0 done=27600 of=295753 best=2
WORKER_PROGRESS slice=w0 done=27700 of=295753 best=2
WORKER_PROGRESS slice=w0 done=27800 of=295753 best=2
WORKER_PROGRESS slice=w0 done=27900 of=295753 best=2
WORKER_PROGRESS slice=w0 done=28000 of=295753 best=2
WORKER_PROGRESS slice=w0 done=28100 of=295753 best=2
WORKER_PROGRESS slice=w0 done=28200 of=295753 best=2
WORKER_PROGRESS slice=w0 done=28300 of=295753 best=2
WORKER_PROGRESS slice=w0 done=28400 of=295753 best=2
WORKER_PROGRESS slice=w0 done=28500 of=295753 best=2
WORKER_PROGRESS slice=w0 done=28600 of=295753 best=2
WORKER_PROGRESS slice=w0 done=28700 of=295753 best=2
WORKER_PROGRESS slice=w0 done=28800 of=295753 best=2
WORKER_PROGRESS slice=w0 done=28900 of=295753 best=2
WORKER_PROGRESS slice=w0 done=29000 of=295753 best=2
WORKER_PROGRESS slice=w0 done=29100 of=295753 best=2
WORKER_PROGRESS slice=w0 done=29200 of=295753 best=2
WORKER_PROGRESS slice=w0 done=29300 of=295753 best=2
WORKER_PROGRESS slice=w0 done=29400 of=295753 best=2
WORKER_PROGRESS slice=w0 done=29500 of=295753 best=2
WORKER_PROGRESS slice=w0 done=29600 of=295753 best=2
WORKER_PROGRESS slice=w0 done=29700 of=295753 best=2
WORKER_PROGRESS slice=w0 done=29800 of=295753 best=2
WORKER_PROGRESS slice=w0 done=29900 of=295753 best=2
WORKER_PROGRESS slice=w0 done=30000 of=295753 best=2
WORKER_PROGRESS slice=w0 done=30100 of=295753 best=2
WORKER_PROGRESS slice=w0 done=30200 of=295753 best=2
WORKER_PROGRESS slice=w0 done=30300 of=295753 best=2
WORKER_PROGRESS slice=w0 done=30400 of=295753 best=2
WORKER_PROGRESS slice=w0 done=30500 of=295753 best=2
WORKER_PROGRESS slice=w0 done=30600 of=295753 best=2
WORKER_PROGRESS slice=w0 done=30700 of=295753 best=2
WORKER_PROGRESS slice=w0 done=30800 of=295753 best=2
WORKER_PROGRESS slice=w0 done=30900 of=295753 best=2
WORKER_PROGRESS slice=w0 done=31000 of=295753 best=2
WORKER_PROGRESS slice=w0 done=31100 of=295753 best=2
WORKER_PROGRESS slice=w0 done=31200 of=295753 best=2
WORKER_PROGRESS slice=w0 done=31300 of=295753 best=2
WORKER_PROGRESS slice=w0 done=31400 of=295753 best=2
WORKER_PROGRESS slice=w0 done=31500 of=295753 best=2
WORKER_PROGRESS slice=w0 done=31600 of=295753 best=2
WORKER_PROGRESS slice=w0 done=31700 of=295753 best=2
WORKER_PROGRESS slice=w0 done=31800 of=295753 best=2
WORKER_PROGRESS slice=w0 done=31900 of=295753 best=2
WORKER_PROGRESS slice=w0 done=32000 of=295753 best=2
WORKER_PROGRESS slice=w0 done=32100 of=295753 best=2
WORKER_PROGRESS slice=w0 done=32200 of=295753 best=2
WORKER_PROGRESS slice=w0 done=32300 of=295753 best=2
WORKER_PROGRESS slice=w0 done=32400 of=295753 best=2
WORKER_PROGRESS slice=w0 done=32500 of=295753 best=2
WORKER_PROGRESS slice=w0 done=32600 of=295753 best=2
WORKER_PROGRESS slice=w0 done=32700 of=295753 best=2
WORKER_PROGRESS slice=w0 done=32800 of=295753 best=2
WORKER_PROGRESS slice=w0 done=32900 of=295753 best=2
WORKER_PROGRESS slice=w0 done=33000 of=295753 best=2
WORKER_PROGRESS slice=w0 done=33100 of=295753 best=2
WORKER_PROGRESS slice=w0 done=33200 of=295753 best=2
WORKER_PROGRESS slice=w0 done=33300 of=295753 best=2
WORKER_PROGRESS slice=w0 done=33400 of=295753 best=2
WORKER_PROGRESS slice=w0 done=33500 of=295753 best=2
WORKER_PROGRESS slice=w0 done=33600 of=295753 best=2
WORKER_PROGRESS slice=w0 done=33700 of=295753 best=2
WORKER_PROGRESS slice=w0 done=33800 of=295753 best=2
WORKER_PROGRESS slice=w0 done=33900 of=295753 best=2
WORKER_PROGRESS slice=w0 done=34000 of=295753 best=2
WORKER_PROGRESS slice=w0 done=34100 of=295753 best=2
WORKER_PROGRESS slice=w0 done=34200 of=295753 best=2
WORKER_PROGRESS slice=w0 done=34300 of=295753 best=2
WORKER_PROGRESS slice=w0 done=34400 of=295753 best=2
WORKER_PROGRESS slice=w0 done=34500 of=295753 best=2
WORKER_PROGRESS slice=w0 done=34600 of=295753 best=2
WORKER_PROGRESS slice=w0 done=34700 of=295753 best=2
WORKER_PROGRESS slice=w0 done=34800 of=295753 best=2
WORKER_PROGRESS slice=w0 done=34900 of=295753 best=2
WORKER_PROGRESS slice=w0 done=35000 of=295753 best=2
WORKER_PROGRESS slice=w0 done=35100 of=295753 best=2
WORKER_PROGRESS slice=w0 done=35200 of=295753 best=2
WORKER_PROGRESS slice=w0 done=35300 of=295753 best=2
WORKER_PROGRESS slice=w0 done=35400 of=295753 best=2
WORKER_PROGRESS slice=w0 done=35500 of=295753 best=2
WORKER_PROGRESS slice=w0 done=35600 of=295753 best=2
WORKER_PROGRESS slice=w0 done=35700 of=295753 best=2
WORKER_PROGRESS slice=w0 done=35800 of=295753 best=2
WORKER_PROGRESS slice=w0 done=35900 of=295753 best=2
WORKER_PROGRESS slice=w0 done=36000 of=295753 best=2
WORKER_PROGRESS slice=w0 done=36100 of=295753 best=2
WORKER_PROGRESS slice=w0 done=36200 of=295753 best=2
WORKER_PROGRESS slice=w0 done=36300 of=295753 best=2
WORKER_PROGRESS slice=w0 done=36400 of=295753 best=2
WORKER_PROGRESS slice=w0 done=36500 of=295753 best=2
WORKER_PROGRESS slice=w0 done=36600 of=295753 best=2
WORKER_PROGRESS slice=w0 done=36700 of=295753 best=2
WORKER_PROGRESS slice=w0 done=36800 of=295753 best=2
WORKER_PROGRESS slice=w0 done=36900 of=295753 best=2
WORKER_PROGRESS slice=w0 done=37000 of=295753 best=2
WORKER_PROGRESS slice=w0 done=37100 of=295753 best=2
WORKER_PROGRESS slice=w0 done=37200 of=295753 best=2
WORKER_PROGRESS slice=w0 done=37300 of=295753 best=2
WORKER_PROGRESS slice=w0 done=37400 of=295753 best=2
WORKER_PROGRESS slice=w0 done=37500 of=295753 best=2
WORKER_PROGRESS slice=w0 done=37600 of=295753 best=2
WORKER_PROGRESS slice=w0 done=37700 of=295753 best=2
WORKER_PROGRESS slice=w0 done=37800 of=295753 best=2
WORKER_PROGRESS slice=w0 done=37900 of=295753 best=2
WORKER_PROGRESS slice=w0 done=38000 of=295753 best=2
WORKER_PROGRESS slice=w0 done=38100 of=295753 best=2
WORKER_PROGRESS slice=w0 done=38200 of=295753 best=2
WORKER_PROGRESS slice=w0 done=38300 of=295753 best=2
WORKER_PROGRESS slice=w0 done=38400 of=295753 best=2
WORKER_PROGRESS slice=w0 done=38500 of=295753 best=2
WORKER_PROGRESS slice=w0 done=38600 of=295753 best=2
WORKER_PROGRESS slice=w0 done=38700 of=295753 best=2
WORKER_PROGRESS slice=w0 done=38800 of=295753 best=2
WORKER_PROGRESS slice=w0 done=38900 of=295753 best=2
WORKER_PROGRESS slice=w0 done=39000 of=295753 best=2
WORKER_PROGRESS slice=w0 done=39100 of=295753 best=2
WORKER_PROGRESS slice=w0 done=39200 of=295753 best=2
WORKER_PROGRESS slice=w0 done=39300 of=295753 best=2
WORKER_PROGRESS slice=w0 done=39400 of=295753 best=2
WORKER_PROGRESS slice=w0 done=39500 of=295753 best=2
WORKER_PROGRESS slice=w0 done=39600 of=295753 best=2
WORKER_PROGRESS slice=w0 done=39700 of=295753 best=2
WORKER_PROGRESS slice=w0 done=39800 of=295753 best=2
WORKER_PROGRESS slice=w0 done=39900 of=295753 best=2
WORKER_PROGRESS slice=w0 done=40000 of=295753 best=2
WORKER_PROGRESS slice=w0 done=40100 of=295753 best=2
WORKER_PROGRESS slice=w0 done=40200 of=295753 best=2
WORKER_PROGRESS slice=w0 done=40300 of=295753 best=2
WORKER_PROGRESS slice=w0 done=40400 of=295753 best=2
WORKER_PROGRESS slice=w0 done=40500 of=295753 best=2
WORKER_PROGRESS slice=w0 done=40600 of=295753 best=2
WORKER_PROGRESS slice=w0 done=40700 of=295753 best=2
WORKER_PROGRESS slice=w0 done=40800 of=295753 best=2
WORKER_PROGRESS slice=w0 done=40900 of=295753 best=2
WORKER_PROGRESS slice=w0 done=41000 of=295753 best=2
WORKER_PROGRESS slice=w0 done=41100 of=295753 best=2
WORKER_PROGRESS slice=w0 done=41200 of=295753 best=2
WORKER_PROGRESS slice=w0 done=41300 of=295753 best=2
WORKER_PROGRESS slice=w0 done=41400 of=295753 best=2
WORKER_PROGRESS slice=w0 done=41500 of=295753 best=2
WORKER_PROGRESS slice=w0 done=41600 of=295753 best=2
WORKER_PROGRESS slice=w0 done=41700 of=295753 best=2
WORKER_PROGRESS slice=w0 done=41800 of=295753 best=2
WORKER_PROGRESS slice=w0 done=41900 of=295753 best=2
WORKER_PROGRESS slice=w0 done=42000 of=295753 best=2
WORKER_PROGRESS slice=w0 done=42100 of=295753 best=2
WORKER_PROGRESS slice=w0 done=42200 of=295753 best=2
WORKER_PROGRESS slice=w0 done=42300 of=295753 best=2
WORKER_PROGRESS slice=w0 done=42400 of=295753 best=2
WORKER_PROGRESS slice=w0 done=42500 of=295753 best=2
WORKER_PROGRESS slice=w0 done=42600 of=295753 best=2
WORKER_PROGRESS slice=w0 done=42700 of=295753 best=2
WORKER_PROGRESS slice=w0 done=42800 of=295753 best=2
WORKER_PROGRESS slice=w0 done=42900 of=295753 best=2
WORKER_PROGRESS slice=w0 done=43000 of=295753 best=2
WORKER_PROGRESS slice=w0 done=43100 of=295753 best=2
WORKER_PROGRESS slice=w0 done=43200 of=295753 best=2
WORKER_PROGRESS slice=w0 done=43300 of=295753 best=2
WORKER_PROGRESS slice=w0 done=43400 of=295753 best=2
WORKER_PROGRESS slice=w0 done=43500 of=295753 best=2
WORKER_PROGRESS slice=w0 done=43600 of=295753 best=2
WORKER_PROGRESS slice=w0 done=43700 of=295753 best=2
WORKER_PROGRESS slice=w0 done=43800 of=295753 best=2
WORKER_PROGRESS slice=w0 done=43900 of=295753 best=2
WORKER_PROGRESS slice=w0 done=44000 of=295753 best=2
WORKER_PROGRESS slice=w0 done=44100 of=295753 best=2
WORKER_PROGRESS slice=w0 done=44200 of=295753 best=2
WORKER_PROGRESS slice=w0 done=44300 of=295753 best=2
WORKER_PROGRESS slice=w0 done=44400 of=295753 best=2
WORKER_PROGRESS slice=w0 done=44500 of=295753 best=2
WORKER_PROGRESS slice=w0 done=44600 of=295753 best=2
WORKER_PROGRESS slice=w0 done=44700 of=295753 best=2
WORKER_PROGRESS slice=w0 done=44800 of=295753 best=2
WORKER_PROGRESS slice=w0 done=44900 of=295753 best=2
WORKER_PROGRESS slice=w0 done=45000 of=295753 best=2
WORKER_PROGRESS slice=w0 done=45100 of=295753 best=2
WORKER_PROGRESS slice=w0 done=45200 of=295753 best=2
WORKER_PROGRESS slice=w0 done=45300 of=295753 best=2
WORKER_PROGRESS slice=w0 done=45400 of=295753 best=2
WORKER_PROGRESS slice=w0 done=45500 of=295753 best=2
WORKER_PROGRESS slice=w0 done=45600 of=295753 best=2
WORKER_PROGRESS slice=w0 done=45700 of=295753 best=2
WORKER_PROGRESS slice=w0 done=45800 of=295753 best=2
WORKER_PROGRESS slice=w0 done=45900 of=295753 best=2
WORKER_PROGRESS slice=w0 done=46000 of=295753 best=2
WORKER_PROGRESS slice=w0 done=46100 of=295753 best=2
WORKER_PROGRESS slice=w0 done=46200 of=295753 best=2
WORKER_PROGRESS slice=w0 done=46300 of=295753 best=2
WORKER_PROGRESS slice=w0 done=46400 of=295753 best=2
WORKER_PROGRESS slice=w0 done=46500 of=295753 best=2
WORKER_PROGRESS slice=w0 done=46600 of=295753 best=2
WORKER_PROGRESS slice=w0 done=46700 of=295753 best=2
WORKER_PROGRESS slice=w0 done=46800 of=295753 best=2
WORKER_PROGRESS slice=w0 done=46900 of=295753 best=2
WORKER_PROGRESS slice=w0 done=47000 of=295753 best=2
WORKER_PROGRESS slice=w0 done=47100 of=295753 best=2
WORKER_PROGRESS slice=w0 done=47200 of=295753 best=2
WORKER_PROGRESS slice=w0 done=47300 of=295753 best=2
WORKER_PROGRESS slice=w0 done=47400 of=295753 best=2
WORKER_PROGRESS slice=w0 done=47500 of=295753 best=2
WORKER_PROGRESS slice=w0 done=47600 of=295753 best=2
WORKER_PROGRESS slice=w0 done=47700 of=295753 best=2
WORKER_PROGRESS slice=w0 done=47800 of=295753 best=2
WORKER_PROGRESS slice=w0 done=47900 of=295753 best=2
WORKER_PROGRESS slice=w0 done=48000 of=295753 best=2
WORKER_PROGRESS slice=w0 done=48100 of=295753 best=2
WORKER_PROGRESS slice=w0 done=48200 of=295753 best=2
WORKER_PROGRESS slice=w0 done=48300 of=295753 best=2
WORKER_PROGRESS slice=w0 done=48400 of=295753 best=2
WORKER_PROGRESS slice=w0 done=48500 of=295753 best=2
WORKER_PROGRESS slice=w0 done=48600 of=295753 best=2
WORKER_PROGRESS slice=w0 done=48700 of=295753 best=2
WORKER_PROGRESS slice=w0 done=48800 of=295753 best=2
WORKER_PROGRESS slice=w0 done=48900 of=295753 best=2
WORKER_PROGRESS slice=w0 done=49000 of=295753 best=2
WORKER_PROGRESS slice=w0 done=49100 of=295753 best=2
WORKER_PROGRESS slice=w0 done=49200 of=295753 best=2
WORKER_PROGRESS slice=w0 done=49300 of=295753 best=2
WORKER_PROGRESS slice=w0 done=49400 of=295753 best=2
WORKER_PROGRESS slice=w0 done=49500 of=295753 best=2
WORKER_PROGRESS slice=w0 done=49600 of=295753 best=2
WORKER_PROGRESS slice=w0 done=49700 of=295753 best=2
WORKER_PROGRESS slice=w0 done=49800 of=295753 best=2
WORKER_PROGRESS slice=w0 done=49900 of=295753 best=2
WORKER_PROGRESS slice=w0 done=50000 of=295753 best=2
WORKER_PROGRESS slice=w0 done=50100 of=295753 best=2
WORKER_PROGRESS slice=w0 done=50200 of=295753 best=2
WORKER_PROGRESS slice=w0 done=50300 of=295753 best=2
WORKER_PROGRESS slice=w0 done=50400 of=295753 best=2
WORKER_PROGRESS slice=w0 done=50500 of=295753 best=2
WORKER_PROGRESS slice=w0 done=50600 of=295753 best=2
WORKER_PROGRESS slice=w0 done=50700 of=295753 best=2
WORKER_PROGRESS slice=w0 done=50800 of=295753 best=2
WORKER_PROGRESS slice=w0 done=50900 of=295753 best=2
WORKER_PROGRESS slice=w0 done=51000 of=295753 best=2
WORKER_PROGRESS slice=w0 done=51100 of=295753 best=2
WORKER_PROGRESS slice=w0 done=51200 of=295753 best=2
WORKER_PROGRESS slice=w0 done=51300 of=295753 best=2
WORKER_PROGRESS slice=w0 done=51400 of=295753 best=2
WORKER_PROGRESS slice=w0 done=51500 of=295753 best=2
WORKER_PROGRESS slice=w0 done=51600 of=295753 best=2
WORKER_PROGRESS slice=w0 done=51700 of=295753 best=2
WORKER_PROGRESS slice=w0 done=51800 of=295753 best=2
WORKER_PROGRESS slice=w0 done=51900 of=295753 best=2
WORKER_PROGRESS slice=w0 done=52000 of=295753 best=2
WORKER_PROGRESS slice=w0 done=52100 of=295753 best=2
WORKER_PROGRESS slice=w0 done=52200 of=295753 best=2
WORKER_PROGRESS slice=w0 done=52300 of=295753 best=2
WORKER_PROGRESS slice=w0 done=52400 of=295753 best=2
WORKER_PROGRESS slice=w0 done=52500 of=295753 best=2
WORKER_PROGRESS slice=w0 done=52600 of=295753 best=2
WORKER_PROGRESS slice=w0 done=52700 of=295753 best=2
WORKER_PROGRESS slice=w0 done=52800 of=295753 best=2
WORKER_PROGRESS slice=w0 done=52900 of=295753 best=2
WORKER_PROGRESS slice=w0 done=53000 of=295753 best=2
WORKER_PROGRESS slice=w0 done=53100 of=295753 best=2
WORKER_PROGRESS slice=w0 done=53200 of=295753 best=2
WORKER_PROGRESS slice=w0 done=53300 of=295753 best=2
WORKER_PROGRESS slice=w0 done=53400 of=295753 best=2
WORKER_PROGRESS slice=w0 done=53500 of=295753 best=2
WORKER_PROGRESS slice=w0 done=53600 of=295753 best=2
WORKER_PROGRESS slice=w0 done=53700 of=295753 best=2
WORKER_PROGRESS slice=w0 done=53800 of=295753 best=2
WORKER_PROGRESS slice=w0 done=53900 of=295753 best=2
WORKER_PROGRESS slice=w0 done=54000 of=295753 best=2
WORKER_PROGRESS slice=w0 done=54100 of=295753 best=2
WORKER_PROGRESS slice=w0 done=54200 of=295753 best=2
WORKER_PROGRESS slice=w0 done=54300 of=295753 best=2
WORKER_PROGRESS slice=w0 done=54400 of=295753 best=2
WORKER_PROGRESS slice=w0 done=54500 of=295753 best=2
WORKER_PROGRESS slice=w0 done=54600 of=295753 best=2
WORKER_PROGRESS slice=w0 done=54700 of=295753 best=2
WORKER_PROGRESS slice=w0 done=54800 of=295753 best=2
WORKER_PROGRESS slice=w0 done=54900 of=295753 best=2
WORKER_PROGRESS slice=w0 done=55000 of=295753 best=2
WORKER_PROGRESS slice=w0 done=55100 of=295753 best=2
WORKER_PROGRESS slice=w0 done=55200 of=295753 best=2
WORKER_PROGRESS slice=w0 done=55300 of=295753 best=2
WORKER_PROGRESS slice=w0 done=55400 of=295753 best=2
WORKER_PROGRESS slice=w0 done=55500 of=295753 best=2
WORKER_PROGRESS slice=w0 done=55600 of=295753 best=2
WORKER_PROGRESS slice=w0 done=55700 of=295753 best=2
WORKER_PROGRESS slice=w0 done=55800 of=295753 best=2
WORKER_PROGRESS slice=w0 done=55900 of=295753 best=2
WORKER_PROGRESS slice=w0 done=56000 of=295753 best=2
WORKER_PROGRESS slice=w0 done=56100 of=295753 best=2
WORKER_PROGRESS slice=w0 done=56200 of=295753 best=2
WORKER_PROGRESS slice=w0 done=56300 of=295753 best=2
WORKER_PROGRESS slice=w0 done=56400 of=295753 best=2
WORKER_PROGRESS slice=w0 done=56500 of=295753 best=2
WORKER_PROGRESS slice=w0 done=56600 of=295753 best=2
WORKER_PROGRESS slice=w0 done=56700 of=295753 best=2
WORKER_PROGRESS slice=w0 done=56800 of=295753 best=2
WORKER_PROGRESS slice=w0 done=56900 of=295753 best=2
WORKER_PROGRESS slice=w0 done=57000 of=295753 best=2
WORKER_PROGRESS slice=w0 done=57100 of=295753 best=2
WORKER_PROGRESS slice=w0 done=57200 of=295753 best=2
WORKER_PROGRESS slice=w0 done=57300 of=295753 best=2
WORKER_PROGRESS slice=w0 done=57400 of=295753 best=2
WORKER_PROGRESS slice=w0 done=57500 of=295753 best=2
WORKER_PROGRESS slice=w0 done=57600 of=295753 best=2
WORKER_PROGRESS slice=w0 done=57700 of=295753 best=2
WORKER_PROGRESS slice=w0 done=57800 of=295753 best=2
WORKER_PROGRESS slice=w0 done=57900 of=295753 best=2
WORKER_PROGRESS slice=w0 done=58000 of=295753 best=2
WORKER_PROGRESS slice=w0 done=58100 of=295753 best=2
WORKER_PROGRESS slice=w0 done=58200 of=295753 best=2
WORKER_PROGRESS slice=w0 done=58300 of=295753 best=2
WORKER_PROGRESS slice=w0 done=58400 of=295753 best=2
WORKER_PROGRESS slice=w0 done=58500 of=295753 best=2
WORKER_PROGRESS slice=w0 done=58600 of=295753 best=2
WORKER_PROGRESS slice=w0 done=58700 of=295753 best=2
WORKER_PROGRESS slice=w0 done=58800 of=295753 best=2
WORKER_PROGRESS slice=w0 done=58900 of=295753 best=2
WORKER_PROGRESS slice=w0 done=59000 of=295753 best=2
WORKER_PROGRESS slice=w0 done=59100 of=295753 best=2
WORKER_PROGRESS slice=w0 done=59200 of=295753 best=2
WORKER_PROGRESS slice=w0 done=59300 of=295753 best=2
WORKER_PROGRESS slice=w0 done=59400 of=295753 best=2
WORKER_PROGRESS slice=w0 done=59500 of=295753 best=2
WORKER_PROGRESS slice=w0 done=59600 of=295753 best=2
WORKER_PROGRESS slice=w0 done=59700 of=295753 best=2
WORKER_PROGRESS slice=w0 done=59800 of=295753 best=2
WORKER_PROGRESS slice=w0 done=59900 of=295753 best=2
WORKER_PROGRESS slice=w0 done=60000 of=295753 best=2
WORKER_PROGRESS slice=w0 done=60100 of=295753 best=2
WORKER_PROGRESS slice=w0 done=60200 of=295753 best=2
WORKER_PROGRESS slice=w0 done=60300 of=295753 best=2
WORKER_PROGRESS slice=w0 done=60400 of=295753 best=2
WORKER_PROGRESS slice=w0 done=60500 of=295753 best=2
WORKER_PROGRESS slice=w0 done=60600 of=295753 best=2
WORKER_PROGRESS slice=w0 done=60700 of=295753 best=2
WORKER_PROGRESS slice=w0 done=60800 of=295753 best=2
WORKER_PROGRESS slice=w0 done=60900 of=295753 best=2
WORKER_PROGRESS slice=w0 done=61000 of=295753 best=2
WORKER_PROGRESS slice=w0 done=61100 of=295753 best=2
WORKER_PROGRESS slice=w0 done=61200 of=295753 best=2
WORKER_PROGRESS slice=w0 done=61300 of=295753 best=2
WORKER_PROGRESS slice=w0 done=61400 of=295753 best=2
WORKER_PROGRESS slice=w0 done=61500 of=295753 best=2
WORKER_PROGRESS slice=w0 done=61600 of=295753 best=2
WORKER_PROGRESS slice=w0 done=61700 of=295753 best=2
WORKER_PROGRESS slice=w0 done=61800 of=295753 best=2
WORKER_PROGRESS slice=w0 done=61900 of=295753 best=2
WORKER_PROGRESS slice=w0 done=62000 of=295753 best=2
WORKER_PROGRESS slice=w0 done=62100 of=295753 best=2
WORKER_PROGRESS slice=w0 done=62200 of=295753 best=2
WORKER_PROGRESS slice=w0 done=62300 of=295753 best=2
WORKER_PROGRESS slice=w0 done=62400 of=295753 best=2
WORKER_PROGRESS slice=w0 done=62500 of=295753 best=2
WORKER_PROGRESS slice=w0 done=62600 of=295753 best=2
WORKER_PROGRESS slice=w0 done=62700 of=295753 best=2
WORKER_PROGRESS slice=w0 done=62800 of=295753 best=2
WORKER_PROGRESS slice=w0 done=62900 of=295753 best=2
WORKER_PROGRESS slice=w0 done=63000 of=295753 best=2
WORKER_PROGRESS slice=w0 done=63100 of=295753 best=2
WORKER_PROGRESS slice=w0 done=63200 of=295753 best=2
WORKER_PROGRESS slice=w0 done=63300 of=295753 best=2
WORKER_PROGRESS slice=w0 done=63400 of=295753 best=2
WORKER_PROGRESS slice=w0 done=63500 of=295753 best=2
WORKER_PROGRESS slice=w0 done=63600 of=295753 best=2
WORKER_PROGRESS slice=w0 done=63700 of=295753 best=2
WORKER_PROGRESS slice=w0 done=63800 of=295753 best=2
WORKER_PROGRESS slice=w0 done=63900 of=295753 best=2
WORKER_PROGRESS slice=w0 done=64000 of=295753 best=2
WORKER_PROGRESS slice=w0 done=64100 of=295753 best=2
WORKER_PROGRESS slice=w0 done=64200 of=295753 best=2
WORKER_PROGRESS slice=w0 done=64300 of=295753 best=2
WORKER_PROGRESS slice=w0 done=64400 of=295753 best=2
WORKER_PROGRESS slice=w0 done=64500 of=295753 best=2
WORKER_PROGRESS slice=w0 done=64600 of=295753 best=2
WORKER_PROGRESS slice=w0 done=64700 of=295753 best=2
WORKER_PROGRESS slice=w0 done=64800 of=295753 best=2
WORKER_PROGRESS slice=w0 done=64900 of=295753 best=2
WORKER_PROGRESS slice=w0 done=65000 of=295753 best=2
WORKER_PROGRESS slice=w0 done=65100 of=295753 best=2
WORKER_PROGRESS slice=w0 done=65200 of=295753 best=2
WORKER_PROGRESS slice=w0 done=65300 of=295753 best=2
WORKER_PROGRESS slice=w0 done=65400 of=295753 best=2
WORKER_PROGRESS slice=w0 done=65500 of=295753 best=2
WORKER_PROGRESS slice=w0 done=65600 of=295753 best=2
WORKER_PROGRESS slice=w0 done=65700 of=295753 best=2
WORKER_PROGRESS slice=w0 done=65800 of=295753 best=2
WORKER_PROGRESS slice=w0 done=65900 of=295753 best=2
WORKER_PROGRESS slice=w0 done=66000 of=295753 best=2
WORKER_PROGRESS slice=w0 done=66100 of=295753 best=2
WORKER_PROGRESS slice=w0 done=66200 of=295753 best=2
WORKER_PROGRESS slice=w0 done=66300 of=295753 best=2
WORKER_PROGRESS slice=w0 done=66400 of=295753 best=2
WORKER_PROGRESS slice=w0 done=66500 of=295753 best=2
WORKER_PROGRESS slice=w0 done=66600 of=295753 best=2
WORKER_PROGRESS slice=w0 done=66700 of=295753 best=2
WORKER_PROGRESS slice=w0 done=66800 of=295753 best=2
WORKER_PROGRESS slice=w0 done=66900 of=295753 best=2
WORKER_PROGRESS slice=w0 done=67000 of=295753 best=2
WORKER_PROGRESS slice=w0 done=67100 of=295753 best=2
WORKER_PROGRESS slice=w0 done=67200 of=295753 best=2
WORKER_PROGRESS slice=w0 done=67300 of=295753 best=2
WORKER_PROGRESS slice=w0 done=67400 of=295753 best=2
WORKER_PROGRESS slice=w0 done=67500 of=295753 best=2
WORKER_PROGRESS slice=w0 done=67600 of=295753 best=2
WORKER_PROGRESS slice=w0 done=67700 of=295753 best=2
WORKER_PROGRESS slice=w0 done=67800 of=295753 best=2
WORKER_PROGRESS slice=w0 done=67900 of=295753 best=2
WORKER_PROGRESS slice=w0 done=68000 of=295753 best=2
WORKER_PROGRESS slice=w0 done=68100 of=295753 best=2
WORKER_PROGRESS slice=w0 done=68200 of=295753 best=2
WORKER_PROGRESS slice=w0 done=68300 of=295753 best=2
WORKER_PROGRESS slice=w0 done=68400 of=295753 best=2
WORKER_PROGRESS slice=w0 done=68500 of=295753 best=2
WORKER_PROGRESS slice=w0 done=68600 of=295753 best=2
WORKER_PROGRESS slice=w0 done=68700 of=295753 best=2
WORKER_PROGRESS slice=w0 done=68800 of=295753 best=2
WORKER_PROGRESS slice=w0 done=68900 of=295753 best=2
WORKER_PROGRESS slice=w0 done=69000 of=295753 best=2
WORKER_PROGRESS slice=w0 done=69100 of=295753 best=2
WORKER_PROGRESS slice=w0 done=69200 of=295753 best=2
WORKER_PROGRESS slice=w0 done=69300 of=295753 best=2
WORKER_PROGRESS slice=w0 done=69400 of=295753 best=2
WORKER_PROGRESS slice=w0 done=69500 of=295753 best=2
WORKER_PROGRESS slice=w0 done=69600 of=295753 best=2
WORKER_PROGRESS slice=w0 done=69700 of=295753 best=2
WORKER_PROGRESS slice=w0 done=69800 of=295753 best=2
WORKER_PROGRESS slice=w0 done=69900 of=295753 best=2
WORKER_PROGRESS slice=w0 done=70000 of=295753 best=2
WORKER_PROGRESS slice=w0 done=70100 of=295753 best=2
WORKER_PROGRESS slice=w0 done=70200 of=295753 best=2
WORKER_PROGRESS slice=w0 done=70300 of=295753 best=2
WORKER_PROGRESS slice=w0 done=70400 of=295753 best=2
WORKER_PROGRESS slice=w0 done=70500 of=295753 best=2
WORKER_PROGRESS slice=w0 done=70600 of=295753 best=2
WORKER_PROGRESS slice=w0 done=70700 of=295753 best=2
WORKER_PROGRESS slice=w0 done=70800 of=295753 best=2
WORKER_PROGRESS slice=w0 done=70900 of=295753 best=2
WORKER_PROGRESS slice=w0 done=71000 of=295753 best=2
WORKER_PROGRESS slice=w0 done=71100 of=295753 best=2
WORKER_PROGRESS slice=w0 done=71200 of=295753 best=2
WORKER_PROGRESS slice=w0 done=71300 of=295753 best=2
WORKER_PROGRESS slice=w0 done=71400 of=295753 best=2
WORKER_PROGRESS slice=w0 done=71500 of=295753 best=2
WORKER_PROGRESS slice=w0 done=71600 of=295753 best=2
WORKER_PROGRESS slice=w0 done=71700 of=295753 best=2
WORKER_PROGRESS slice=w0 done=71800 of=295753 best=2
WORKER_PROGRESS slice=w0 done=71900 of=295753 best=2
WORKER_PROGRESS slice=w0 done=72000 of=295753 best=2
WORKER_PROGRESS slice=w0 done=72100 of=295753 best=2
WORKER_PROGRESS slice=w0 done=72200 of=295753 best=2
WORKER_PROGRESS slice=w0 done=72300 of=295753 best=2
WORKER_PROGRESS slice=w0 done=72400 of=295753 best=2
WORKER_PROGRESS slice=w0 done=72500 of=295753 best=2
WORKER_PROGRESS slice=w0 done=72600 of=295753 best=2
WORKER_PROGRESS slice=w0 done=72700 of=295753 best=2
WORKER_PROGRESS slice=w0 done=72800 of=295753 best=2
WORKER_PROGRESS slice=w0 done=72900 of=295753 best=2
WORKER_PROGRESS slice=w0 done=73000 of=295753 best=2
WORKER_PROGRESS slice=w0 done=73100 of=295753 best=2
WORKER_PROGRESS slice=w0 done=73200 of=295753 best=2
WORKER_PROGRESS slice=w0 done=73300 of=295753 best=2
WORKER_PROGRESS slice=w0 done=73400 of=295753 best=2
WORKER_PROGRESS slice=w0 done=73500 of=295753 best=2
WORKER_PROGRESS slice=w0 done=73600 of=295753 best=2
WORKER_PROGRESS slice=w0 done=73700 of=295753 best=2
WORKER_PROGRESS slice=w0 done=73800 of=295753 best=2
WORKER_PROGRESS slice=w0 done=73900 of=295753 best=2
WORKER_PROGRESS slice=w0 done=74000 of=295753 best=2
WORKER_PROGRESS slice=w0 done=74100 of=295753 best=2
WORKER_PROGRESS slice=w0 done=74200 of=295753 best=2
WORKER_PROGRESS slice=w0 done=74300 of=295753 best=2
WORKER_PROGRESS slice=w0 done=74400 of=295753 best=2
WORKER_PROGRESS slice=w0 done=74500 of=295753 best=2
WORKER_PROGRESS slice=w0 done=74600 of=295753 best=2
WORKER_PROGRESS slice=w0 done=74700 of=295753 best=2
WORKER_PROGRESS slice=w0 done=74800 of=295753 best=2
WORKER_PROGRESS slice=w0 done=74900 of=295753 best=2
WORKER_PROGRESS slice=w0 done=75000 of=295753 best=2
WORKER_PROGRESS slice=w0 done=75100 of=295753 best=2
WORKER_PROGRESS slice=w0 done=75200 of=295753 best=2
WORKER_PROGRESS slice=w0 done=75300 of=295753 best=2
WORKER_PROGRESS slice=w0 done=75400 of=295753 best=2
WORKER_PROGRESS slice=w0 done=75500 of=295753 best=2
WORKER_PROGRESS slice=w0 done=75600 of=295753 best=2
WORKER_PROGRESS slice=w0 done=75700 of=295753 best=2
WORKER_PROGRESS slice=w0 done=75800 of=295753 best=2
WORKER_PROGRESS slice=w0 done=75900 of=295753 best=2
WORKER_PROGRESS slice=w0 done=76000 of=295753 best=2
WORKER_PROGRESS slice=w0 done=76100 of=295753 best=2
WORKER_PROGRESS slice=w0 done=76200 of=295753 best=2
WORKER_PROGRESS slice=w0 done=76300 of=295753 best=2
WORKER_PROGRESS slice=w0 done=76400 of=295753 best=2
WORKER_PROGRESS slice=w0 done=76500 of=295753 best=2
WORKER_PROGRESS slice=w0 done=76600 of=295753 best=2
WORKER_PROGRESS slice=w0 done=76700 of=295753 best=2
WORKER_PROGRESS slice=w0 done=76800 of=295753 best=2
WORKER_PROGRESS slice=w0 done=76900 of=295753 best=2
WORKER_PROGRESS slice=w0 done=77000 of=295753 best=2
WORKER_PROGRESS slice=w0 done=77100 of=295753 best=2
WORKER_PROGRESS slice=w0 done=77200 of=295753 best=2
WORKER_PROGRESS slice=w0 done=77300 of=295753 best=2
WORKER_PROGRESS slice=w0 done=77400 of=295753 best=2
WORKER_PROGRESS slice=w0 done=77500 of=295753 best=2
WORKER_PROGRESS slice=w0 done=77600 of=295753 best=2
WORKER_PROGRESS slice=w0 done=77700 of=295753 best=2
WORKER_PROGRESS slice=w0 done=77800 of=295753 best=2
WORKER_PROGRESS slice=w0 done=77900 of=295753 best=2
WORKER_PROGRESS slice=w0 done=78000 of=295753 best=2
WORKER_PROGRESS slice=w0 done=78100 of=295753 best=2
WORKER_PROGRESS slice=w0 done=78200 of=295753 best=2
WORKER_PROGRESS slice=w0 done=78300 of=295753 best=2
WORKER_PROGRESS slice=w0 done=78400 of=295753 best=2
WORKER_PROGRESS slice=w0 done=78500 of=295753 best=2
WORKER_PROGRESS slice=w0 done=78600 of=295753 best=2
WORKER_PROGRESS slice=w0 done=78700 of=295753 best=2
WORKER_PROGRESS slice=w0 done=78800 of=295753 best=2
WORKER_PROGRESS slice=w0 done=78900 of=295753 best=2
WORKER_PROGRESS slice=w0 done=79000 of=295753 best=2
WORKER_PROGRESS slice=w0 done=79100 of=295753 best=2
WORKER_PROGRESS slice=w0 done=79200 of=295753 best=2
WORKER_PROGRESS slice=w0 done=79300 of=295753 best=2
WORKER_PROGRESS slice=w0 done=79400 of=295753 best=2
WORKER_PROGRESS slice=w0 done=79500 of=295753 best=2
WORKER_PROGRESS slice=w0 done=79600 of=295753 best=2
WORKER_PROGRESS slice=w0 done=79700 of=295753 best=2
WORKER_PROGRESS slice=w0 done=79800 of=295753 best=2
WORKER_PROGRESS slice=w0 done=79900 of=295753 best=2
WORKER_PROGRESS slice=w0 done=80000 of=295753 best=2
WORKER_PROGRESS slice=w0 done=80100 of=295753 best=2
WORKER_PROGRESS slice=w0 done=80200 of=295753 best=2
WORKER_PROGRESS slice=w0 done=80300 of=295753 best=2
WORKER_PROGRESS slice=w0 done=80400 of=295753 best=2
WORKER_PROGRESS slice=w0 done=80500 of=295753 best=2
WORKER_PROGRESS slice=w0 done=80600 of=295753 best=2
WORKER_PROGRESS slice=w0 done=80700 of=295753 best=2
WORKER_PROGRESS slice=w0 done=80800 of=295753 best=2
WORKER_PROGRESS slice=w0 done=80900 of=295753 best=2
WORKER_PROGRESS slice=w0 done=81000 of=295753 best=2
WORKER_PROGRESS slice=w0 done=81100 of=295753 best=2
WORKER_PROGRESS slice=w0 done=81200 of=295753 best=2
WORKER_PROGRESS slice=w0 done=81300 of=295753 best=2
WORKER_PROGRESS slice=w0 done=81400 of=295753 best=2
WORKER_PROGRESS slice=w0 done=81500 of=295753 best=2
WORKER_PROGRESS slice=w0 done=81600 of=295753 best=2
WORKER_PROGRESS slice=w0 done=81700 of=295753 best=2
WORKER_PROGRESS slice=w0 done=81800 of=295753 best=2
WORKER_PROGRESS slice=w0 done=81900 of=295753 best=2
WORKER_PROGRESS slice=w0 done=82000 of=295753 best=2
WORKER_PROGRESS slice=w0 done=82100 of=295753 best=2
WORKER_PROGRESS slice=w0 done=82200 of=295753 best=2
WORKER_PROGRESS slice=w0 done=82300 of=295753 best=2
WORKER_PROGRESS slice=w0 done=82400 of=295753 best=2
WORKER_PROGRESS slice=w0 done=82500 of=295753 best=2
WORKER_PROGRESS slice=w0 done=82600 of=295753 best=2
WORKER_PROGRESS slice=w0 done=82700 of=295753 best=2
WORKER_PROGRESS slice=w0 done=82800 of=295753 best=2
WORKER_PROGRESS slice=w0 done=82900 of=295753 best=2
WORKER_PROGRESS slice=w0 done=83000 of=295753 best=2
WORKER_PROGRESS slice=w0 done=83100 of=295753 best=2
WORKER_PROGRESS slice=w0 done=83200 of=295753 best=2
WORKER_PROGRESS slice=w0 done=83300 of=295753 best=2
WORKER_PROGRESS slice=w0 done=83400 of=295753 best=2
WORKER_PROGRESS slice=w0 done=83500 of=295753 best=2
WORKER_PROGRESS slice=w0 done=83600 of=295753 best=2
WORKER_PROGRESS slice=w0 done=83700 of=295753 best=2
WORKER_PROGRESS slice=w0 done=83800 of=295753 best=2
WORKER_PROGRESS slice=w0 done=83900 of=295753 best=2
WORKER_PROGRESS slice=w0 done=84000 of=295753 best=2
WORKER_PROGRESS slice=w0 done=84100 of=295753 best=2
WORKER_PROGRESS slice=w0 done=84200 of=295753 best=2
WORKER_PROGRESS slice=w0 done=84300 of=295753 best=2
WORKER_PROGRESS slice=w0 done=84400 of=295753 best=2
WORKER_PROGRESS slice=w0 done=84500 of=295753 best=2
WORKER_PROGRESS slice=w0 done=84600 of=295753 best=2
WORKER_PROGRESS slice=w0 done=84700 of=295753 best=2
WORKER_PROGRESS slice=w0 done=84800 of=295753 best=2
WORKER_PROGRESS slice=w0 done=84900 of=295753 best=2
WORKER_PROGRESS slice=w0 done=85000 of=295753 best=2
WORKER_PROGRESS slice=w0 done=85100 of=295753 best=2
WORKER_PROGRESS slice=w0 done=85200 of=295753 best=2
WORKER_PROGRESS slice=w0 done=85300 of=295753 best=2
WORKER_PROGRESS slice=w0 done=85400 of=295753 best=2
WORKER_PROGRESS slice=w0 done=85500 of=295753 best=2
WORKER_PROGRESS slice=w0 done=85600 of=295753 best=2
WORKER_PROGRESS slice=w0 done=85700 of=295753 best=2
WORKER_PROGRESS slice=w0 done=85800 of=295753 best=2
WORKER_PROGRESS slice=w0 done=85900 of=295753 best=2
WORKER_PROGRESS slice=w0 done=86000 of=295753 best=2
WORKER_PROGRESS slice=w0 done=86100 of=295753 best=2
WORKER_PROGRESS slice=w0 done=86200 of=295753 best=2
WORKER_PROGRESS slice=w0 done=86300 of=295753 best=2
WORKER_PROGRESS slice=w0 done=86400 of=295753 best=2
WORKER_PROGRESS slice=w0 done=86500 of=295753 best=2
WORKER_PROGRESS slice=w0 done=86600 of=295753 best=2
WORKER_PROGRESS slice=w0 done=86700 of=295753 best=2
WORKER_PROGRESS slice=w0 done=86800 of=295753 best=2
WORKER_PROGRESS slice=w0 done=86900 of=295753 best=2
WORKER_PROGRESS slice=w0 done=87000 of=295753 best=2
WORKER_PROGRESS slice=w0 done=87100 of=295753 best=2
WORKER_PROGRESS slice=w0 done=87200 of=295753 best=2
WORKER_PROGRESS slice=w0 done=87300 of=295753 best=2
WORKER_PROGRESS slice=w0 done=87400 of=295753 best=2
WORKER_PROGRESS slice=w0 done=87500 of=295753 best=2
WORKER_PROGRESS slice=w0 done=87600 of=295753 best=2
WORKER_PROGRESS slice=w0 done=87700 of=295753 best=2
WORKER_PROGRESS slice=w0 done=87800 of=295753 best=2
WORKER_PROGRESS slice=w0 done=87900 of=295753 best=2
WORKER_PROGRESS slice=w0 done=88000 of=295753 best=2
WORKER_PROGRESS slice=w0 done=88100 of=295753 best=2
WORKER_PROGRESS slice=w0 done=88200 of=295753 best=2
WORKER_PROGRESS slice=w0 done=88300 of=295753 best=2
WORKER_PROGRESS slice=w0 done=88400 of=295753 best=2
WORKER_PROGRESS slice=w0 done=88500 of=295753 best=2
WORKER_PROGRESS slice=w0 done=88600 of=295753 best=2
WORKER_PROGRESS slice=w0 done=88700 of=295753 best=2
WORKER_PROGRESS slice=w0 done=88800 of=295753 best=2
WORKER_PROGRESS slice=w0 done=88900 of=295753 best=2
WORKER_PROGRESS slice=w0 done=89000 of=295753 best=2
WORKER_PROGRESS slice=w0 done=89100 of=295753 best=2
WORKER_PROGRESS slice=w0 done=89200 of=295753 best=2
WORKER_PROGRESS slice=w0 done=89300 of=295753 best=2
WORKER_PROGRESS slice=w0 done=89400 of=295753 best=2
WORKER_PROGRESS slice=w0 done=89500 of=295753 best=2
WORKER_PROGRESS slice=w0 done=89600 of=295753 best=2
WORKER_PROGRESS slice=w0 done=89700 of=295753 best=2
WORKER_PROGRESS slice=w0 done=89800 of=295753 best=2
WORKER_PROGRESS slice=w0 done=89900 of=295753 best=2
WORKER_PROGRESS slice=w0 done=90000 of=295753 best=2
WORKER_PROGRESS slice=w0 done=90100 of=295753 best=2
WORKER_PROGRESS slice=w0 done=90200 of=295753 best=2
WORKER_PROGRESS slice=w0 done=90300 of=295753 best=2
WORKER_PROGRESS slice=w0 done=90400 of=295753 best=2
WORKER_PROGRESS slice=w0 done=90500 of=295753 best=2
WORKER_PROGRESS slice=w0 done=90600 of=295753 best=2
WORKER_PROGRESS slice=w0 done=90700 of=295753 best=2
WORKER_PROGRESS slice=w0 done=90800 of=295753 best=2
WORKER_PROGRESS slice=w0 done=90900 of=295753 best=2
WORKER_PROGRESS slice=w0 done=91000 of=295753 best=2
WORKER_PROGRESS slice=w0 done=91100 of=295753 best=2
WORKER_PROGRESS slice=w0 done=91200 of=295753 best=2
WORKER_PROGRESS slice=w0 done=91300 of=295753 best=2
WORKER_PROGRESS slice=w0 done=91400 of=295753 best=2
WORKER_PROGRESS slice=w0 done=91500 of=295753 best=2
WORKER_PROGRESS slice=w0 done=91600 of=295753 best=2
WORKER_PROGRESS slice=w0 done=91700 of=295753 best=2
WORKER_PROGRESS slice=w0 done=91800 of=295753 best=2
WORKER_PROGRESS slice=w0 done=91900 of=295753 best=2
WORKER_PROGRESS slice=w0 done=92000 of=295753 best=2
WORKER_PROGRESS slice=w0 done=92100 of=295753 best=2
WORKER_PROGRESS slice=w0 done=92200 of=295753 best=2
WORKER_PROGRESS slice=w0 done=92300 of=295753 best=2
WORKER_PROGRESS slice=w0 done=92400 of=295753 best=2
WORKER_PROGRESS slice=w0 done=92500 of=295753 best=2
WORKER_PROGRESS slice=w0 done=92600 of=295753 best=2
WORKER_PROGRESS slice=w0 done=92700 of=295753 best=2
WORKER_PROGRESS slice=w0 done=92800 of=295753 best=2
WORKER_PROGRESS slice=w0 done=92900 of=295753 best=2
WORKER_PROGRESS slice=w0 done=93000 of=295753 best=2
WORKER_PROGRESS slice=w0 done=93100 of=295753 best=2
WORKER_PROGRESS slice=w0 done=93200 of=295753 best=2
WORKER_PROGRESS slice=w0 done=93300 of=295753 best=2
WORKER_PROGRESS slice=w0 done=93400 of=295753 best=2
WORKER_PROGRESS slice=w0 done=93500 of=295753 best=2
WORKER_PROGRESS slice=w0 done=93600 of=295753 best=2
WORKER_PROGRESS slice=w0 done=93700 of=295753 best=2
WORKER_PROGRESS slice=w0 done=93800 of=295753 best=2
WORKER_PROGRESS slice=w0 done=93900 of=295753 best=2
WORKER_PROGRESS slice=w0 done=94000 of=295753 best=2
WORKER_PROGRESS slice=w0 done=94100 of=295753 best=2
WORKER_PROGRESS slice=w0 done=94200 of=295753 best=2
WORKER_PROGRESS slice=w0 done=94300 of=295753 best=2
WORKER_PROGRESS slice=w0 done=94400 of=295753 best=2
WORKER_PROGRESS slice=w0 done=94500 of=295753 best=2
WORKER_PROGRESS slice=w0 done=94600 of=295753 best=2
WORKER_PROGRESS slice=w0 done=94700 of=295753 best=2
WORKER_PROGRESS slice=w0 done=94800 of=295753 best=2
WORKER_PROGRESS slice=w0 done=94900 of=295753 best=2
WORKER_PROGRESS slice=w0 done=95000 of=295753 best=2
WORKER_PROGRESS slice=w0 done=95100 of=295753 best=2
WORKER_PROGRESS slice=w0 done=95200 of=295753 best=2
WORKER_PROGRESS slice=w0 done=95300 of=295753 best=2
WORKER_PROGRESS slice=w0 done=95400 of=295753 best=2
WORKER_PROGRESS slice=w0 done=95500 of=295753 best=2
WORKER_PROGRESS slice=w0 done=95600 of=295753 best=2
WORKER_PROGRESS slice=w0 done=95700 of=295753 best=2
WORKER_PROGRESS slice=w0 done=95800 of=295753 best=2
WORKER_PROGRESS slice=w0 done=95900 of=295753 best=2
WORKER_PROGRESS slice=w0 done=96000 of=295753 best=2
WORKER_PROGRESS slice=w0 done=96100 of=295753 best=2
WORKER_PROGRESS slice=w0 done=96200 of=295753 best=2
WORKER_PROGRESS slice=w0 done=96300 of=295753 best=2
WORKER_PROGRESS slice=w0 done=96400 of=295753 best=2
WORKER_PROGRESS slice=w0 done=96500 of=295753 best=2
WORKER_PROGRESS slice=w0 done=96600 of=295753 best=2
WORKER_PROGRESS slice=w0 done=96700 of=295753 best=2
WORKER_PROGRESS slice=w0 done=96800 of=295753 best=2
WORKER_PROGRESS slice=w0 done=96900 of=295753 best=2
WORKER_PROGRESS slice=w0 done=97000 of=295753 best=2
WORKER_PROGRESS slice=w0 done=97100 of=295753 best=2
WORKER_PROGRESS slice=w0 done=97200 of=295753 best=2
WORKER_PROGRESS slice=w0 done=97300 of=295753 best=2
WORKER_PROGRESS slice=w0 done=97400 of=295753 best=2
WORKER_PROGRESS slice=w0 done=97500 of=295753 best=2
WORKER_PROGRESS slice=w0 done=97600 of=295753 best=2
WORKER_PROGRESS slice=w0 done=97700 of=295753 best=2
WORKER_PROGRESS slice=w0 done=97800 of=295753 best=2
WORKER_PROGRESS slice=w0 done=97900 of=295753 best=2
WORKER_PROGRESS slice=w0 done=98000 of=295753 best=2
WORKER_PROGRESS slice=w0 done=98100 of=295753 best=2
WORKER_PROGRESS slice=w0 done=98200 of=295753 best=2
WORKER_PROGRESS slice=w0 done=98300 of=295753 best=2
WORKER_PROGRESS slice=w0 done=98400 of=295753 best=2
WORKER_PROGRESS slice=w0 done=98500 of=295753 best=2
WORKER_PROGRESS slice=w0 done=98600 of=295753 best=2
WORKER_PROGRESS slice=w0 done=98700 of=295753 best=2
WORKER_PROGRESS slice=w0 done=98800 of=295753 best=2
WORKER_PROGRESS slice=w0 done=98900 of=295753 best=2
WORKER_PROGRESS slice=w0 done=99000 of=295753 best=2
WORKER_PROGRESS slice=w0 done=99100 of=295753 best=2
WORKER_PROGRESS slice=w0 done=99200 of=295753 best=2
WORKER_PROGRESS slice=w0 done=99300 of=295753 best=2
WORKER_PROGRESS slice=w0 done=99400 of=295753 best=2
WORKER_PROGRESS slice=w0 done=99500 of=295753 best=2
WORKER_PROGRESS slice=w0 done=99600 of=295753 best=2
WORKER_PROGRESS slice=w0 done=99700 of=295753 best=2
WORKER_PROGRESS slice=w0 done=99800 of=295753 best=2
WORKER_PROGRESS slice=w0 done=99900 of=295753 best=2
WORKER_PROGRESS slice=w0 done=100000 of=295753 best=2
WORKER_PROGRESS slice=w0 done=100100 of=295753 best=2
WORKER_PROGRESS slice=w0 done=100200 of=295753 best=2
WORKER_PROGRESS slice=w0 done=100300 of=295753 best=2
WORKER_PROGRESS slice=w0 done=100400 of=295753 best=2
WORKER_PROGRESS slice=w0 done=100500 of=295753 best=2
WORKER_PROGRESS slice=w0 done=100600 of=295753 best=2
WORKER_PROGRESS slice=w0 done=100700 of=295753 best=2
WORKER_PROGRESS slice=w0 done=100800 of=295753 best=2
WORKER_PROGRESS slice=w0 done=100900 of=295753 best=2
WORKER_PROGRESS slice=w0 done=101000 of=295753 best=2
WORKER_PROGRESS slice=w0 done=101100 of=295753 best=2
WORKER_PROGRESS slice=w0 done=101200 of=295753 best=2
WORKER_PROGRESS slice=w0 done=101300 of=295753 best=2
WORKER_PROGRESS slice=w0 done=101400 of=295753 best=2
WORKER_PROGRESS slice=w0 done=101500 of=295753 best=2
WORKER_PROGRESS slice=w0 done=101600 of=295753 best=2
WORKER_PROGRESS slice=w0 done=101700 of=295753 best=2
WORKER_PROGRESS slice=w0 done=101800 of=295753 best=2
WORKER_PROGRESS slice=w0 done=101900 of=295753 best=2
WORKER_PROGRESS slice=w0 done=102000 of=295753 best=2
WORKER_PROGRESS slice=w0 done=102100 of=295753 best=2
WORKER_PROGRESS slice=w0 done=102200 of=295753 best=2
WORKER_PROGRESS slice=w0 done=102300 of=295753 best=2
WORKER_PROGRESS slice=w0 done=102400 of=295753 best=2
WORKER_PROGRESS slice=w0 done=102500 of=295753 best=2
WORKER_PROGRESS slice=w0 done=102600 of=295753 best=2
WORKER_PROGRESS slice=w0 done=102700 of=295753 best=2
WORKER_PROGRESS slice=w0 done=102800 of=295753 best=2
WORKER_PROGRESS slice=w0 done=102900 of=295753 best=2
WORKER_PROGRESS slice=w0 done=103000 of=295753 best=2
WORKER_PROGRESS slice=w0 done=103100 of=295753 best=2
WORKER_PROGRESS slice=w0 done=103200 of=295753 best=2
WORKER_PROGRESS slice=w0 done=103300 of=295753 best=2
WORKER_PROGRESS slice=w0 done=103400 of=295753 best=2
WORKER_PROGRESS slice=w0 done=103500 of=295753 best=2
WORKER_PROGRESS slice=w0 done=103600 of=295753 best=2
WORKER_PROGRESS slice=w0 done=103700 of=295753 best=2
WORKER_PROGRESS slice=w0 done=103800 of=295753 best=2
WORKER_PROGRESS slice=w0 done=103900 of=295753 best=2
WORKER_PROGRESS slice=w0 done=104000 of=295753 best=2
WORKER_PROGRESS slice=w0 done=104100 of=295753 best=2
WORKER_PROGRESS slice=w0 done=104200 of=295753 best=2
WORKER_PROGRESS slice=w0 done=104300 of=295753 best=2
WORKER_PROGRESS slice=w0 done=104400 of=295753 best=2
WORKER_PROGRESS slice=w0 done=104500 of=295753 best=2
WORKER_PROGRESS slice=w0 done=104600 of=295753 best=2
WORKER_PROGRESS slice=w0 done=104700 of=295753 best=2
WORKER_PROGRESS slice=w0 done=104800 of=295753 best=2
WORKER_PROGRESS slice=w0 done=104900 of=295753 best=2
WORKER_PROGRESS slice=w0 done=105000 of=295753 best=2
WORKER_PROGRESS slice=w0 done=105100 of=295753 best=2
WORKER_PROGRESS slice=w0 done=105200 of=295753 best=2
WORKER_PROGRESS slice=w0 done=105300 of=295753 best=2
WORKER_PROGRESS slice=w0 done=105400 of=295753 best=2
WORKER_PROGRESS slice=w0 done=105500 of=295753 best=2
WORKER_PROGRESS slice=w0 done=105600 of=295753 best=2
WORKER_PROGRESS slice=w0 done=105700 of=295753 best=2
WORKER_PROGRESS slice=w0 done=105800 of=295753 best=2
WORKER_PROGRESS slice=w0 done=105900 of=295753 best=2
WORKER_PROGRESS slice=w0 done=106000 of=295753 best=2
WORKER_PROGRESS slice=w0 done=106100 of=295753 best=2
WORKER_PROGRESS slice=w0 done=106200 of=295753 best=2
WORKER_PROGRESS slice=w0 done=106300 of=295753 best=2
WORKER_PROGRESS slice=w0 done=106400 of=295753 best=2
WORKER_PROGRESS slice=w0 done=106500 of=295753 best=2
WORKER_PROGRESS slice=w0 done=106600 of=295753 best=2
WORKER_PROGRESS slice=w0 done=106700 of=295753 best=2
WORKER_PROGRESS slice=w0 done=106800 of=295753 best=2
WORKER_PROGRESS slice=w0 done=106900 of=295753 best=2
WORKER_PROGRESS slice=w0 done=107000 of=295753 best=2
WORKER_PROGRESS slice=w0 done=107100 of=295753 best=2
WORKER_PROGRESS slice=w0 done=107200 of=295753 best=2
WORKER_PROGRESS slice=w0 done=107300 of=295753 best=2
WORKER_PROGRESS slice=w0 done=107400 of=295753 best=2
WORKER_PROGRESS slice=w0 done=107500 of=295753 best=2
WORKER_PROGRESS slice=w0 done=107600 of=295753 best=2
WORKER_PROGRESS slice=w0 done=107700 of=295753 best=2
WORKER_PROGRESS slice=w0 done=107800 of=295753 best=2
WORKER_PROGRESS slice=w0 done=107900 of=295753 best=2
WORKER_PROGRESS slice=w0 done=108000 of=295753 best=2
WORKER_PROGRESS slice=w0 done=108100 of=295753 best=2
WORKER_PROGRESS slice=w0 done=108200 of=295753 best=2
WORKER_PROGRESS slice=w0 done=108300 of=295753 best=2
WORKER_PROGRESS slice=w0 done=108400 of=295753 best=2
WORKER_PROGRESS slice=w0 done=108500 of=295753 best=2
WORKER_PROGRESS slice=w0 done=108600 of=295753 best=2
WORKER_PROGRESS slice=w0 done=108700 of=295753 best=2
WORKER_PROGRESS slice=w0 done=108800 of=295753 best=2
WORKER_PROGRESS slice=w0 done=108900 of=295753 best=2
WORKER_PROGRESS slice=w0 done=109000 of=295753 best=2
WORKER_PROGRESS slice=w0 done=109100 of=295753 best=2
WORKER_PROGRESS slice=w0 done=109200 of=295753 best=2
WORKER_PROGRESS slice=w0 done=109300 of=295753 best=2
WORKER_PROGRESS slice=w0 done=109400 of=295753 best=2
WORKER_PROGRESS slice=w0 done=109500 of=295753 best=2
WORKER_PROGRESS slice=w0 done=109600 of=295753 best=2
WORKER_PROGRESS slice=w0 done=109700 of=295753 best=2
WORKER_PROGRESS slice=w0 done=109800 of=295753 best=2
WORKER_PROGRESS slice=w0 done=109900 of=295753 best=2
WORKER_PROGRESS slice=w0 done=110000 of=295753 best=2
WORKER_PROGRESS slice=w0 done=110100 of=295753 best=2
WORKER_PROGRESS slice=w0 done=110200 of=295753 best=2
WORKER_PROGRESS slice=w0 done=110300 of=295753 best=2
WORKER_PROGRESS slice=w0 done=110400 of=295753 best=2
WORKER_PROGRESS slice=w0 done=110500 of=295753 best=2
WORKER_PROGRESS slice=w0 done=110600 of=295753 best=2
WORKER_PROGRESS slice=w0 done=110700 of=295753 best=2
WORKER_PROGRESS slice=w0 done=110800 of=295753 best=2
WORKER_PROGRESS slice=w0 done=110900 of=295753 best=2
WORKER_PROGRESS slice=w0 done=111000 of=295753 best=2
WORKER_PROGRESS slice=w0 done=111100 of=295753 best=2
WORKER_PROGRESS slice=w0 done=111200 of=295753 best=2
WORKER_PROGRESS slice=w0 done=111300 of=295753 best=2
WORKER_PROGRESS slice=w0 done=111400 of=295753 best=2
WORKER_PROGRESS slice=w0 done=111500 of=295753 best=2
WORKER_PROGRESS slice=w0 done=111600 of=295753 best=2
WORKER_PROGRESS slice=w0 done=111700 of=295753 best=2
WORKER_PROGRESS slice=w0 done=111800 of=295753 best=2
WORKER_PROGRESS slice=w0 done=111900 of=295753 best=2
WORKER_PROGRESS slice=w0 done=112000 of=295753 best=2
WORKER_PROGRESS slice=w0 done=112100 of=295753 best=2
WORKER_PROGRESS slice=w0 done=112200 of=295753 best=2
WORKER_PROGRESS slice=w0 done=112300 of=295753 best=2
WORKER_PROGRESS slice=w0 done=112400 of=295753 best=2
WORKER_PROGRESS slice=w0 done=112500 of=295753 best=2
WORKER_PROGRESS slice=w0 done=112600 of=295753 best=2
WORKER_PROGRESS slice=w0 done=112700 of=295753 best=2
WORKER_PROGRESS slice=w0 done=112800 of=295753 best=2
WORKER_PROGRESS slice=w0 done=112900 of=295753 best=2
WORKER_PROGRESS slice=w0 done=113000 of=295753 best=2
WORKER_PROGRESS slice=w0 done=113100 of=295753 best=2
WORKER_PROGRESS slice=w0 done=113200 of=295753 best=2
WORKER_PROGRESS slice=w0 done=113300 of=295753 best=2
WORKER_PROGRESS slice=w0 done=113400 of=295753 best=2
WORKER_PROGRESS slice=w0 done=113500 of=295753 best=2
WORKER_PROGRESS slice=w0 done=113600 of=295753 best=2
WORKER_PROGRESS slice=w0 done=113700 of=295753 best=2
WORKER_PROGRESS slice=w0 done=113800 of=295753 best=2
WORKER_PROGRESS slice=w0 done=113900 of=295753 best=2
WORKER_PROGRESS slice=w0 done=114000 of=295753 best=2
WORKER_PROGRESS slice=w0 done=114100 of=295753 best=2
WORKER_PROGRESS slice=w0 done=114200 of=295753 best=2
WORKER_PROGRESS slice=w0 done=114300 of=295753 best=2
WORKER_PROGRESS slice=w0 done=114400 of=295753 best=2
WORKER_PROGRESS slice=w0 done=114500 of=295753 best=2
WORKER_PROGRESS slice=w0 done=114600 of=295753 best=2
WORKER_PROGRESS slice=w0 done=114700 of=295753 best=2
WORKER_PROGRESS slice=w0 done=114800 of=295753 best=2
WORKER_PROGRESS slice=w0 done=114900 of=295753 best=2
WORKER_PROGRESS slice=w0 done=115000 of=295753 best=2
WORKER_PROGRESS slice=w0 done=115100 of=295753 best=2
WORKER_PROGRESS slice=w0 done=115200 of=295753 best=2
WORKER_PROGRESS slice=w0 done=115300 of=295753 best=2
WORKER_PROGRESS slice=w0 done=115400 of=295753 best=2
WORKER_PROGRESS slice=w0 done=115500 of=295753 best=2
WORKER_PROGRESS slice=w0 done=115600 of=295753 best=2
WORKER_PROGRESS slice=w0 done=115700 of=295753 best=2
WORKER_PROGRESS slice=w0 done=115800 of=295753 best=2
WORKER_PROGRESS slice=w0 done=115900 of=295753 best=2
WORKER_PROGRESS slice=w0 done=116000 of=295753 best=2
WORKER_PROGRESS slice=w0 done=116100 of=295753 best=2
WORKER_PROGRESS slice=w0 done=116200 of=295753 best=2
WORKER_PROGRESS slice=w0 done=116300 of=295753 best=2
WORKER_PROGRESS slice=w0 done=116400 of=295753 best=2
WORKER_PROGRESS slice=w0 done=116500 of=295753 best=2
WORKER_PROGRESS slice=w0 done=116600 of=295753 best=2
WORKER_PROGRESS slice=w0 done=116700 of=295753 best=2
WORKER_PROGRESS slice=w0 done=116800 of=295753 best=2
WORKER_PROGRESS slice=w0 done=116900 of=295753 best=2
WORKER_PROGRESS slice=w0 done=117000 of=295753 best=2
WORKER_PROGRESS slice=w0 done=117100 of=295753 best=2
WORKER_PROGRESS slice=w0 done=117200 of=295753 best=2
WORKER_PROGRESS slice=w0 done=117300 of=295753 best=2
WORKER_PROGRESS slice=w0 done=117400 of=295753 best=2
WORKER_PROGRESS slice=w0 done=117500 of=295753 best=2
WORKER_PROGRESS slice=w0 done=117600 of=295753 best=2
WORKER_PROGRESS slice=w0 done=117700 of=295753 best=2
WORKER_PROGRESS slice=w0 done=117800 of=295753 best=2
WORKER_PROGRESS slice=w0 done=117900 of=295753 best=2
WORKER_PROGRESS slice=w0 done=118000 of=295753 best=2
WORKER_PROGRESS slice=w0 done=118100 of=295753 best=2
WORKER_PROGRESS slice=w0 done=118200 of=295753 best=2
WORKER_PROGRESS slice=w0 done=118300 of=295753 best=2
WORKER_PROGRESS slice=w0 done=118400 of=295753 best=2
WORKER_PROGRESS slice=w0 done=118500 of=295753 best=2
WORKER_PROGRESS slice=w0 done=118600 of=295753 best=2
WORKER_PROGRESS slice=w0 done=118700 of=295753 best=2
WORKER_PROGRESS slice=w0 done=118800 of=295753 best=2
WORKER_PROGRESS slice=w0 done=118900 of=295753 best=2
WORKER_PROGRESS slice=w0 done=119000 of=295753 best=2
WORKER_PROGRESS slice=w0 done=119100 of=295753 best=2
WORKER_PROGRESS slice=w0 done=119200 of=295753 best=2
WORKER_PROGRESS slice=w0 done=119300 of=295753 best=2
WORKER_PROGRESS slice=w0 done=119400 of=295753 best=2
WORKER_PROGRESS slice=w0 done=119500 of=295753 best=2
WORKER_PROGRESS slice=w0 done=119600 of=295753 best=2
WORKER_PROGRESS slice=w0 done=119700 of=295753 best=2
WORKER_PROGRESS slice=w0 done=119800 of=295753 best=2
WORKER_PROGRESS slice=w0 done=119900 of=295753 best=2
WORKER_PROGRESS slice=w0 done=120000 of=295753 best=2
WORKER_PROGRESS slice=w0 done=120100 of=295753 best=2
WORKER_PROGRESS slice=w0 done=120200 of=295753 best=2
WORKER_PROGRESS slice=w0 done=120300 of=295753 best=2
WORKER_PROGRESS slice=w0 done=120400 of=295753 best=2
WORKER_PROGRESS slice=w0 done=120500 of=295753 best=2
WORKER_PROGRESS slice=w0 done=120600 of=295753 best=2
WORKER_PROGRESS slice=w0 done=120700 of=295753 best=2
WORKER_PROGRESS slice=w0 done=120800 of=295753 best=2
WORKER_PROGRESS slice=w0 done=120900 of=295753 best=2
WORKER_PROGRESS slice=w0 done=121000 of=295753 best=2
WORKER_PROGRESS slice=w0 done=121100 of=295753 best=2
WORKER_PROGRESS slice=w0 done=121200 of=295753 best=2
WORKER_PROGRESS slice=w0 done=121300 of=295753 best=2
WORKER_PROGRESS slice=w0 done=121400 of=295753 best=2
WORKER_PROGRESS slice=w0 done=121500 of=295753 best=2
WORKER_PROGRESS slice=w0 done=121600 of=295753 best=2
WORKER_PROGRESS slice=w0 done=121700 of=295753 best=2
WORKER_PROGRESS slice=w0 done=121800 of=295753 best=2
WORKER_PROGRESS slice=w0 done=121900 of=295753 best=2
WORKER_PROGRESS slice=w0 done=122000 of=295753 best=2
WORKER_PROGRESS slice=w0 done=122100 of=295753 best=2
WORKER_PROGRESS slice=w0 done=122200 of=295753 best=2
WORKER_PROGRESS slice=w0 done=122300 of=295753 best=2
WORKER_PROGRESS slice=w0 done=122400 of=295753 best=2
WORKER_PROGRESS slice=w0 done=122500 of=295753 best=2
WORKER_PROGRESS slice=w0 done=122600 of=295753 best=2
WORKER_PROGRESS slice=w0 done=122700 of=295753 best=2
WORKER_PROGRESS slice=w0 done=122800 of=295753 best=2
WORKER_PROGRESS slice=w0 done=122900 of=295753 best=2
WORKER_PROGRESS slice=w0 done=123000 of=295753 best=2
WORKER_PROGRESS slice=w0 done=123100 of=295753 best=2
WORKER_PROGRESS slice=w0 done=123200 of=295753 best=2
WORKER_PROGRESS slice=w0 done=123300 of=295753 best=2
WORKER_PROGRESS slice=w0 done=123400 of=295753 best=2
WORKER_PROGRESS slice=w0 done=123500 of=295753 best=2
WORKER_PROGRESS slice=w0 done=123600 of=295753 best=2
WORKER_PROGRESS slice=w0 done=123700 of=295753 best=2
WORKER_PROGRESS slice=w0 done=123800 of=295753 best=2
WORKER_PROGRESS slice=w0 done=123900 of=295753 best=2
WORKER_PROGRESS slice=w0 done=124000 of=295753 best=2
WORKER_PROGRESS slice=w0 done=124100 of=295753 best=2
WORKER_PROGRESS slice=w0 done=124200 of=295753 best=2
WORKER_PROGRESS slice=w0 done=124300 of=295753 best=2
WORKER_PROGRESS slice=w0 done=124400 of=295753 best=2
WORKER_PROGRESS slice=w0 done=124500 of=295753 best=2
WORKER_PROGRESS slice=w0 done=124600 of=295753 best=2
WORKER_PROGRESS slice=w0 done=124700 of=295753 best=2
WORKER_PROGRESS slice=w0 done=124800 of=295753 best=2
WORKER_PROGRESS slice=w0 done=124900 of=295753 best=2
WORKER_PROGRESS slice=w0 done=125000 of=295753 best=2
WORKER_PROGRESS slice=w0 done=125100 of=295753 best=2
WORKER_PROGRESS slice=w0 done=125200 of=295753 best=2
WORKER_PROGRESS slice=w0 done=125300 of=295753 best=2
WORKER_PROGRESS slice=w0 done=125400 of=295753 best=2
WORKER_PROGRESS slice=w0 done=125500 of=295753 best=2
WORKER_PROGRESS slice=w0 done=125600 of=295753 best=2
WORKER_PROGRESS slice=w0 done=125700 of=295753 best=2
WORKER_PROGRESS slice=w0 done=125800 of=295753 best=2
WORKER_PROGRESS slice=w0 done=125900 of=295753 best=2
WORKER_PROGRESS slice=w0 done=126000 of=295753 best=2
WORKER_PROGRESS slice=w0 done=126100 of=295753 best=2
WORKER_PROGRESS slice=w0 done=126200 of=295753 best=2
WORKER_PROGRESS slice=w0 done=126300 of=295753 best=2
WORKER_PROGRESS slice=w0 done=126400 of=295753 best=2
WORKER_PROGRESS slice=w0 done=126500 of=295753 best=2
WORKER_PROGRESS slice=w0 done=126600 of=295753 best=2
WORKER_PROGRESS slice=w0 done=126700 of=295753 best=2
WORKER_PROGRESS slice=w0 done=126800 of=295753 best=2
WORKER_PROGRESS slice=w0 done=126900 of=295753 best=2
WORKER_PROGRESS slice=w0 done=127000 of=295753 best=2
WORKER_PROGRESS slice=w0 done=127100 of=295753 best=2
WORKER_PROGRESS slice=w0 done=127200 of=295753 best=2
WORKER_PROGRESS slice=w0 done=127300 of=295753 best=2
WORKER_PROGRESS slice=w0 done=127400 of=295753 best=2
WORKER_PROGRESS slice=w0 done=127500 of=295753 best=2
WORKER_PROGRESS slice=w0 done=127600 of=295753 best=2
WORKER_PROGRESS slice=w0 done=127700 of=295753 best=2
WORKER_PROGRESS slice=w0 done=127800 of=295753 best=2
WORKER_PROGRESS slice=w0 done=127900 of=295753 best=2
WORKER_PROGRESS slice=w0 done=128000 of=295753 best=2
WORKER_PROGRESS slice=w0 done=128100 of=295753 best=2
WORKER_PROGRESS slice=w0 done=128200 of=295753 best=2
WORKER_PROGRESS slice=w0 done=128300 of=295753 best=2
WORKER_PROGRESS slice=w0 done=128400 of=295753 best=2
WORKER_PROGRESS slice=w0 done=128500 of=295753 best=2
WORKER_PROGRESS slice=w0 done=128600 of=295753 best=2
WORKER_PROGRESS slice=w0 done=128700 of=295753 best=2
WORKER_PROGRESS slice=w0 done=128800 of=295753 best=2
WORKER_PROGRESS slice=w0 done=128900 of=295753 best=2
WORKER_PROGRESS slice=w0 done=129000 of=295753 best=2
WORKER_PROGRESS slice=w0 done=129100 of=295753 best=2
WORKER_PROGRESS slice=w0 done=129200 of=295753 best=2
WORKER_PROGRESS slice=w0 done=129300 of=295753 best=2
WORKER_PROGRESS slice=w0 done=129400 of=295753 best=2
WORKER_PROGRESS slice=w0 done=129500 of=295753 best=2
WORKER_PROGRESS slice=w0 done=129600 of=295753 best=2
WORKER_PROGRESS slice=w0 done=129700 of=295753 best=2
WORKER_PROGRESS slice=w0 done=129800 of=295753 best=2
WORKER_PROGRESS slice=w0 done=129900 of=295753 best=2
WORKER_PROGRESS slice=w0 done=130000 of=295753 best=2
WORKER_PROGRESS slice=w0 done=130100 of=295753 best=2
WORKER_PROGRESS slice=w0 done=130200 of=295753 best=2
WORKER_PROGRESS slice=w0 done=130300 of=295753 best=2
WORKER_PROGRESS slice=w0 done=130400 of=295753 best=2
WORKER_PROGRESS slice=w0 done=130500 of=295753 best=2
WORKER_PROGRESS slice=w0 done=130600 of=295753 best=2
WORKER_PROGRESS slice=w0 done=130700 of=295753 best=2
WORKER_PROGRESS slice=w0 done=130800 of=295753 best=2
WORKER_PROGRESS slice=w0 done=130900 of=295753 best=2
WORKER_PROGRESS slice=w0 done=131000 of=295753 best=2
WORKER_PROGRESS slice=w0 done=131100 of=295753 best=2
WORKER_PROGRESS slice=w0 done=131200 of=295753 best=2
WORKER_PROGRESS slice=w0 done=131300 of=295753 best=2
WORKER_PROGRESS slice=w0 done=131400 of=295753 best=2
WORKER_PROGRESS slice=w0 done=131500 of=295753 best=2
WORKER_PROGRESS slice=w0 done=131600 of=295753 best=2
WORKER_PROGRESS slice=w0 done=131700 of=295753 best=2
WORKER_PROGRESS slice=w0 done=131800 of=295753 best=2
WORKER_PROGRESS slice=w0 done=131900 of=295753 best=2
WORKER_PROGRESS slice=w0 done=132000 of=295753 best=2
WORKER_PROGRESS slice=w0 done=132100 of=295753 best=2
WORKER_PROGRESS slice=w0 done=132200 of=295753 best=2
WORKER_PROGRESS slice=w0 done=132300 of=295753 best=2
WORKER_PROGRESS slice=w0 done=132400 of=295753 best=2
WORKER_PROGRESS slice=w0 done=132500 of=295753 best=2
WORKER_PROGRESS slice=w0 done=132600 of=295753 best=2
WORKER_PROGRESS slice=w0 done=132700 of=295753 best=2
WORKER_PROGRESS slice=w0 done=132800 of=295753 best=2
WORKER_PROGRESS slice=w0 done=132900 of=295753 best=2
WORKER_PROGRESS slice=w0 done=133000 of=295753 best=2
WORKER_PROGRESS slice=w0 done=133100 of=295753 best=2
WORKER_PROGRESS slice=w0 done=133200 of=295753 best=2
WORKER_PROGRESS slice=w0 done=133300 of=295753 best=2
WORKER_PROGRESS slice=w0 done=133400 of=295753 best=2
WORKER_PROGRESS slice=w0 done=133500 of=295753 best=2
WORKER_PROGRESS slice=w0 done=133600 of=295753 best=2
WORKER_PROGRESS slice=w0 done=133700 of=295753 best=2
WORKER_PROGRESS slice=w0 done=133800 of=295753 best=2
WORKER_PROGRESS slice=w0 done=133900 of=295753 best=2
WORKER_PROGRESS slice=w0 done=134000 of=295753 best=2
WORKER_PROGRESS slice=w0 done=134100 of=295753 best=2
WORKER_PROGRESS slice=w0 done=134200 of=295753 best=2
WORKER_PROGRESS slice=w0 done=134300 of=295753 best=2
WORKER_PROGRESS slice=w0 done=134400 of=295753 best=2
WORKER_PROGRESS slice=w0 done=134500 of=295753 best=2
WORKER_PROGRESS slice=w0 done=134600 of=295753 best=2
WORKER_PROGRESS slice=w0 done=134700 of=295753 best=2
WORKER_PROGRESS slice=w0 done=134800 of=295753 best=2
WORKER_PROGRESS slice=w0 done=134900 of=295753 best=2
WORKER_PROGRESS slice=w0 done=135000 of=295753 best=2
WORKER_PROGRESS slice=w0 done=135100 of=295753 best=2
WORKER_PROGRESS slice=w0 done=135200 of=295753 best=2
WORKER_PROGRESS slice=w0 done=135300 of=295753 best=2
WORKER_PROGRESS slice=w0 done=135400 of=295753 best=2
WORKER_PROGRESS slice=w0 done=135500 of=295753 best=2
WORKER_PROGRESS slice=w0 done=135600 of=295753 best=2
WORKER_PROGRESS slice=w0 done=135700 of=295753 best=2
WORKER_PROGRESS slice=w0 done=135800 of=295753 best=2
WORKER_PROGRESS slice=w0 done=135900 of=295753 best=2
WORKER_PROGRESS slice=w0 done=136000 of=295753 best=2
WORKER_PROGRESS slice=w0 done=136100 of=295753 best=2
WORKER_PROGRESS slice=w0 done=136200 of=295753 best=2
WORKER_PROGRESS slice=w0 done=136300 of=295753 best=2
WORKER_PROGRESS slice=w0 done=136400 of=295753 best=2
WORKER_PROGRESS slice=w0 done=136500 of=295753 best=2
WORKER_PROGRESS slice=w0 done=136600 of=295753 best=2
WORKER_PROGRESS slice=w0 done=136700 of=295753 best=2
WORKER_PROGRESS slice=w0 done=136800 of=295753 best=2
WORKER_PROGRESS slice=w0 done=136900 of=295753 best=2
WORKER_PROGRESS slice=w0 done=137000 of=295753 best=2
WORKER_PROGRESS slice=w0 done=137100 of=295753 best=2
WORKER_PROGRESS slice=w0 done=137200 of=295753 best=2
WORKER_PROGRESS slice=w0 done=137300 of=295753 best=2
WORKER_PROGRESS slice=w0 done=137400 of=295753 best=2
WORKER_PROGRESS slice=w0 done=137500 of=295753 best=2
WORKER_PROGRESS slice=w0 done=137600 of=295753 best=2
WORKER_PROGRESS slice=w0 done=137700 of=295753 best=2
WORKER_PROGRESS slice=w0 done=137800 of=295753 best=2
WORKER_PROGRESS slice=w0 done=137900 of=295753 best=2
WORKER_PROGRESS slice=w0 done=138000 of=295753 best=2
WORKER_PROGRESS slice=w0 done=138100 of=295753 best=2
WORKER_PROGRESS slice=w0 done=138200 of=295753 best=2
WORKER_PROGRESS slice=w0 done=138300 of=295753 best=2
WORKER_PROGRESS slice=w0 done=138400 of=295753 best=2
WORKER_PROGRESS slice=w0 done=138500 of=295753 best=2
WORKER_PROGRESS slice=w0 done=138600 of=295753 best=2
WORKER_PROGRESS slice=w0 done=138700 of=295753 best=2
WORKER_PROGRESS slice=w0 done=138800 of=295753 best=2
WORKER_PROGRESS slice=w0 done=138900 of=295753 best=2
WORKER_PROGRESS slice=w0 done=139000 of=295753 best=2
WORKER_PROGRESS slice=w0 done=139100 of=295753 best=2
WORKER_PROGRESS slice=w0 done=139200 of=295753 best=2
WORKER_PROGRESS slice=w0 done=139300 of=295753 best=2
WORKER_PROGRESS slice=w0 done=139400 of=295753 best=2
WORKER_PROGRESS slice=w0 done=139500 of=295753 best=2
WORKER_PROGRESS slice=w0 done=139600 of=295753 best=2
WORKER_PROGRESS slice=w0 done=139700 of=295753 best=2
WORKER_PROGRESS slice=w0 done=139800 of=295753 best=2
WORKER_PROGRESS slice=w0 done=139900 of=295753 best=2
WORKER_PROGRESS slice=w0 done=140000 of=295753 best=2
WORKER_PROGRESS slice=w0 done=140100 of=295753 best=2
WORKER_PROGRESS slice=w0 done=140200 of=295753 best=2
WORKER_PROGRESS slice=w0 done=140300 of=295753 best=2
WORKER_PROGRESS slice=w0 done=140400 of=295753 best=2
WORKER_PROGRESS slice=w0 done=140500 of=295753 best=2
WORKER_PROGRESS slice=w0 done=140600 of=295753 best=2
WORKER_PROGRESS slice=w0 done=140700 of=295753 best=2
WORKER_PROGRESS slice=w0 done=140800 of=295753 best=2
WORKER_PROGRESS slice=w0 done=140900 of=295753 best=2
WORKER_PROGRESS slice=w0 done=141000 of=295753 best=2
WORKER_PROGRESS slice=w0 done=141100 of=295753 best=2
WORKER_PROGRESS slice=w0 done=141200 of=295753 best=2
WORKER_PROGRESS slice=w0 done=141300 of=295753 best=2
WORKER_PROGRESS slice=w0 done=141400 of=295753 best=2
WORKER_PROGRESS slice=w0 done=141500 of=295753 best=2
WORKER_PROGRESS slice=w0 done=141600 of=295753 best=2
WORKER_PROGRESS slice=w0 done=141700 of=295753 best=2
WORKER_PROGRESS slice=w0 done=141800 of=295753 best=2
WORKER_PROGRESS slice=w0 done=141900 of=295753 best=2
WORKER_PROGRESS slice=w0 done=142000 of=295753 best=2
WORKER_PROGRESS slice=w0 done=142100 of=295753 best=2
WORKER_PROGRESS slice=w0 done=142200 of=295753 best=2
WORKER_PROGRESS slice=w0 done=142300 of=295753 best=2
WORKER_PROGRESS slice=w0 done=142400 of=295753 best=2
WORKER_PROGRESS slice=w0 done=142500 of=295753 best=2
WORKER_PROGRESS slice=w0 done=142600 of=295753 best=2
WORKER_PROGRESS slice=w0 done=142700 of=295753 best=2
WORKER_PROGRESS slice=w0 done=142800 of=295753 best=2
WORKER_PROGRESS slice=w0 done=142900 of=295753 best=2
WORKER_PROGRESS slice=w0 done=143000 of=295753 best=2
WORKER_PROGRESS slice=w0 done=143100 of=295753 best=2
WORKER_PROGRESS slice=w0 done=143200 of=295753 best=2
WORKER_PROGRESS slice=w0 done=143300 of=295753 best=2
WORKER_PROGRESS slice=w0 done=143400 of=295753 best=2
WORKER_PROGRESS slice=w0 done=143500 of=295753 best=2
WORKER_PROGRESS slice=w0 done=143600 of=295753 best=2
WORKER_PROGRESS slice=w0 done=143700 of=295753 best=2
WORKER_PROGRESS slice=w0 done=143800 of=295753 best=2
WORKER_PROGRESS slice=w0 done=143900 of=295753 best=2
WORKER_PROGRESS slice=w0 done=144000 of=295753 best=2
WORKER_PROGRESS slice=w0 done=144100 of=295753 best=2
WORKER_PROGRESS slice=w0 done=144200 of=295753 best=2
WORKER_PROGRESS slice=w0 done=144300 of=295753 best=2
WORKER_PROGRESS slice=w0 done=144400 of=295753 best=2
WORKER_PROGRESS slice=w0 done=144500 of=295753 best=2
WORKER_PROGRESS slice=w0 done=144600 of=295753 best=2
WORKER_PROGRESS slice=w0 done=144700 of=295753 best=2
WORKER_PROGRESS slice=w0 done=144800 of=295753 best=2
WORKER_PROGRESS slice=w0 done=144900 of=295753 best=2
WORKER_PROGRESS slice=w0 done=145000 of=295753 best=2
WORKER_PROGRESS slice=w0 done=145100 of=295753 best=2
WORKER_PROGRESS slice=w0 done=145200 of=295753 best=2
WORKER_PROGRESS slice=w0 done=145300 of=295753 best=2
WORKER_PROGRESS slice=w0 done=145400 of=295753 best=2
WORKER_PROGRESS slice=w0 done=145500 of=295753 best=2
WORKER_PROGRESS slice=w0 done=145600 of=295753 best=2
WORKER_PROGRESS slice=w0 done=145700 of=295753 best=2
WORKER_PROGRESS slice=w0 done=145800 of=295753 best=2
WORKER_PROGRESS slice=w0 done=145900 of=295753 best=2
WORKER_PROGRESS slice=w0 done=146000 of=295753 best=2
WORKER_PROGRESS slice=w0 done=146100 of=295753 best=2
WORKER_PROGRESS slice=w0 done=146200 of=295753 best=2
WORKER_PROGRESS slice=w0 done=146300 of=295753 best=2
WORKER_PROGRESS slice=w0 done=146400 of=295753 best=2
WORKER_PROGRESS slice=w0 done=146500 of=295753 best=2
WORKER_PROGRESS slice=w0 done=146600 of=295753 best=2
WORKER_PROGRESS slice=w0 done=146700 of=295753 best=2
WORKER_PROGRESS slice=w0 done=146800 of=295753 best=2
WORKER_PROGRESS slice=w0 done=146900 of=295753 best=2
WORKER_PROGRESS slice=w0 done=147000 of=295753 best=2
WORKER_PROGRESS slice=w0 done=147100 of=295753 best=2
WORKER_PROGRESS slice=w0 done=147200 of=295753 best=2
WORKER_PROGRESS slice=w0 done=147300 of=295753 best=2
WORKER_PROGRESS slice=w0 done=147400 of=295753 best=2
WORKER_PROGRESS slice=w0 done=147500 of=295753 best=2
WORKER_PROGRESS slice=w0 done=147600 of=295753 best=2
WORKER_PROGRESS slice=w0 done=147700 of=295753 best=2
WORKER_PROGRESS slice=w0 done=147800 of=295753 best=2
WORKER_PROGRESS slice=w0 done=147900 of=295753 best=2
WORKER_PROGRESS slice=w0 done=148000 of=295753 best=2
WORKER_PROGRESS slice=w0 done=148100 of=295753 best=2
WORKER_PROGRESS slice=w0 done=148200 of=295753 best=2
WORKER_PROGRESS slice=w0 done=148300 of=295753 best=2
WORKER_PROGRESS slice=w0 done=148400 of=295753 best=2
WORKER_PROGRESS slice=w0 done=148500 of=295753 best=2
WORKER_PROGRESS slice=w0 done=148600 of=295753 best=2
WORKER_PROGRESS slice=w0 done=148700 of=295753 best=2
WORKER_PROGRESS slice=w0 done=148800 of=295753 best=2
WORKER_PROGRESS slice=w0 done=148900 of=295753 best=2
WORKER_PROGRESS slice=w0 done=149000 of=295753 best=2
WORKER_PROGRESS slice=w0 done=149100 of=295753 best=2
WORKER_PROGRESS slice=w0 done=149200 of=295753 best=2
WORKER_PROGRESS slice=w0 done=149300 of=295753 best=2
WORKER_PROGRESS slice=w0 done=149400 of=295753 best=2
WORKER_PROGRESS slice=w0 done=149500 of=295753 best=2
WORKER_PROGRESS slice=w0 done=149600 of=295753 best=2
WORKER_PROGRESS slice=w0 done=149700 of=295753 best=2
WORKER_PROGRESS slice=w0 done=149800 of=295753 best=2
WORKER_PROGRESS slice=w0 done=149900 of=295753 best=2
WORKER_PROGRESS slice=w0 done=150000 of=295753 best=2
WORKER_PROGRESS slice=w0 done=150100 of=295753 best=2
WORKER_PROGRESS slice=w0 done=150200 of=295753 best=2
WORKER_PROGRESS slice=w0 done=150300 of=295753 best=2
WORKER_PROGRESS slice=w0 done=150400 of=295753 best=2
WORKER_PROGRESS slice=w0 done=150500 of=295753 best=2
WORKER_PROGRESS slice=w0 done=150600 of=295753 best=2
WORKER_PROGRESS slice=w0 done=150700 of=295753 best=2
WORKER_PROGRESS slice=w0 done=150800 of=295753 best=2
WORKER_PROGRESS slice=w0 done=150900 of=295753 best=2
WORKER_PROGRESS slice=w0 done=151000 of=295753 best=2
WORKER_PROGRESS slice=w0 done=151100 of=295753 best=2
WORKER_PROGRESS slice=w0 done=151200 of=295753 best=2
WORKER_PROGRESS slice=w0 done=151300 of=295753 best=2
WORKER_PROGRESS slice=w0 done=151400 of=295753 best=2
WORKER_PROGRESS slice=w0 done=151500 of=295753 best=2
WORKER_PROGRESS slice=w0 done=151600 of=295753 best=2
WORKER_PROGRESS slice=w0 done=151700 of=295753 best=2
WORKER_PROGRESS slice=w0 done=151800 of=295753 best=2
WORKER_PROGRESS slice=w0 done=151900 of=295753 best=2
WORKER_PROGRESS slice=w0 done=152000 of=295753 best=2
WORKER_PROGRESS slice=w0 done=152100 of=295753 best=2
WORKER_PROGRESS slice=w0 done=152200 of=295753 best=2
WORKER_PROGRESS slice=w0 done=152300 of=295753 best=2
WORKER_PROGRESS slice=w0 done=152400 of=295753 best=2
WORKER_PROGRESS slice=w0 done=152500 of=295753 best=2
WORKER_PROGRESS slice=w0 done=152600 of=295753 best=2
WORKER_PROGRESS slice=w0 done=152700 of=295753 best=2
WORKER_PROGRESS slice=w0 done=152800 of=295753 best=2
WORKER_PROGRESS slice=w0 done=152900 of=295753 best=2
WORKER_PROGRESS slice=w0 done=153000 of=295753 best=2
WORKER_PROGRESS slice=w0 done=153100 of=295753 best=2
WORKER_PROGRESS slice=w0 done=153200 of=295753 best=2
WORKER_PROGRESS slice=w0 done=153300 of=295753 best=2
WORKER_PROGRESS slice=w0 done=153400 of=295753 best=2
WORKER_PROGRESS slice=w0 done=153500 of=295753 best=2
WORKER_PROGRESS slice=w0 done=153600 of=295753 best=2
WORKER_PROGRESS slice=w0 done=153700 of=295753 best=2
WORKER_PROGRESS slice=w0 done=153800 of=295753 best=2
WORKER_PROGRESS slice=w0 done=153900 of=295753 best=2
WORKER_PROGRESS slice=w0 done=154000 of=295753 best=2
WORKER_PROGRESS slice=w0 done=154100 of=295753 best=2
WORKER_PROGRESS slice=w0 done=154200 of=295753 best=2
WORKER_PROGRESS slice=w0 done=154300 of=295753 best=2
WORKER_PROGRESS slice=w0 done=154400 of=295753 best=2
WORKER_PROGRESS slice=w0 done=154500 of=295753 best=2
WORKER_PROGRESS slice=w0 done=154600 of=295753 best=2
WORKER_PROGRESS slice=w0 done=154700 of=295753 best=2
WORKER_PROGRESS slice=w0 done=154800 of=295753 best=2
WORKER_PROGRESS slice=w0 done=154900 of=295753 best=2
WORKER_PROGRESS slice=w0 done=155000 of=295753 best=2
WORKER_PROGRESS slice=w0 done=155100 of=295753 best=2
WORKER_PROGRESS slice=w0 done=155200 of=295753 best=2
WORKER_PROGRESS slice=w0 done=155300 of=295753 best=2
WORKER_PROGRESS slice=w0 done=155400 of=295753 best=2
WORKER_PROGRESS slice=w0 done=155500 of=295753 best=2
WORKER_PROGRESS slice=w0 done=155600 of=295753 best=2
WORKER_PROGRESS slice=w0 done=155700 of=295753 best=2
WORKER_PROGRESS slice=w0 done=155800 of=295753 best=2
WORKER_PROGRESS slice=w0 done=155900 of=295753 best=2
WORKER_PROGRESS slice=w0 done=156000 of=295753 best=2
WORKER_PROGRESS slice=w0 done=156100 of=295753 best=2
WORKER_PROGRESS slice=w0 done=156200 of=295753 best=2
WORKER_PROGRESS slice=w0 done=156300 of=295753 best=2
WORKER_PROGRESS slice=w0 done=156400 of=295753 best=2
WORKER_PROGRESS slice=w0 done=156500 of=295753 best=2
WORKER_PROGRESS slice=w0 done=156600 of=295753 best=2
WORKER_PROGRESS slice=w0 done=156700 of=295753 best=2
WORKER_PROGRESS slice=w0 done=156800 of=295753 best=2
WORKER_PROGRESS slice=w0 done=156900 of=295753 best=2
WORKER_PROGRESS slice=w0 done=157000 of=295753 best=2
WORKER_PROGRESS slice=w0 done=157100 of=295753 best=2
WORKER_PROGRESS slice=w0 done=157200 of=295753 best=2
WORKER_PROGRESS slice=w0 done=157300 of=295753 best=2
WORKER_PROGRESS slice=w0 done=157400 of=295753 best=2
WORKER_PROGRESS slice=w0 done=157500 of=295753 best=2
WORKER_PROGRESS slice=w0 done=157600 of=295753 best=2
WORKER_PROGRESS slice=w0 done=157700 of=295753 best=2
WORKER_PROGRESS slice=w0 done=157800 of=295753 best=2
WORKER_PROGRESS slice=w0 done=157900 of=295753 best=2
WORKER_PROGRESS slice=w0 done=158000 of=295753 best=2
WORKER_PROGRESS slice=w0 done=158100 of=295753 best=2
WORKER_PROGRESS slice=w0 done=158200 of=295753 best=2
WORKER_PROGRESS slice=w0 done=158300 of=295753 best=2
WORKER_PROGRESS slice=w0 done=158400 of=295753 best=2
WORKER_PROGRESS slice=w0 done=158500 of=295753 best=2
WORKER_PROGRESS slice=w0 done=158600 of=295753 best=2
WORKER_PROGRESS slice=w0 done=158700 of=295753 best=2
WORKER_PROGRESS slice=w0 done=158800 of=295753 best=2
WORKER_PROGRESS slice=w0 done=158900 of=295753 best=2
WORKER_PROGRESS slice=w0 done=159000 of=295753 best=2
WORKER_PROGRESS slice=w0 done=159100 of=295753 best=2
WORKER_PROGRESS slice=w0 done=159200 of=295753 best=2
WORKER_PROGRESS slice=w0 done=159300 of=295753 best=2
WORKER_PROGRESS slice=w0 done=159400 of=295753 best=2
WORKER_PROGRESS slice=w0 done=159500 of=295753 best=2
WORKER_PROGRESS slice=w0 done=159600 of=295753 best=2
WORKER_PROGRESS slice=w0 done=159700 of=295753 best=2
WORKER_PROGRESS slice=w0 done=159800 of=295753 best=2
WORKER_PROGRESS slice=w0 done=159900 of=295753 best=2
WORKER_PROGRESS slice=w0 done=160000 of=295753 best=2
WORKER_PROGRESS slice=w0 done=160100 of=295753 best=2
WORKER_PROGRESS slice=w0 done=160200 of=295753 best=2
WORKER_PROGRESS slice=w0 done=160300 of=295753 best=2
WORKER_PROGRESS slice=w0 done=160400 of=295753 best=2
WORKER_PROGRESS slice=w0 done=160500 of=295753 best=2
WORKER_PROGRESS slice=w0 done=160600 of=295753 best=2
WORKER_PROGRESS slice=w0 done=160700 of=295753 best=2
WORKER_PROGRESS slice=w0 done=160800 of=295753 best=2
WORKER_PROGRESS slice=w0 done=160900 of=295753 best=2
WORKER_PROGRESS slice=w0 done=161000 of=295753 best=2
WORKER_PROGRESS slice=w0 done=161100 of=295753 best=2
WORKER_PROGRESS slice=w0 done=161200 of=295753 best=2
WORKER_PROGRESS slice=w0 done=161300 of=295753 best=2
WORKER_PROGRESS slice=w0 done=161400 of=295753 best=2
WORKER_PROGRESS slice=w0 done=161500 of=295753 best=2
WORKER_PROGRESS slice=w0 done=161600 of=295753 best=2
WORKER_PROGRESS slice=w0 done=161700 of=295753 best=2
WORKER_PROGRESS slice=w0 done=161800 of=295753 best=2
WORKER_PROGRESS slice=w0 done=161900 of=295753 best=2
WORKER_PROGRESS slice=w0 done=162000 of=295753 best=2
WORKER_PROGRESS slice=w0 done=162100 of=295753 best=2
WORKER_PROGRESS slice=w0 done=162200 of=295753 best=2
WORKER_PROGRESS slice=w0 done=162300 of=295753 best=2
WORKER_PROGRESS slice=w0 done=162400 of=295753 best=2
WORKER_PROGRESS slice=w0 done=162500 of=295753 best=2
WORKER_PROGRESS slice=w0 done=162600 of=295753 best=2
WORKER_PROGRESS slice=w0 done=162700 of=295753 best=2
WORKER_PROGRESS slice=w0 done=162800 of=295753 best=2
WORKER_PROGRESS slice=w0 done=162900 of=295753 best=2
WORKER_PROGRESS slice=w0 done=163000 of=295753 best=2
WORKER_PROGRESS slice=w0 done=163100 of=295753 best=2
WORKER_PROGRESS slice=w0 done=163200 of=295753 best=2
WORKER_PROGRESS slice=w0 done=163300 of=295753 best=2
WORKER_PROGRESS slice=w0 done=163400 of=295753 best=2
WORKER_PROGRESS slice=w0 done=163500 of=295753 best=2
WORKER_PROGRESS slice=w0 done=163600 of=295753 best=2
WORKER_PROGRESS slice=w0 done=163700 of=295753 best=2
WORKER_PROGRESS slice=w0 done=163800 of=295753 best=2
WORKER_PROGRESS slice=w0 done=163900 of=295753 best=2
WORKER_PROGRESS slice=w0 done=164000 of=295753 best=2
WORKER_PROGRESS slice=w0 done=164100 of=295753 best=2
WORKER_PROGRESS slice=w0 done=164200 of=295753 best=2
WORKER_PROGRESS slice=w0 done=164300 of=295753 best=2
WORKER_PROGRESS slice=w0 done=164400 of=295753 best=2
WORKER_PROGRESS slice=w0 done=164500 of=295753 best=2
WORKER_PROGRESS slice=w0 done=164600 of=295753 best=2
WORKER_PROGRESS slice=w0 done=164700 of=295753 best=2
WORKER_PROGRESS slice=w0 done=164800 of=295753 best=2
WORKER_PROGRESS slice=w0 done=164900 of=295753 best=2
WORKER_PROGRESS slice=w0 done=165000 of=295753 best=2
WORKER_PROGRESS slice=w0 done=165100 of=295753 best=2
WORKER_PROGRESS slice=w0 done=165200 of=295753 best=2
WORKER_PROGRESS slice=w0 done=165300 of=295753 best=2
WORKER_PROGRESS slice=w0 done=165400 of=295753 best=2
WORKER_PROGRESS slice=w0 done=165500 of=295753 best=2
WORKER_PROGRESS slice=w0 done=165600 of=295753 best=2
WORKER_PROGRESS slice=w0 done=165700 of=295753 best=2
WORKER_PROGRESS slice=w0 done=165800 of=295753 best=2
WORKER_PROGRESS slice=w0 done=165900 of=295753 best=2
WORKER_PROGRESS slice=w0 done=166000 of=295753 best=2
WORKER_PROGRESS slice=w0 done=166100 of=295753 best=2
WORKER_PROGRESS slice=w0 done=166200 of=295753 best=2
WORKER_PROGRESS slice=w0 done=166300 of=295753 best=2
WORKER_PROGRESS slice=w0 done=166400 of=295753 best=2
WORKER_PROGRESS slice=w0 done=166500 of=295753 best=2
WORKER_PROGRESS slice=w0 done=166600 of=295753 best=2
WORKER_PROGRESS slice=w0 done=166700 of=295753 best=2
WORKER_PROGRESS slice=w0 done=166800 of=295753 best=2
WORKER_PROGRESS slice=w0 done=166900 of=295753 best=2
WORKER_PROGRESS slice=w0 done=167000 of=295753 best=2
WORKER_PROGRESS slice=w0 done=167100 of=295753 best=2
WORKER_PROGRESS slice=w0 done=167200 of=295753 best=2
WORKER_PROGRESS slice=w0 done=167300 of=295753 best=2
WORKER_PROGRESS slice=w0 done=167400 of=295753 best=2
WORKER_PROGRESS slice=w0 done=167500 of=295753 best=2
WORKER_PROGRESS slice=w0 done=167600 of=295753 best=2
WORKER_PROGRESS slice=w0 done=167700 of=295753 best=2
WORKER_PROGRESS slice=w0 done=167800 of=295753 best=2
WORKER_PROGRESS slice=w0 done=167900 of=295753 best=2
WORKER_PROGRESS slice=w0 done=168000 of=295753 best=2
WORKER_PROGRESS slice=w0 done=168100 of=295753 best=2
WORKER_PROGRESS slice=w0 done=168200 of=295753 best=2
WORKER_PROGRESS slice=w0 done=168300 of=295753 best=2
WORKER_PROGRESS slice=w0 done=168400 of=295753 best=2
WORKER_PROGRESS slice=w0 done=168500 of=295753 best=2
WORKER_PROGRESS slice=w0 done=168600 of=295753 best=2
WORKER_PROGRESS slice=w0 done=168700 of=295753 best=2
WORKER_PROGRESS slice=w0 done=168800 of=295753 best=2
WORKER_PROGRESS slice=w0 done=168900 of=295753 best=2
WORKER_PROGRESS slice=w0 done=169000 of=295753 best=2
WORKER_PROGRESS slice=w0 done=169100 of=295753 best=2
WORKER_PROGRESS slice=w0 done=169200 of=295753 best=2
WORKER_PROGRESS slice=w0 done=169300 of=295753 best=2
WORKER_PROGRESS slice=w0 done=169400 of=295753 best=2
WORKER_PROGRESS slice=w0 done=169500 of=295753 best=2
WORKER_PROGRESS slice=w0 done=169600 of=295753 best=2
WORKER_PROGRESS slice=w0 done=169700 of=295753 best=2
WORKER_PROGRESS slice=w0 done=169800 of=295753 best=2
WORKER_PROGRESS slice=w0 done=169900 of=295753 best=2
WORKER_PROGRESS slice=w0 done=170000 of=295753 best=2
WORKER_PROGRESS slice=w0 done=170100 of=295753 best=2
WORKER_PROGRESS slice=w0 done=170200 of=295753 best=2
WORKER_PROGRESS slice=w0 done=170300 of=295753 best=2
WORKER_PROGRESS slice=w0 done=170400 of=295753 best=2
WORKER_PROGRESS slice=w0 done=170500 of=295753 best=2
WORKER_PROGRESS slice=w0 done=170600 of=295753 best=2
WORKER_PROGRESS slice=w0 done=170700 of=295753 best=2
WORKER_PROGRESS slice=w0 done=170800 of=295753 best=2
WORKER_PROGRESS slice=w0 done=170900 of=295753 best=2
WORKER_PROGRESS slice=w0 done=171000 of=295753 best=2
WORKER_PROGRESS slice=w0 done=171100 of=295753 best=2
WORKER_PROGRESS slice=w0 done=171200 of=295753 best=2
WORKER_PROGRESS slice=w0 done=171300 of=295753 best=2
WORKER_PROGRESS slice=w0 done=171400 of=295753 best=2
WORKER_PROGRESS slice=w0 done=171500 of=295753 best=2
WORKER_PROGRESS slice=w0 done=171600 of=295753 best=2
WORKER_PROGRESS slice=w0 done=171700 of=295753 best=2
WORKER_PROGRESS slice=w0 done=171800 of=295753 best=2
WORKER_PROGRESS slice=w0 done=171900 of=295753 best=2
WORKER_PROGRESS slice=w0 done=172000 of=295753 best=2
WORKER_PROGRESS slice=w0 done=172100 of=295753 best=2
WORKER_PROGRESS slice=w0 done=172200 of=295753 best=2
WORKER_PROGRESS slice=w0 done=172300 of=295753 best=2
WORKER_PROGRESS slice=w0 done=172400 of=295753 best=2
WORKER_PROGRESS slice=w0 done=172500 of=295753 best=2
WORKER_PROGRESS slice=w0 done=172600 of=295753 best=2
WORKER_PROGRESS slice=w0 done=172700 of=295753 best=2
WORKER_PROGRESS slice=w0 done=172800 of=295753 best=2
WORKER_PROGRESS slice=w0 done=172900 of=295753 best=2
WORKER_PROGRESS slice=w0 done=173000 of=295753 best=2
WORKER_PROGRESS slice=w0 done=173100 of=295753 best=2
WORKER_PROGRESS slice=w0 done=173200 of=295753 best=2
WORKER_PROGRESS slice=w0 done=173300 of=295753 best=2
WORKER_PROGRESS slice=w0 done=173400 of=295753 best=2
WORKER_PROGRESS slice=w0 done=173500 of=295753 best=2
WORKER_PROGRESS slice=w0 done=173600 of=295753 best=2
WORKER_PROGRESS slice=w0 done=173700 of=295753 best=2
WORKER_PROGRESS slice=w0 done=173800 of=295753 best=2
WORKER_PROGRESS slice=w0 done=173900 of=295753 best=2
WORKER_PROGRESS slice=w0 done=174000 of=295753 best=2
WORKER_PROGRESS slice=w0 done=174100 of=295753 best=2
WORKER_PROGRESS slice=w0 done=174200 of=295753 best=2
WORKER_PROGRESS slice=w0 done=174300 of=295753 best=2
WORKER_PROGRESS slice=w0 done=174400 of=295753 best=2
WORKER_PROGRESS slice=w0 done=174500 of=295753 best=2
WORKER_PROGRESS slice=w0 done=174600 of=295753 best=2
WORKER_PROGRESS slice=w0 done=174700 of=295753 best=2
WORKER_PROGRESS slice=w0 done=174800 of=295753 best=2
WORKER_PROGRESS slice=w0 done=174900 of=295753 best=2
WORKER_PROGRESS slice=w0 done=175000 of=295753 best=2
WORKER_PROGRESS slice=w0 done=175100 of=295753 best=2
WORKER_PROGRESS slice=w0 done=175200 of=295753 best=2
WORKER_PROGRESS slice=w0 done=175300 of=295753 best=2
WORKER_PROGRESS slice=w0 done=175400 of=295753 best=2
WORKER_PROGRESS slice=w0 done=175500 of=295753 best=2
WORKER_PROGRESS slice=w0 done=175600 of=295753 best=2
WORKER_PROGRESS slice=w0 done=175700 of=295753 best=2
WORKER_PROGRESS slice=w0 done=175800 of=295753 best=2
WORKER_PROGRESS slice=w0 done=175900 of=295753 best=2
WORKER_PROGRESS slice=w0 done=176000 of=295753 best=2
WORKER_PROGRESS slice=w0 done=176100 of=295753 best=2
WORKER_PROGRESS slice=w0 done=176200 of=295753 best=2
WORKER_PROGRESS slice=w0 done=176300 of=295753 best=2
WORKER_PROGRESS slice=w0 done=176400 of=295753 best=2
WORKER_PROGRESS slice=w0 done=176500 of=295753 best=2
WORKER_PROGRESS slice=w0 done=176600 of=295753 best=2
WORKER_PROGRESS slice=w0 done=176700 of=295753 best=2
WORKER_PROGRESS slice=w0 done=176800 of=295753 best=2
WORKER_PROGRESS slice=w0 done=176900 of=295753 best=2
WORKER_PROGRESS slice=w0 done=177000 of=295753 best=2
WORKER_PROGRESS slice=w0 done=177100 of=295753 best=2
WORKER_PROGRESS slice=w0 done=177200 of=295753 best=2
WORKER_PROGRESS slice=w0 done=177300 of=295753 best=2
WORKER_PROGRESS slice=w0 done=177400 of=295753 best=2
WORKER_PROGRESS slice=w0 done=177500 of=295753 best=2
WORKER_PROGRESS slice=w0 done=177600 of=295753 best=2
WORKER_PROGRESS slice=w0 done=177700 of=295753 best=2
WORKER_PROGRESS slice=w0 done=177800 of=295753 best=2
WORKER_PROGRESS slice=w0 done=177900 of=295753 best=2
WORKER_PROGRESS slice=w0 done=178000 of=295753 best=2
WORKER_PROGRESS slice=w0 done=178100 of=295753 best=2
WORKER_PROGRESS slice=w0 done=178200 of=295753 best=2
WORKER_PROGRESS slice=w0 done=178300 of=295753 best=2
WORKER_PROGRESS slice=w0 done=178400 of=295753 best=2
WORKER_PROGRESS slice=w0 done=178500 of=295753 best=2
WORKER_PROGRESS slice=w0 done=178600 of=295753 best=2
WORKER_PROGRESS slice=w0 done=178700 of=295753 best=2
WORKER_PROGRESS slice=w0 done=178800 of=295753 best=2
WORKER_PROGRESS slice=w0 done=178900 of=295753 best=2
WORKER_PROGRESS slice=w0 done=179000 of=295753 best=2
WORKER_PROGRESS slice=w0 done=179100 of=295753 best=2
WORKER_PROGRESS slice=w0 done=179200 of=295753 best=2
WORKER_PROGRESS slice=w0 done=179300 of=295753 best=2
WORKER_PROGRESS slice=w0 done=179400 of=295753 best=2
WORKER_PROGRESS slice=w0 done=179500 of=295753 best=2
WORKER_PROGRESS slice=w0 done=179600 of=295753 best=2
WORKER_PROGRESS slice=w0 done=179700 of=295753 best=2
WORKER_PROGRESS slice=w0 done=179800 of=295753 best=2
WORKER_PROGRESS slice=w0 done=179900 of=295753 best=2
WORKER_PROGRESS slice=w0 done=180000 of=295753 best=2
WORKER_PROGRESS slice=w0 done=180100 of=295753 best=2
WORKER_PROGRESS slice=w0 done=180200 of=295753 best=2
WORKER_PROGRESS slice=w0 done=180300 of=295753 best=2
WORKER_PROGRESS slice=w0 done=180400 of=295753 best=2
WORKER_PROGRESS slice=w0 done=180500 of=295753 best=2
WORKER_PROGRESS slice=w0 done=180600 of=295753 best=2
WORKER_PROGRESS slice=w0 done=180700 of=295753 best=2
WORKER_PROGRESS slice=w0 done=180800 of=295753 best=2
WORKER_PROGRESS slice=w0 done=180900 of=295753 best=2
WORKER_PROGRESS slice=w0 done=181000 of=295753 best=2
WORKER_PROGRESS slice=w0 done=181100 of=295753 best=2
WORKER_PROGRESS slice=w0 done=181200 of=295753 best=2
WORKER_PROGRESS slice=w0 done=181300 of=295753 best=2
WORKER_PROGRESS slice=w0 done=181400 of=295753 best=2
WORKER_PROGRESS slice=w0 done=181500 of=295753 best=2
WORKER_PROGRESS slice=w0 done=181600 of=295753 best=2
WORKER_PROGRESS slice=w0 done=181700 of=295753 best=2
WORKER_PROGRESS slice=w0 done=181800 of=295753 best=2
WORKER_PROGRESS slice=w0 done=181900 of=295753 best=2
WORKER_PROGRESS slice=w0 done=182000 of=295753 best=2
WORKER_PROGRESS slice=w0 done=182100 of=295753 best=2
WORKER_PROGRESS slice=w0 done=182200 of=295753 best=2
WORKER_PROGRESS slice=w0 done=182300 of=295753 best=2
WORKER_PROGRESS slice=w0 done=182400 of=295753 best=2
WORKER_PROGRESS slice=w0 done=182500 of=295753 best=2
WORKER_PROGRESS slice=w0 done=182600 of=295753 best=2
WORKER_PROGRESS slice=w0 done=182700 of=295753 best=2
WORKER_PROGRESS slice=w0 done=182800 of=295753 best=2
WORKER_PROGRESS slice=w0 done=182900 of=295753 best=2
WORKER_PROGRESS slice=w0 done=183000 of=295753 best=2
WORKER_PROGRESS slice=w0 done=183100 of=295753 best=2
WORKER_PROGRESS slice=w0 done=183200 of=295753 best=2
WORKER_PROGRESS slice=w0 done=183300 of=295753 best=2
WORKER_PROGRESS slice=w0 done=183400 of=295753 best=2
WORKER_PROGRESS slice=w0 done=183500 of=295753 best=2
WORKER_PROGRESS slice=w0 done=183600 of=295753 best=2
WORKER_PROGRESS slice=w0 done=183700 of=295753 best=2
WORKER_PROGRESS slice=w0 done=183800 of=295753 best=2
WORKER_PROGRESS slice=w0 done=183900 of=295753 best=2
WORKER_PROGRESS slice=w0 done=184000 of=295753 best=2
WORKER_PROGRESS slice=w0 done=184100 of=295753 best=2
WORKER_PROGRESS slice=w0 done=184200 of=295753 best=2
WORKER_PROGRESS slice=w0 done=184300 of=295753 best=2
WORKER_PROGRESS slice=w0 done=184400 of=295753 best=2
WORKER_PROGRESS slice=w0 done=184500 of=295753 best=2
WORKER_PROGRESS slice=w0 done=184600 of=295753 best=2
WORKER_PROGRESS slice=w0 done=184700 of=295753 best=2
WORKER_PROGRESS slice=w0 done=184800 of=295753 best=2
WORKER_PROGRESS slice=w0 done=184900 of=295753 best=2
WORKER_PROGRESS slice=w0 done=185000 of=295753 best=2
WORKER_PROGRESS slice=w0 done=185100 of=295753 best=2
WORKER_PROGRESS slice=w0 done=185200 of=295753 best=2
WORKER_PROGRESS slice=w0 done=185300 of=295753 best=2
WORKER_PROGRESS slice=w0 done=185400 of=295753 best=2
WORKER_PROGRESS slice=w0 done=185500 of=295753 best=2
WORKER_PROGRESS slice=w0 done=185600 of=295753 best=2
WORKER_PROGRESS slice=w0 done=185700 of=295753 best=2
WORKER_PROGRESS slice=w0 done=185800 of=295753 best=2
WORKER_PROGRESS slice=w0 done=185900 of=295753 best=2
WORKER_PROGRESS slice=w0 done=186000 of=295753 best=2
WORKER_PROGRESS slice=w0 done=186100 of=295753 best=2
WORKER_PROGRESS slice=w0 done=186200 of=295753 best=2
WORKER_PROGRESS slice=w0 done=186300 of=295753 best=2
WORKER_PROGRESS slice=w0 done=186400 of=295753 best=2
WORKER_PROGRESS slice=w0 done=186500 of=295753 best=2
WORKER_PROGRESS slice=w0 done=186600 of=295753 best=2
WORKER_PROGRESS slice=w0 done=186700 of=295753 best=2
WORKER_PROGRESS slice=w0 done=186800 of=295753 best=2
WORKER_PROGRESS slice=w0 done=186900 of=295753 best=2
WORKER_PROGRESS slice=w0 done=187000 of=295753 best=2
WORKER_PROGRESS slice=w0 done=187100 of=295753 best=2
WORKER_PROGRESS slice=w0 done=187200 of=295753 best=2
WORKER_PROGRESS slice=w0 done=187300 of=295753 best=2
WORKER_PROGRESS slice=w0 done=187400 of=295753 best=2
WORKER_PROGRESS slice=w0 done=187500 of=295753 best=2
WORKER_PROGRESS slice=w0 done=187600 of=295753 best=2
WORKER_PROGRESS slice=w0 done=187700 of=295753 best=2
WORKER_PROGRESS slice=w0 done=187800 of=295753 best=2
WORKER_PROGRESS slice=w0 done=187900 of=295753 best=2
WORKER_PROGRESS slice=w0 done=188000 of=295753 best=2
WORKER_PROGRESS slice=w0 done=188100 of=295753 best=2
WORKER_PROGRESS slice=w0 done=188200 of=295753 best=2
WORKER_PROGRESS slice=w0 done=188300 of=295753 best=2
WORKER_PROGRESS slice=w0 done=188400 of=295753 best=2
WORKER_PROGRESS slice=w0 done=188500 of=295753 best=2
WORKER_PROGRESS slice=w0 done=188600 of=295753 best=2
WORKER_PROGRESS slice=w0 done=188700 of=295753 best=2
WORKER_PROGRESS slice=w0 done=188800 of=295753 best=2
WORKER_PROGRESS slice=w0 done=188900 of=295753 best=2
WORKER_PROGRESS slice=w0 done=189000 of=295753 best=2
WORKER_PROGRESS slice=w0 done=189100 of=295753 best=2
WORKER_PROGRESS slice=w0 done=189200 of=295753 best=2
WORKER_PROGRESS slice=w0 done=189300 of=295753 best=2
WORKER_PROGRESS slice=w0 done=189400 of=295753 best=2
WORKER_PROGRESS slice=w0 done=189500 of=295753 best=2
WORKER_PROGRESS slice=w0 done=189600 of=295753 best=2
WORKER_PROGRESS slice=w0 done=189700 of=295753 best=2
WORKER_PROGRESS slice=w0 done=189800 of=295753 best=2
WORKER_PROGRESS slice=w0 done=189900 of=295753 best=2
WORKER_PROGRESS slice=w0 done=190000 of=295753 best=2
WORKER_PROGRESS slice=w0 done=190100 of=295753 best=2
WORKER_PROGRESS slice=w0 done=190200 of=295753 best=2
WORKER_PROGRESS slice=w0 done=190300 of=295753 best=2
WORKER_PROGRESS slice=w0 done=190400 of=295753 best=2
WORKER_PROGRESS slice=w0 done=190500 of=295753 best=2
WORKER_PROGRESS slice=w0 done=190600 of=295753 best=2
WORKER_PROGRESS slice=w0 done=190700 of=295753 best=2
WORKER_PROGRESS slice=w0 done=190800 of=295753 best=2
WORKER_PROGRESS slice=w0 done=190900 of=295753 best=2
WORKER_PROGRESS slice=w0 done=191000 of=295753 best=2
WORKER_PROGRESS slice=w0 done=191100 of=295753 best=2
WORKER_PROGRESS slice=w0 done=191200 of=295753 best=2
WORKER_PROGRESS slice=w0 done=191300 of=295753 best=2
WORKER_PROGRESS slice=w0 done=191400 of=295753 best=2
WORKER_PROGRESS slice=w0 done=191500 of=295753 best=2
WORKER_PROGRESS slice=w0 done=191600 of=295753 best=2
WORKER_PROGRESS slice=w0 done=191700 of=295753 best=2
WORKER_PROGRESS slice=w0 done=191800 of=295753 best=2
WORKER_PROGRESS slice=w0 done=191900 of=295753 best=2
WORKER_PROGRESS slice=w0 done=192000 of=295753 best=2
WORKER_PROGRESS slice=w0 done=192100 of=295753 best=2
WORKER_PROGRESS slice=w0 done=192200 of=295753 best=2
WORKER_PROGRESS slice=w0 done=192300 of=295753 best=2
WORKER_PROGRESS slice=w0 done=192400 of=295753 best=2
WORKER_PROGRESS slice=w0 done=192500 of=295753 best=2
WORKER_PROGRESS slice=w0 done=192600 of=295753 best=2
WORKER_PROGRESS slice=w0 done=192700 of=295753 best=2
WORKER_PROGRESS slice=w0 done=192800 of=295753 best=2
WORKER_PROGRESS slice=w0 done=192900 of=295753 best=2
WORKER_PROGRESS slice=w0 done=193000 of=295753 best=2
WORKER_PROGRESS slice=w0 done=193100 of=295753 best=2
WORKER_PROGRESS slice=w0 done=193200 of=295753 best=2
WORKER_PROGRESS slice=w0 done=193300 of=295753 best=2
WORKER_PROGRESS slice=w0 done=193400 of=295753 best=2
WORKER_PROGRESS slice=w0 done=193500 of=295753 best=2
WORKER_PROGRESS slice=w0 done=193600 of=295753 best=2
WORKER_PROGRESS slice=w0 done=193700 of=295753 best=2
WORKER_PROGRESS slice=w0 done=193800 of=295753 best=2
WORKER_PROGRESS slice=w0 done=193900 of=295753 best=2
WORKER_PROGRESS slice=w0 done=194000 of=295753 best=2
WORKER_PROGRESS slice=w0 done=194100 of=295753 best=2
WORKER_PROGRESS slice=w0 done=194200 of=295753 best=2
WORKER_PROGRESS slice=w0 done=194300 of=295753 best=2
WORKER_PROGRESS slice=w0 done=194400 of=295753 best=2
WORKER_PROGRESS slice=w0 done=194500 of=295753 best=2
WORKER_PROGRESS slice=w0 done=194600 of=295753 best=2
WORKER_PROGRESS slice=w0 done=194700 of=295753 best=2
WORKER_PROGRESS slice=w0 done=194800 of=295753 best=2
WORKER_PROGRESS slice=w0 done=194900 of=295753 best=2
WORKER_PROGRESS slice=w0 done=195000 of=295753 best=2
WORKER_PROGRESS slice=w0 done=195100 of=295753 best=2
WORKER_PROGRESS slice=w0 done=195200 of=295753 best=2
WORKER_PROGRESS slice=w0 done=195300 of=295753 best=2
WORKER_PROGRESS slice=w0 done=195400 of=295753 best=2
WORKER_PROGRESS slice=w0 done=195500 of=295753 best=2
WORKER_PROGRESS slice=w0 done=195600 of=295753 best=2
WORKER_PROGRESS slice=w0 done=195700 of=295753 best=2
WORKER_PROGRESS slice=w0 done=195800 of=295753 best=2
WORKER_PROGRESS slice=w0 done=195900 of=295753 best=2
WORKER_PROGRESS slice=w0 done=196000 of=295753 best=2
WORKER_PROGRESS slice=w0 done=196100 of=295753 best=2
WORKER_PROGRESS slice=w0 done=196200 of=295753 best=2
WORKER_PROGRESS slice=w0 done=196300 of=295753 best=2
WORKER_PROGRESS slice=w0 done=196400 of=295753 best=2
WORKER_PROGRESS slice=w0 done=196500 of=295753 best=2
WORKER_PROGRESS slice=w0 done=196600 of=295753 best=2
WORKER_PROGRESS slice=w0 done=196700 of=295753 best=2
WORKER_PROGRESS slice=w0 done=196800 of=295753 best=2
WORKER_PROGRESS slice=w0 done=196900 of=295753 best=2
WORKER_PROGRESS slice=w0 done=197000 of=295753 best=2
WORKER_PROGRESS slice=w0 done=197100 of=295753 best=2
WORKER_PROGRESS slice=w0 done=197200 of=295753 best=2
WORKER_PROGRESS slice=w0 done=197300 of=295753 best=2
WORKER_PROGRESS slice=w0 done=197400 of=295753 best=2
WORKER_PROGRESS slice=w0 done=197500 of=295753 best=2
WORKER_PROGRESS slice=w0 done=197600 of=295753 best=2
WORKER_PROGRESS slice=w0 done=197700 of=295753 best=2
WORKER_PROGRESS slice=w0 done=197800 of=295753 best=2
WORKER_PROGRESS slice=w0 done=197900 of=295753 best=2
WORKER_PROGRESS slice=w0 done=198000 of=295753 best=2
WORKER_PROGRESS slice=w0 done=198100 of=295753 best=2
WORKER_PROGRESS slice=w0 done=198200 of=295753 best=2
WORKER_PROGRESS slice=w0 done=198300 of=295753 best=2
WORKER_PROGRESS slice=w0 done=198400 of=295753 best=2
WORKER_PROGRESS slice=w0 done=198500 of=295753 best=2
WORKER_PROGRESS slice=w0 done=198600 of=295753 best=2
WORKER_PROGRESS slice=w0 done=198700 of=295753 best=2
WORKER_PROGRESS slice=w0 done=198800 of=295753 best=2
WORKER_PROGRESS slice=w0 done=198900 of=295753 best=2
WORKER_PROGRESS slice=w0 done=199000 of=295753 best=2
WORKER_PROGRESS slice=w0 done=199100 of=295753 best=2
WORKER_PROGRESS slice=w0 done=199200 of=295753 best=2
WORKER_PROGRESS slice=w0 done=199300 of=295753 best=2
WORKER_PROGRESS slice=w0 done=199400 of=295753 best=2
WORKER_PROGRESS slice=w0 done=199500 of=295753 best=2
WORKER_PROGRESS slice=w0 done=199600 of=295753 best=2
WORKER_PROGRESS slice=w0 done=199700 of=295753 best=2
WORKER_PROGRESS slice=w0 done=199800 of=295753 best=2
WORKER_PROGRESS slice=w0 done=199900 of=295753 best=2
WORKER_PROGRESS slice=w0 done=200000 of=295753 best=2
WORKER_PROGRESS slice=w0 done=200100 of=295753 best=2
WORKER_PROGRESS slice=w0 done=200200 of=295753 best=2
WORKER_PROGRESS slice=w0 done=200300 of=295753 best=2
WORKER_PROGRESS slice=w0 done=200400 of=295753 best=2
WORKER_PROGRESS slice=w0 done=200500 of=295753 best=2
WORKER_PROGRESS slice=w0 done=200600 of=295753 best=2
WORKER_PROGRESS slice=w0 done=200700 of=295753 best=2
WORKER_PROGRESS slice=w0 done=200800 of=295753 best=2
WORKER_PROGRESS slice=w0 done=200900 of=295753 best=2
WORKER_PROGRESS slice=w0 done=201000 of=295753 best=2
WORKER_PROGRESS slice=w0 done=201100 of=295753 best=2
WORKER_PROGRESS slice=w0 done=201200 of=295753 best=2
WORKER_PROGRESS slice=w0 done=201300 of=295753 best=2
WORKER_PROGRESS slice=w0 done=201400 of=295753 best=2
WORKER_PROGRESS slice=w0 done=201500 of=295753 best=2
WORKER_PROGRESS slice=w0 done=201600 of=295753 best=2
WORKER_PROGRESS slice=w0 done=201700 of=295753 best=2
WORKER_PROGRESS slice=w0 done=201800 of=295753 best=2
WORKER_PROGRESS slice=w0 done=201900 of=295753 best=2
WORKER_PROGRESS slice=w0 done=202000 of=295753 best=2
WORKER_PROGRESS slice=w0 done=202100 of=295753 best=2
WORKER_PROGRESS slice=w0 done=202200 of=295753 best=2
WORKER_PROGRESS slice=w0 done=202300 of=295753 best=2
WORKER_PROGRESS slice=w0 done=202400 of=295753 best=2
WORKER_PROGRESS slice=w0 done=202500 of=295753 best=2
WORKER_PROGRESS slice=w0 done=202600 of=295753 best=2
WORKER_PROGRESS slice=w0 done=202700 of=295753 best=2
WORKER_PROGRESS slice=w0 done=202800 of=295753 best=2
WORKER_PROGRESS slice=w0 done=202900 of=295753 best=2
WORKER_PROGRESS slice=w0 done=203000 of=295753 best=2
WORKER_PROGRESS slice=w0 done=203100 of=295753 best=2
WORKER_PROGRESS slice=w0 done=203200 of=295753 best=2
WORKER_PROGRESS slice=w0 done=203300 of=295753 best=2
WORKER_PROGRESS slice=w0 done=203400 of=295753 best=2
WORKER_PROGRESS slice=w0 done=203500 of=295753 best=2
WORKER_PROGRESS slice=w0 done=203600 of=295753 best=2
WORKER_PROGRESS slice=w0 done=203700 of=295753 best=2
WORKER_PROGRESS slice=w0 done=203800 of=295753 best=2
WORKER_PROGRESS slice=w0 done=203900 of=295753 best=2
WORKER_PROGRESS slice=w0 done=204000 of=295753 best=2
WORKER_PROGRESS slice=w0 done=204100 of=295753 best=2
WORKER_PROGRESS slice=w0 done=204200 of=295753 best=2
WORKER_PROGRESS slice=w0 done=204300 of=295753 best=2
WORKER_PROGRESS slice=w0 done=204400 of=295753 best=2
WORKER_PROGRESS slice=w0 done=204500 of=295753 best=2
WORKER_PROGRESS slice=w0 done=204600 of=295753 best=2
WORKER_PROGRESS slice=w0 done=204700 of=295753 best=2
WORKER_PROGRESS slice=w0 done=204800 of=295753 best=2
WORKER_PROGRESS slice=w0 done=204900 of=295753 best=2
WORKER_PROGRESS slice=w0 done=205000 of=295753 best=2
WORKER_PROGRESS slice=w0 done=205100 of=295753 best=2
WORKER_PROGRESS slice=w0 done=205200 of=295753 best=2
WORKER_PROGRESS slice=w0 done=205300 of=295753 best=2
WORKER_PROGRESS slice=w0 done=205400 of=295753 best=2
WORKER_PROGRESS slice=w0 done=205500 of=295753 best=2
WORKER_PROGRESS slice=w0 done=205600 of=295753 best=2
WORKER_PROGRESS slice=w0 done=205700 of=295753 best=2
WORKER_PROGRESS slice=w0 done=205800 of=295753 best=2
WORKER_PROGRESS slice=w0 done=205900 of=295753 best=2
WORKER_PROGRESS slice=w0 done=206000 of=295753 best=2
WORKER_PROGRESS slice=w0 done=206100 of=295753 best=2
WORKER_PROGRESS slice=w0 done=206200 of=295753 best=2
WORKER_PROGRESS slice=w0 done=206300 of=295753 best=2
WORKER_PROGRESS slice=w0 done=206400 of=295753 best=2
WORKER_PROGRESS slice=w0 done=206500 of=295753 best=2
WORKER_PROGRESS slice=w0 done=206600 of=295753 best=2
WORKER_PROGRESS slice=w0 done=206700 of=295753 best=2
WORKER_PROGRESS slice=w0 done=206800 of=295753 best=2
WORKER_PROGRESS slice=w0 done=206900 of=295753 best=2
WORKER_PROGRESS slice=w0 done=207000 of=295753 best=2
WORKER_PROGRESS slice=w0 done=207100 of=295753 best=2
WORKER_PROGRESS slice=w0 done=207200 of=295753 best=2
WORKER_PROGRESS slice=w0 done=207300 of=295753 best=2
WORKER_PROGRESS slice=w0 done=207400 of=295753 best=2
WORKER_PROGRESS slice=w0 done=207500 of=295753 best=2
WORKER_PROGRESS slice=w0 done=207600 of=295753 best=2
WORKER_PROGRESS slice=w0 done=207700 of=295753 best=2
WORKER_PROGRESS slice=w0 done=207800 of=295753 best=2
WORKER_PROGRESS slice=w0 done=207900 of=295753 best=2
WORKER_PROGRESS slice=w0 done=208000 of=295753 best=2
WORKER_PROGRESS slice=w0 done=208100 of=295753 best=2
WORKER_PROGRESS slice=w0 done=208200 of=295753 best=2
WORKER_PROGRESS slice=w0 done=208300 of=295753 best=2
WORKER_PROGRESS slice=w0 done=208400 of=295753 best=2
WORKER_PROGRESS slice=w0 done=208500 of=295753 best=2
WORKER_PROGRESS slice=w0 done=208600 of=295753 best=2
WORKER_PROGRESS slice=w0 done=208700 of=295753 best=2
WORKER_PROGRESS slice=w0 done=208800 of=295753 best=2
WORKER_PROGRESS slice=w0 done=208900 of=295753 best=2
WORKER_PROGRESS slice=w0 done=209000 of=295753 best=2
WORKER_PROGRESS slice=w0 done=209100 of=295753 best=2
WORKER_PROGRESS slice=w0 done=209200 of=295753 best=2
WORKER_PROGRESS slice=w0 done=209300 of=295753 best=2
WORKER_PROGRESS slice=w0 done=209400 of=295753 best=2
WORKER_PROGRESS slice=w0 done=209500 of=295753 best=2
WORKER_PROGRESS slice=w0 done=209600 of=295753 best=2
WORKER_PROGRESS slice=w0 done=209700 of=295753 best=2
WORKER_PROGRESS slice=w0 done=209800 of=295753 best=2
WORKER_PROGRESS slice=w0 done=209900 of=295753 best=2
WORKER_PROGRESS slice=w0 done=210000 of=295753 best=2
WORKER_PROGRESS slice=w0 done=210100 of=295753 best=2
WORKER_PROGRESS slice=w0 done=210200 of=295753 best=2
WORKER_PROGRESS slice=w0 done=210300 of=295753 best=2
WORKER_PROGRESS slice=w0 done=210400 of=295753 best=2
WORKER_PROGRESS slice=w0 done=210500 of=295753 best=2
WORKER_PROGRESS slice=w0 done=210600 of=295753 best=2
WORKER_PROGRESS slice=w0 done=210700 of=295753 best=2
WORKER_PROGRESS slice=w0 done=210800 of=295753 best=2
WORKER_PROGRESS slice=w0 done=210900 of=295753 best=2
WORKER_PROGRESS slice=w0 done=211000 of=295753 best=2
WORKER_PROGRESS slice=w0 done=211100 of=295753 best=2
WORKER_PROGRESS slice=w0 done=211200 of=295753 best=2
WORKER_PROGRESS slice=w0 done=211300 of=295753 best=2
WORKER_PROGRESS slice=w0 done=211400 of=295753 best=2
WORKER_PROGRESS slice=w0 done=211500 of=295753 best=2
WORKER_PROGRESS slice=w0 done=211600 of=295753 best=2
WORKER_PROGRESS slice=w0 done=211700 of=295753 best=2
WORKER_PROGRESS slice=w0 done=211800 of=295753 best=2
WORKER_PROGRESS slice=w0 done=211900 of=295753 best=2
WORKER_PROGRESS slice=w0 done=212000 of=295753 best=2
WORKER_PROGRESS slice=w0 done=212100 of=295753 best=2
WORKER_PROGRESS slice=w0 done=212200 of=295753 best=2
WORKER_PROGRESS slice=w0 done=212300 of=295753 best=2
WORKER_PROGRESS slice=w0 done=212400 of=295753 best=2
WORKER_PROGRESS slice=w0 done=212500 of=295753 best=2
WORKER_PROGRESS slice=w0 done=212600 of=295753 best=2
WORKER_PROGRESS slice=w0 done=212700 of=295753 best=2
WORKER_PROGRESS slice=w0 done=212800 of=295753 best=2
WORKER_PROGRESS slice=w0 done=212900 of=295753 best=2
WORKER_PROGRESS slice=w0 done=213000 of=295753 best=2
WORKER_PROGRESS slice=w0 done=213100 of=295753 best=2
WORKER_PROGRESS slice=w0 done=213200 of=295753 best=2
WORKER_PROGRESS slice=w0 done=213300 of=295753 best=2
WORKER_PROGRESS slice=w0 done=213400 of=295753 best=2
WORKER_PROGRESS slice=w0 done=213500 of=295753 best=2
WORKER_PROGRESS slice=w0 done=213600 of=295753 best=2
WORKER_PROGRESS slice=w0 done=213700 of=295753 best=2
WORKER_PROGRESS slice=w0 done=213800 of=295753 best=2
WORKER_PROGRESS slice=w0 done=213900 of=295753 best=2
WORKER_PROGRESS slice=w0 done=214000 of=295753 best=2
WORKER_PROGRESS slice=w0 done=214100 of=295753 best=2
WORKER_PROGRESS slice=w0 done=214200 of=295753 best=2
WORKER_PROGRESS slice=w0 done=214300 of=295753 best=2
WORKER_PROGRESS slice=w0 done=214400 of=295753 best=2
WORKER_PROGRESS slice=w0 done=214500 of=295753 best=2
WORKER_PROGRESS slice=w0 done=214600 of=295753 best=2
WORKER_PROGRESS slice=w0 done=214700 of=295753 best=2
WORKER_PROGRESS slice=w0 done=214800 of=295753 best=2
WORKER_PROGRESS slice=w0 done=214900 of=295753 best=2
WORKER_PROGRESS slice=w0 done=215000 of=295753 best=2
WORKER_PROGRESS slice=w0 done=215100 of=295753 best=2
WORKER_PROGRESS slice=w0 done=215200 of=295753 best=2
WORKER_PROGRESS slice=w0 done=215300 of=295753 best=2
WORKER_PROGRESS slice=w0 done=215400 of=295753 best=2
WORKER_PROGRESS slice=w0 done=215500 of=295753 best=2
WORKER_PROGRESS slice=w0 done=215600 of=295753 best=2
WORKER_PROGRESS slice=w0 done=215700 of=295753 best=2
WORKER_PROGRESS slice=w0 done=215800 of=295753 best=2
WORKER_PROGRESS slice=w0 done=215900 of=295753 best=2
WORKER_PROGRESS slice=w0 done=216000 of=295753 best=2
WORKER_PROGRESS slice=w0 done=216100 of=295753 best=2
WORKER_PROGRESS slice=w0 done=216200 of=295753 best=2
WORKER_PROGRESS slice=w0 done=216300 of=295753 best=2
WORKER_PROGRESS slice=w0 done=216400 of=295753 best=2
WORKER_PROGRESS slice=w0 done=216500 of=295753 best=2
WORKER_PROGRESS slice=w0 done=216600 of=295753 best=2
WORKER_PROGRESS slice=w0 done=216700 of=295753 best=2
WORKER_PROGRESS slice=w0 done=216800 of=295753 best=2
WORKER_PROGRESS slice=w0 done=216900 of=295753 best=2
WORKER_PROGRESS slice=w0 done=217000 of=295753 best=2
WORKER_PROGRESS slice=w0 done=217100 of=295753 best=2
WORKER_PROGRESS slice=w0 done=217200 of=295753 best=2
WORKER_PROGRESS slice=w0 done=217300 of=295753 best=2
WORKER_PROGRESS slice=w0 done=217400 of=295753 best=2
WORKER_PROGRESS slice=w0 done=217500 of=295753 best=2
WORKER_PROGRESS slice=w0 done=217600 of=295753 best=2
WORKER_PROGRESS slice=w0 done=217700 of=295753 best=2
WORKER_PROGRESS slice=w0 done=217800 of=295753 best=2
WORKER_PROGRESS slice=w0 done=217900 of=295753 best=2
WORKER_PROGRESS slice=w0 done=218000 of=295753 best=2
WORKER_PROGRESS slice=w0 done=218100 of=295753 best=2
WORKER_PROGRESS slice=w0 done=218200 of=295753 best=2
WORKER_PROGRESS slice=w0 done=218300 of=295753 best=2
WORKER_PROGRESS slice=w0 done=218400 of=295753 best=2
WORKER_PROGRESS slice=w0 done=218500 of=295753 best=2
WORKER_PROGRESS slice=w0 done=218600 of=295753 best=2
WORKER_PROGRESS slice=w0 done=218700 of=295753 best=2
WORKER_PROGRESS slice=w0 done=218800 of=295753 best=2
WORKER_PROGRESS slice=w0 done=218900 of=295753 best=2
WORKER_PROGRESS slice=w0 done=219000 of=295753 best=2
WORKER_PROGRESS slice=w0 done=219100 of=295753 best=2
WORKER_PROGRESS slice=w0 done=219200 of=295753 best=2
WORKER_PROGRESS slice=w0 done=219300 of=295753 best=2
WORKER_PROGRESS slice=w0 done=219400 of=295753 best=2
WORKER_PROGRESS slice=w0 done=219500 of=295753 best=2
WORKER_PROGRESS slice=w0 done=219600 of=295753 best=2
WORKER_PROGRESS slice=w0 done=219700 of=295753 best=2
WORKER_PROGRESS slice=w0 done=219800 of=295753 best=2
WORKER_PROGRESS slice=w0 done=219900 of=295753 best=2
WORKER_PROGRESS slice=w0 done=220000 of=295753 best=2
WORKER_PROGRESS slice=w0 done=220100 of=295753 best=2
WORKER_PROGRESS slice=w0 done=220200 of=295753 best=2
WORKER_PROGRESS slice=w0 done=220300 of=295753 best=2
WORKER_PROGRESS slice=w0 done=220400 of=295753 best=2
WORKER_PROGRESS slice=w0 done=220500 of=295753 best=2
WORKER_PROGRESS slice=w0 done=220600 of=295753 best=2
WORKER_PROGRESS slice=w0 done=220700 of=295753 best=2
WORKER_PROGRESS slice=w0 done=220800 of=295753 best=2
WORKER_PROGRESS slice=w0 done=220900 of=295753 best=2
WORKER_PROGRESS slice=w0 done=221000 of=295753 best=2
WORKER_PROGRESS slice=w0 done=221100 of=295753 best=2
WORKER_PROGRESS slice=w0 done=221200 of=295753 best=2
WORKER_PROGRESS slice=w0 done=221300 of=295753 best=2
WORKER_PROGRESS slice=w0 done=221400 of=295753 best=2
WORKER_PROGRESS slice=w0 done=221500 of=295753 best=2
WORKER_PROGRESS slice=w0 done=221600 of=295753 best=2
WORKER_PROGRESS slice=w0 done=221700 of=295753 best=2
WORKER_PROGRESS slice=w0 done=221800 of=295753 best=2
WORKER_PROGRESS slice=w0 done=221900 of=295753 best=2
WORKER_PROGRESS slice=w0 done=222000 of=295753 best=2
WORKER_PROGRESS slice=w0 done=222100 of=295753 best=2
WORKER_PROGRESS slice=w0 done=222200 of=295753 best=2
WORKER_PROGRESS slice=w0 done=222300 of=295753 best=2
WORKER_PROGRESS slice=w0 done=222400 of=295753 best=2
WORKER_PROGRESS slice=w0 done=222500 of=295753 best=2
WORKER_PROGRESS slice=w0 done=222600 of=295753 best=2
WORKER_PROGRESS slice=w0 done=222700 of=295753 best=2
WORKER_PROGRESS slice=w0 done=222800 of=295753 best=2
WORKER_PROGRESS slice=w0 done=222900 of=295753 best=2
WORKER_PROGRESS slice=w0 done=223000 of=295753 best=2
WORKER_PROGRESS slice=w0 done=223100 of=295753 best=2
WORKER_PROGRESS slice=w0 done=223200 of=295753 best=2
WORKER_PROGRESS slice=w0 done=223300 of=295753 best=2
WORKER_PROGRESS slice=w0 done=223400 of=295753 best=2
WORKER_PROGRESS slice=w0 done=223500 of=295753 best=2
WORKER_PROGRESS slice=w0 done=223600 of=295753 best=2
WORKER_PROGRESS slice=w0 done=223700 of=295753 best=2
WORKER_PROGRESS slice=w0 done=223800 of=295753 best=2
WORKER_PROGRESS slice=w0 done=223900 of=295753 best=2
WORKER_PROGRESS slice=w0 done=224000 of=295753 best=2
WORKER_PROGRESS slice=w0 done=224100 of=295753 best=2
WORKER_PROGRESS slice=w0 done=224200 of=295753 best=2
WORKER_PROGRESS slice=w0 done=224300 of=295753 best=2
WORKER_PROGRESS slice=w0 done=224400 of=295753 best=2
WORKER_PROGRESS slice=w0 done=224500 of=295753 best=2
WORKER_PROGRESS slice=w0 done=224600 of=295753 best=2
WORKER_PROGRESS slice=w0 done=224700 of=295753 best=2
WORKER_PROGRESS slice=w0 done=224800 of=295753 best=2
WORKER_PROGRESS slice=w0 done=224900 of=295753 best=2
WORKER_PROGRESS slice=w0 done=225000 of=295753 best=2
WORKER_PROGRESS slice=w0 done=225100 of=295753 best=2
WORKER_PROGRESS slice=w0 done=225200 of=295753 best=2
WORKER_PROGRESS slice=w0 done=225300 of=295753 best=2
WORKER_PROGRESS slice=w0 done=225400 of=295753 best=2
WORKER_PROGRESS slice=w0 done=225500 of=295753 best=2
WORKER_PROGRESS slice=w0 done=225600 of=295753 best=2
WORKER_PROGRESS slice=w0 done=225700 of=295753 best=2
WORKER_PROGRESS slice=w0 done=225800 of=295753 best=2
WORKER_PROGRESS slice=w0 done=225900 of=295753 best=2
WORKER_PROGRESS slice=w0 done=226000 of=295753 best=2
WORKER_PROGRESS slice=w0 done=226100 of=295753 best=2
WORKER_PROGRESS slice=w0 done=226200 of=295753 best=2
WORKER_PROGRESS slice=w0 done=226300 of=295753 best=2
WORKER_PROGRESS slice=w0 done=226400 of=295753 best=2
WORKER_PROGRESS slice=w0 done=226500 of=295753 best=2
WORKER_PROGRESS slice=w0 done=226600 of=295753 best=2
WORKER_PROGRESS slice=w0 done=226700 of=295753 best=2
WORKER_PROGRESS slice=w0 done=226800 of=295753 best=2
WORKER_PROGRESS slice=w0 done=226900 of=295753 best=2
WORKER_PROGRESS slice=w0 done=227000 of=295753 best=2
WORKER_PROGRESS slice=w0 done=227100 of=295753 best=2
WORKER_PROGRESS slice=w0 done=227200 of=295753 best=2
WORKER_PROGRESS slice=w0 done=227300 of=295753 best=2
WORKER_PROGRESS slice=w0 done=227400 of=295753 best=2
WORKER_PROGRESS slice=w0 done=227500 of=295753 best=2
WORKER_PROGRESS slice=w0 done=227600 of=295753 best=2
WORKER_PROGRESS slice=w0 done=227700 of=295753 best=2
WORKER_PROGRESS slice=w0 done=227800 of=295753 best=2
WORKER_PROGRESS slice=w0 done=227900 of=295753 best=2
WORKER_PROGRESS slice=w0 done=228000 of=295753 best=2
WORKER_PROGRESS slice=w0 done=228100 of=295753 best=2
WORKER_PROGRESS slice=w0 done=228200 of=295753 best=2
WORKER_PROGRESS slice=w0 done=228300 of=295753 best=2
WORKER_PROGRESS slice=w0 done=228400 of=295753 best=2
WORKER_PROGRESS slice=w0 done=228500 of=295753 best=2
WORKER_PROGRESS slice=w0 done=228600 of=295753 best=2
WORKER_PROGRESS slice=w0 done=228700 of=295753 best=2
WORKER_PROGRESS slice=w0 done=228800 of=295753 best=2
WORKER_PROGRESS slice=w0 done=228900 of=295753 best=2
WORKER_PROGRESS slice=w0 done=229000 of=295753 best=2
WORKER_PROGRESS slice=w0 done=229100 of=295753 best=2
WORKER_PROGRESS slice=w0 done=229200 of=295753 best=2
WORKER_PROGRESS slice=w0 done=229300 of=295753 best=2
WORKER_PROGRESS slice=w0 done=229400 of=295753 best=2
WORKER_PROGRESS slice=w0 done=229500 of=295753 best=2
WORKER_PROGRESS slice=w0 done=229600 of=295753 best=2
WORKER_PROGRESS slice=w0 done=229700 of=295753 best=2
WORKER_PROGRESS slice=w0 done=229800 of=295753 best=2
WORKER_PROGRESS slice=w0 done=229900 of=295753 best=2
WORKER_PROGRESS slice=w0 done=230000 of=295753 best=2
WORKER_PROGRESS slice=w0 done=230100 of=295753 best=2
WORKER_PROGRESS slice=w0 done=230200 of=295753 best=2
WORKER_PROGRESS slice=w0 done=230300 of=295753 best=2
WORKER_PROGRESS slice=w0 done=230400 of=295753 best=2
WORKER_PROGRESS slice=w0 done=230500 of=295753 best=2
WORKER_PROGRESS slice=w0 done=230600 of=295753 best=2
WORKER_PROGRESS slice=w0 done=230700 of=295753 best=2
WORKER_PROGRESS slice=w0 done=230800 of=295753 best=2
WORKER_PROGRESS slice=w0 done=230900 of=295753 best=2
WORKER_PROGRESS slice=w0 done=231000 of=295753 best=2
WORKER_PROGRESS slice=w0 done=231100 of=295753 best=2
WORKER_PROGRESS slice=w0 done=231200 of=295753 best=2
WORKER_PROGRESS slice=w0 done=231300 of=295753 best=2
WORKER_PROGRESS slice=w0 done=231400 of=295753 best=2
WORKER_PROGRESS slice=w0 done=231500 of=295753 best=2
WORKER_PROGRESS slice=w0 done=231600 of=295753 best=2
WORKER_PROGRESS slice=w0 done=231700 of=295753 best=2
WORKER_PROGRESS slice=w0 done=231800 of=295753 best=2
WORKER_PROGRESS slice=w0 done=231900 of=295753 best=2
WORKER_PROGRESS slice=w0 done=232000 of=295753 best=2
WORKER_PROGRESS slice=w0 done=232100 of=295753 best=2
WORKER_PROGRESS slice=w0 done=232200 of=295753 best=2
WORKER_PROGRESS slice=w0 done=232300 of=295753 best=2
WORKER_PROGRESS slice=w0 done=232400 of=295753 best=2
WORKER_PROGRESS slice=w0 done=232500 of=295753 best=2
WORKER_PROGRESS slice=w0 done=232600 of=295753 best=2
WORKER_PROGRESS slice=w0 done=232700 of=295753 best=2
WORKER_PROGRESS slice=w0 done=232800 of=295753 best=2
WORKER_PROGRESS slice=w0 done=232900 of=295753 best=2
WORKER_PROGRESS slice=w0 done=233000 of=295753 best=2
WORKER_PROGRESS slice=w0 done=233100 of=295753 best=2
WORKER_PROGRESS slice=w0 done=233200 of=295753 best=2
WORKER_PROGRESS slice=w0 done=233300 of=295753 best=2
WORKER_PROGRESS slice=w0 done=233400 of=295753 best=2
WORKER_PROGRESS slice=w0 done=233500 of=295753 best=2
WORKER_PROGRESS slice=w0 done=233600 of=295753 best=2
WORKER_PROGRESS slice=w0 done=233700 of=295753 best=2
WORKER_PROGRESS slice=w0 done=233800 of=295753 best=2
WORKER_PROGRESS slice=w0 done=233900 of=295753 best=2
WORKER_PROGRESS slice=w0 done=234000 of=295753 best=2
WORKER_PROGRESS slice=w0 done=234100 of=295753 best=2
WORKER_PROGRESS slice=w0 done=234200 of=295753 best=2
WORKER_PROGRESS slice=w0 done=234300 of=295753 best=2
WORKER_PROGRESS slice=w0 done=234400 of=295753 best=2
WORKER_PROGRESS slice=w0 done=234500 of=295753 best=2
WORKER_PROGRESS slice=w0 done=234600 of=295753 best=2
WORKER_PROGRESS slice=w0 done=234700 of=295753 best=2
WORKER_PROGRESS slice=w0 done=234800 of=295753 best=2
WORKER_PROGRESS slice=w0 done=234900 of=295753 best=2
WORKER_PROGRESS slice=w0 done=235000 of=295753 best=2
WORKER_PROGRESS slice=w0 done=235100 of=295753 best=2
WORKER_PROGRESS slice=w0 done=235200 of=295753 best=2
WORKER_PROGRESS slice=w0 done=235300 of=295753 best=2
WORKER_PROGRESS slice=w0 done=235400 of=295753 best=2
WORKER_PROGRESS slice=w0 done=235500 of=295753 best=2
WORKER_PROGRESS slice=w0 done=235600 of=295753 best=2
WORKER_PROGRESS slice=w0 done=235700 of=295753 best=2
WORKER_PROGRESS slice=w0 done=235800 of=295753 best=2
WORKER_PROGRESS slice=w0 done=235900 of=295753 best=2
WORKER_PROGRESS slice=w0 done=236000 of=295753 best=2
WORKER_PROGRESS slice=w0 done=236100 of=295753 best=2
WORKER_PROGRESS slice=w0 done=236200 of=295753 best=2
WORKER_PROGRESS slice=w0 done=236300 of=295753 best=2
WORKER_PROGRESS slice=w0 done=236400 of=295753 best=2
WORKER_PROGRESS slice=w0 done=236500 of=295753 best=2
WORKER_PROGRESS slice=w0 done=236600 of=295753 best=2
WORKER_PROGRESS slice=w0 done=236700 of=295753 best=2
WORKER_PROGRESS slice=w0 done=236800 of=295753 best=2
WORKER_PROGRESS slice=w0 done=236900 of=295753 best=2
WORKER_PROGRESS slice=w0 done=237000 of=295753 best=2
WORKER_PROGRESS slice=w0 done=237100 of=295753 best=2
WORKER_PROGRESS slice=w0 done=237200 of=295753 best=2
WORKER_PROGRESS slice=w0 done=237300 of=295753 best=2
WORKER_PROGRESS slice=w0 done=237400 of=295753 best=2
WORKER_PROGRESS slice=w0 done=237500 of=295753 best=2
WORKER_PROGRESS slice=w0 done=237600 of=295753 best=2
WORKER_PROGRESS slice=w0 done=237700 of=295753 best=2
WORKER_PROGRESS slice=w0 done=237800 of=295753 best=2
WORKER_PROGRESS slice=w0 done=237900 of=295753 best=2
WORKER_PROGRESS slice=w0 done=238000 of=295753 best=2
WORKER_PROGRESS slice=w0 done=238100 of=295753 best=2
WORKER_PROGRESS slice=w0 done=238200 of=295753 best=2
WORKER_PROGRESS slice=w0 done=238300 of=295753 best=2
WORKER_PROGRESS slice=w0 done=238400 of=295753 best=2
WORKER_PROGRESS slice=w0 done=238500 of=295753 best=2
WORKER_PROGRESS slice=w0 done=238600 of=295753 best=2
WORKER_PROGRESS slice=w0 done=238700 of=295753 best=2
WORKER_PROGRESS slice=w0 done=238800 of=295753 best=2
WORKER_PROGRESS slice=w0 done=238900 of=295753 best=2
WORKER_PROGRESS slice=w0 done=239000 of=295753 best=2
WORKER_PROGRESS slice=w0 done=239100 of=295753 best=2
WORKER_PROGRESS slice=w0 done=239200 of=295753 best=2
WORKER_PROGRESS slice=w0 done=239300 of=295753 best=2
WORKER_PROGRESS slice=w0 done=239400 of=295753 best=2
WORKER_PROGRESS slice=w0 done=239500 of=295753 best=2
WORKER_PROGRESS slice=w0 done=239600 of=295753 best=2
WORKER_PROGRESS slice=w0 done=239700 of=295753 best=2
WORKER_PROGRESS slice=w0 done=239800 of=295753 best=2
WORKER_PROGRESS slice=w0 done=239900 of=295753 best=2
WORKER_PROGRESS slice=w0 done=240000 of=295753 best=2
WORKER_PROGRESS slice=w0 done=240100 of=295753 best=2
WORKER_PROGRESS slice=w0 done=240200 of=295753 best=2
WORKER_PROGRESS slice=w0 done=240300 of=295753 best=2
WORKER_PROGRESS slice=w0 done=240400 of=295753 best=2
WORKER_PROGRESS slice=w0 done=240500 of=295753 best=2
WORKER_PROGRESS slice=w0 done=240600 of=295753 best=2
WORKER_PROGRESS slice=w0 done=240700 of=295753 best=2
WORKER_PROGRESS slice=w0 done=240800 of=295753 best=2
WORKER_PROGRESS slice=w0 done=240900 of=295753 best=2
WORKER_PROGRESS slice=w0 done=241000 of=295753 best=2
WORKER_PROGRESS slice=w0 done=241100 of=295753 best=2
WORKER_PROGRESS slice=w0 done=241200 of=295753 best=2
WORKER_PROGRESS slice=w0 done=241300 of=295753 best=2
WORKER_PROGRESS slice=w0 done=241400 of=295753 best=2
WORKER_PROGRESS slice=w0 done=241500 of=295753 best=2
WORKER_PROGRESS slice=w0 done=241600 of=295753 best=2
WORKER_PROGRESS slice=w0 done=241700 of=295753 best=2
WORKER_PROGRESS slice=w0 done=241800 of=295753 best=2
WORKER_PROGRESS slice=w0 done=241900 of=295753 best=2
WORKER_PROGRESS slice=w0 done=242000 of=295753 best=2
WORKER_PROGRESS slice=w0 done=242100 of=295753 best=2
WORKER_PROGRESS slice=w0 done=242200 of=295753 best=2
WORKER_PROGRESS slice=w0 done=242300 of=295753 best=2
WORKER_PROGRESS slice=w0 done=242400 of=295753 best=2
WORKER_PROGRESS slice=w0 done=242500 of=295753 best=2
WORKER_HIT slice=w0 m=102816116283 len=3 confirmed=3
WORKER_PROGRESS slice=w0 done=242600 of=295753 best=3
WORKER_PROGRESS slice=w0 done=242700 of=295753 best=3
WORKER_PROGRESS slice=w0 done=242800 of=295753 best=3
WORKER_PROGRESS slice=w0 done=242900 of=295753 best=3
WORKER_PROGRESS slice=w0 done=243000 of=295753 best=3
WORKER_PROGRESS slice=w0 done=243100 of=295753 best=3
WORKER_PROGRESS slice=w0 done=243200 of=295753 best=3
WORKER_PROGRESS slice=w0 done=243300 of=295753 best=3
WORKER_PROGRESS slice=w0 done=243400 of=295753 best=3
WORKER_PROGRESS slice=w0 done=243500 of=295753 best=3
WORKER_PROGRESS slice=w0 done=243600 of=295753 best=3
WORKER_PROGRESS slice=w0 done=243700 of=295753 best=3
WORKER_PROGRESS slice=w0 done=243800 of=295753 best=3
WORKER_PROGRESS slice=w0 done=243900 of=295753 best=3
WORKER_PROGRESS slice=w0 done=244000 of=295753 best=3
WORKER_PROGRESS slice=w0 done=244100 of=295753 best=3
WORKER_PROGRESS slice=w0 done=244200 of=295753 best=3
WORKER_PROGRESS slice=w0 done=244300 of=295753 best=3
WORKER_PROGRESS slice=w0 done=244400 of=295753 best=3
WORKER_PROGRESS slice=w0 done=244500 of=295753 best=3
WORKER_PROGRESS slice=w0 done=244600 of=295753 best=3
WORKER_PROGRESS slice=w0 done=244700 of=295753 best=3
WORKER_PROGRESS slice=w0 done=244800 of=295753 best=3
WORKER_PROGRESS slice=w0 done=244900 of=295753 best=3
WORKER_PROGRESS slice=w0 done=245000 of=295753 best=3
WORKER_PROGRESS slice=w0 done=245100 of=295753 best=3
WORKER_PROGRESS slice=w0 done=245200 of=295753 best=3
WORKER_PROGRESS slice=w0 done=245300 of=295753 best=3
WORKER_PROGRESS slice=w0 done=245400 of=295753 best=3
WORKER_PROGRESS slice=w0 done=245500 of=295753 best=3
WORKER_PROGRESS slice=w0 done=245600 of=295753 best=3
WORKER_PROGRESS slice=w0 done=245700 of=295753 best=3
WORKER_PROGRESS slice=w0 done=245800 of=295753 best=3
WORKER_PROGRESS slice=w0 done=245900 of=295753 best=3
WORKER_PROGRESS slice=w0 done=246000 of=295753 best=3
WORKER_PROGRESS slice=w0 done=246100 of=295753 best=3
WORKER_PROGRESS slice=w0 done=246200 of=295753 best=3
WORKER_PROGRESS slice=w0 done=246300 of=295753 best=3
WORKER_PROGRESS slice=w0 done=246400 of=295753 best=3
WORKER_PROGRESS slice=w0 done=246500 of=295753 best=3
WORKER_PROGRESS slice=w0 done=246600 of=295753 best=3
WORKER_PROGRESS slice=w0 done=246700 of=295753 best=3
WORKER_PROGRESS slice=w0 done=246800 of=295753 best=3
WORKER_PROGRESS slice=w0 done=246900 of=295753 best=3
WORKER_PROGRESS slice=w0 done=247000 of=295753 best=3
WORKER_PROGRESS slice=w0 done=247100 of=295753 best=3
WORKER_PROGRESS slice=w0 done=247200 of=295753 best=3
WORKER_PROGRESS slice=w0 done=247300 of=295753 best=3
WORKER_PROGRESS slice=w0 done=247400 of=295753 best=3
WORKER_PROGRESS slice=w0 done=247500 of=295753 best=3
WORKER_PROGRESS slice=w0 done=247600 of=295753 best=3
WORKER_PROGRESS slice=w0 done=247700 of=295753 best=3
WORKER_PROGRESS slice=w0 done=247800 of=295753 best=3
WORKER_PROGRESS slice=w0 done=247900 of=295753 best=3
WORKER_PROGRESS slice=w0 done=248000 of=295753 best=3
WORKER_PROGRESS slice=w0 done=248100 of=295753 best=3
WORKER_PROGRESS slice=w0 done=248200 of=295753 best=3
WORKER_PROGRESS slice=w0 done=248300 of=295753 best=3
WORKER_PROGRESS slice=w0 done=248400 of=295753 best=3
WORKER_PROGRESS slice=w0 done=248500 of=295753 best=3
WORKER_PROGRESS slice=w0 done=248600 of=295753 best=3
WORKER_PROGRESS slice=w0 done=248700 of=295753 best=3
WORKER_PROGRESS slice=w0 done=248800 of=295753 best=3
WORKER_PROGRESS slice=w0 done=248900 of=295753 best=3
WORKER_PROGRESS slice=w0 done=249000 of=295753 best=3
WORKER_PROGRESS slice=w0 done=249100 of=295753 best=3
WORKER_PROGRESS slice=w0 done=249200 of=295753 best=3
WORKER_PROGRESS slice=w0 done=249300 of=295753 best=3
WORKER_PROGRESS slice=w0 done=249400 of=295753 best=3
WORKER_PROGRESS slice=w0 done=249500 of=295753 best=3
WORKER_PROGRESS slice=w0 done=249600 of=295753 best=3
WORKER_PROGRESS slice=w0 done=249700 of=295753 best=3
WORKER_PROGRESS slice=w0 done=249800 of=295753 best=3
WORKER_PROGRESS slice=w0 done=249900 of=295753 best=3
WORKER_PROGRESS slice=w0 done=250000 of=295753 best=3
WORKER_PROGRESS slice=w0 done=250100 of=295753 best=3
WORKER_PROGRESS slice=w0 done=250200 of=295753 best=3
WORKER_PROGRESS slice=w0 done=250300 of=295753 best=3
WORKER_PROGRESS slice=w0 done=250400 of=295753 best=3
WORKER_PROGRESS slice=w0 done=250500 of=295753 best=3
WORKER_PROGRESS slice=w0 done=250600 of=295753 best=3
WORKER_PROGRESS slice=w0 done=250700 of=295753 best=3
WORKER_PROGRESS slice=w0 done=250800 of=295753 best=3
WORKER_PROGRESS slice=w0 done=250900 of=295753 best=3
WORKER_PROGRESS slice=w0 done=251000 of=295753 best=3
WORKER_PROGRESS slice=w0 done=251100 of=295753 best=3
WORKER_PROGRESS slice=w0 done=251200 of=295753 best=3
WORKER_PROGRESS slice=w0 done=251300 of=295753 best=3
WORKER_PROGRESS slice=w0 done=251400 of=295753 best=3
WORKER_PROGRESS slice=w0 done=251500 of=295753 best=3
WORKER_PROGRESS slice=w0 done=251600 of=295753 best=3
WORKER_PROGRESS slice=w0 done=251700 of=295753 best=3
WORKER_PROGRESS slice=w0 done=251800 of=295753 best=3
WORKER_PROGRESS slice=w0 done=251900 of=295753 best=3
WORKER_PROGRESS slice=w0 done=252000 of=295753 best=3
WORKER_PROGRESS slice=w0 done=252100 of=295753 best=3
WORKER_PROGRESS slice=w0 done=252200 of=295753 best=3
WORKER_PROGRESS slice=w0 done=252300 of=295753 best=3
WORKER_PROGRESS slice=w0 done=252400 of=295753 best=3
WORKER_PROGRESS slice=w0 done=252500 of=295753 best=3
WORKER_PROGRESS slice=w0 done=252600 of=295753 best=3
WORKER_PROGRESS slice=w0 done=252700 of=295753 best=3
WORKER_PROGRESS slice=w0 done=252800 of=295753 best=3
WORKER_PROGRESS slice=w0 done=252900 of=295753 best=3
WORKER_PROGRESS slice=w0 done=253000 of=295753 best=3
WORKER_PROGRESS slice=w0 done=253100 of=295753 best=3
WORKER_PROGRESS slice=w0 done=253200 of=295753 best=3
WORKER_PROGRESS slice=w0 done=253300 of=295753 best=3
WORKER_PROGRESS slice=w0 done=253400 of=295753 best=3
WORKER_PROGRESS slice=w0 done=253500 of=295753 best=3
WORKER_PROGRESS slice=w0 done=253600 of=295753 best=3
WORKER_PROGRESS slice=w0 done=253700 of=295753 best=3
WORKER_PROGRESS slice=w0 done=253800 of=295753 best=3
WORKER_PROGRESS slice=w0 done=253900 of=295753 best=3
WORKER_PROGRESS slice=w0 done=254000 of=295753 best=3
WORKER_PROGRESS slice=w0 done=254100 of=295753 best=3
WORKER_PROGRESS slice=w0 done=254200 of=295753 best=3
WORKER_PROGRESS slice=w0 done=254300 of=295753 best=3
WORKER_PROGRESS slice=w0 done=254400 of=295753 best=3
WORKER_PROGRESS slice=w0 done=254500 of=295753 best=3
WORKER_PROGRESS slice=w0 done=254600 of=295753 best=3
WORKER_PROGRESS slice=w0 done=254700 of=295753 best=3
WORKER_PROGRESS slice=w0 done=254800 of=295753 best=3
WORKER_PROGRESS slice=w0 done=254900 of=295753 best=3
WORKER_PROGRESS slice=w0 done=255000 of=295753 best=3
WORKER_PROGRESS slice=w0 done=255100 of=295753 best=3
WORKER_PROGRESS slice=w0 done=255200 of=295753 best=3
WORKER_PROGRESS slice=w0 done=255300 of=295753 best=3
WORKER_PROGRESS slice=w0 done=255400 of=295753 best=3
WORKER_PROGRESS slice=w0 done=255500 of=295753 best=3
WORKER_PROGRESS slice=w0 done=255600 of=295753 best=3
WORKER_PROGRESS slice=w0 done=255700 of=295753 best=3
WORKER_PROGRESS slice=w0 done=255800 of=295753 best=3
WORKER_PROGRESS slice=w0 done=255900 of=295753 best=3
WORKER_PROGRESS slice=w0 done=256000 of=295753 best=3
WORKER_PROGRESS slice=w0 done=256100 of=295753 best=3
WORKER_PROGRESS slice=w0 done=256200 of=295753 best=3
WORKER_PROGRESS slice=w0 done=256300 of=295753 best=3
WORKER_PROGRESS slice=w0 done=256400 of=295753 best=3
WORKER_PROGRESS slice=w0 done=256500 of=295753 best=3
WORKER_PROGRESS slice=w0 done=256600 of=295753 best=3
WORKER_PROGRESS slice=w0 done=256700 of=295753 best=3
WORKER_PROGRESS slice=w0 done=256800 of=295753 best=3
WORKER_PROGRESS slice=w0 done=256900 of=295753 best=3
WORKER_PROGRESS slice=w0 done=257000 of=295753 best=3
WORKER_PROGRESS slice=w0 done=257100 of=295753 best=3
WORKER_PROGRESS slice=w0 done=257200 of=295753 best=3
WORKER_PROGRESS slice=w0 done=257300 of=295753 best=3
WORKER_PROGRESS slice=w0 done=257400 of=295753 best=3
WORKER_PROGRESS slice=w0 done=257500 of=295753 best=3
WORKER_PROGRESS slice=w0 done=257600 of=295753 best=3
WORKER_PROGRESS slice=w0 done=257700 of=295753 best=3
WORKER_PROGRESS slice=w0 done=257800 of=295753 best=3
WORKER_PROGRESS slice=w0 done=257900 of=295753 best=3
WORKER_PROGRESS slice=w0 done=258000 of=295753 best=3
WORKER_PROGRESS slice=w0 done=258100 of=295753 best=3
WORKER_PROGRESS slice=w0 done=258200 of=295753 best=3
WORKER_PROGRESS slice=w0 done=258300 of=295753 best=3
WORKER_PROGRESS slice=w0 done=258400 of=295753 best=3
WORKER_PROGRESS slice=w0 done=258500 of=295753 best=3
WORKER_PROGRESS slice=w0 done=258600 of=295753 best=3
WORKER_PROGRESS slice=w0 done=258700 of=295753 best=3
WORKER_PROGRESS slice=w0 done=258800 of=295753 best=3
WORKER_PROGRESS slice=w0 done=258900 of=295753 best=3
WORKER_PROGRESS slice=w0 done=259000 of=295753 best=3
WORKER_PROGRESS slice=w0 done=259100 of=295753 best=3
WORKER_PROGRESS slice=w0 done=259200 of=295753 best=3
WORKER_PROGRESS slice=w0 done=259300 of=295753 best=3
WORKER_PROGRESS slice=w0 done=259400 of=295753 best=3
WORKER_PROGRESS slice=w0 done=259500 of=295753 best=3
WORKER_PROGRESS slice=w0 done=259600 of=295753 best=3
WORKER_PROGRESS slice=w0 done=259700 of=295753 best=3
WORKER_PROGRESS slice=w0 done=259800 of=295753 best=3
WORKER_PROGRESS slice=w0 done=259900 of=295753 best=3
WORKER_PROGRESS slice=w0 done=260000 of=295753 best=3
WORKER_PROGRESS slice=w0 done=260100 of=295753 best=3
WORKER_PROGRESS slice=w0 done=260200 of=295753 best=3
WORKER_PROGRESS slice=w0 done=260300 of=295753 best=3
WORKER_PROGRESS slice=w0 done=260400 of=295753 best=3
WORKER_PROGRESS slice=w0 done=260500 of=295753 best=3
WORKER_PROGRESS slice=w0 done=260600 of=295753 best=3
WORKER_PROGRESS slice=w0 done=260700 of=295753 best=3
WORKER_PROGRESS slice=w0 done=260800 of=295753 best=3
WORKER_PROGRESS slice=w0 done=260900 of=295753 best=3
WORKER_PROGRESS slice=w0 done=261000 of=295753 best=3
WORKER_PROGRESS slice=w0 done=261100 of=295753 best=3
WORKER_PROGRESS slice=w0 done=261200 of=295753 best=3
WORKER_PROGRESS slice=w0 done=261300 of=295753 best=3
WORKER_PROGRESS slice=w0 done=261400 of=295753 best=3
WORKER_PROGRESS slice=w0 done=261500 of=295753 best=3
WORKER_PROGRESS slice=w0 done=261600 of=295753 best=3
WORKER_PROGRESS slice=w0 done=261700 of=295753 best=3
WORKER_PROGRESS slice=w0 done=261800 of=295753 best=3
WORKER_PROGRESS slice=w0 done=261900 of=295753 best=3
WORKER_PROGRESS slice=w0 done=262000 of=295753 best=3
WORKER_PROGRESS slice=w0 done=262100 of=295753 best=3
WORKER_PROGRESS slice=w0 done=262200 of=295753 best=3
WORKER_PROGRESS slice=w0 done=262300 of=295753 best=3
WORKER_PROGRESS slice=w0 done=262400 of=295753 best=3
WORKER_PROGRESS slice=w0 done=262500 of=295753 best=3
WORKER_PROGRESS slice=w0 done=262600 of=295753 best=3
WORKER_PROGRESS slice=w0 done=262700 of=295753 best=3
WORKER_PROGRESS slice=w0 done=262800 of=295753 best=3
WORKER_PROGRESS slice=w0 done=262900 of=295753 best=3
WORKER_PROGRESS slice=w0 done=263000 of=295753 best=3
WORKER_PROGRESS slice=w0 done=263100 of=295753 best=3
WORKER_PROGRESS slice=w0 done=263200 of=295753 best=3
WORKER_PROGRESS slice=w0 done=263300 of=295753 best=3
WORKER_PROGRESS slice=w0 done=263400 of=295753 best=3
WORKER_PROGRESS slice=w0 done=263500 of=295753 best=3
WORKER_PROGRESS slice=w0 done=263600 of=295753 best=3
WORKER_PROGRESS slice=w0 done=263700 of=295753 best=3
WORKER_PROGRESS slice=w0 done=263800 of=295753 best=3
WORKER_PROGRESS slice=w0 done=263900 of=295753 best=3
WORKER_PROGRESS slice=w0 done=264000 of=295753 best=3
WORKER_PROGRESS slice=w0 done=264100 of=295753 best=3
WORKER_PROGRESS slice=w0 done=264200 of=295753 best=3
WORKER_PROGRESS slice=w0 done=264300 of=295753 best=3
WORKER_PROGRESS slice=w0 done=264400 of=295753 best=3
WORKER_PROGRESS slice=w0 done=264500 of=295753 best=3
WORKER_PROGRESS slice=w0 done=264600 of=295753 best=3
WORKER_PROGRESS slice=w0 done=264700 of=295753 best=3
WORKER_PROGRESS slice=w0 done=264800 of=295753 best=3
WORKER_PROGRESS slice=w0 done=264900 of=295753 best=3
WORKER_PROGRESS slice=w0 done=265000 of=295753 best=3
WORKER_PROGRESS slice=w0 done=265100 of=295753 best=3
WORKER_PROGRESS slice=w0 done=265200 of=295753 best=3
WORKER_PROGRESS slice=w0 done=265300 of=295753 best=3
WORKER_PROGRESS slice=w0 done=265400 of=295753 best=3
WORKER_PROGRESS slice=w0 done=265500 of=295753 best=3
WORKER_PROGRESS slice=w0 done=265600 of=295753 best=3
WORKER_PROGRESS slice=w0 done=265700 of=295753 best=3
WORKER_PROGRESS slice=w0 done=265800 of=295753 best=3
WORKER_PROGRESS slice=w0 done=265900 of=295753 best=3
WORKER_PROGRESS slice=w0 done=266000 of=295753 best=3
WORKER_PROGRESS slice=w0 done=266100 of=295753 best=3
WORKER_PROGRESS slice=w0 done=266200 of=295753 best=3
WORKER_PROGRESS slice=w0 done=266300 of=295753 best=3
WORKER_PROGRESS slice=w0 done=266400 of=295753 best=3
WORKER_PROGRESS slice=w0 done=266500 of=295753 best=3
WORKER_PROGRESS slice=w0 done=266600 of=295753 best=3
WORKER_HIT slice=w0 m=102824648327 len=3 confirmed=3
WORKER_PROGRESS slice=w0 done=266700 of=295753 best=3
WORKER_PROGRESS slice=w0 done=266800 of=295753 best=3
WORKER_PROGRESS slice=w0 done=266900 of=295753 best=3
WORKER_PROGRESS slice=w0 done=267000 of=295753 best=3
WORKER_PROGRESS slice=w0 done=267100 of=295753 best=3
WORKER_PROGRESS slice=w0 done=267200 of=295753 best=3
WORKER_PROGRESS slice=w0 done=267300 of=295753 best=3
WORKER_PROGRESS slice=w0 done=267400 of=295753 best=3
WORKER_PROGRESS slice=w0 done=267500 of=295753 best=3
WORKER_PROGRESS slice=w0 done=267600 of=295753 best=3
WORKER_PROGRESS slice=w0 done=267700 of=295753 best=3
WORKER_PROGRESS slice=w0 done=267800 of=295753 best=3
WORKER_PROGRESS slice=w0 done=267900 of=295753 best=3
WORKER_PROGRESS slice=w0 done=268000 of=295753 best=3
WORKER_PROGRESS slice=w0 done=268100 of=295753 best=3
WORKER_PROGRESS slice=w0 done=268200 of=295753 best=3
WORKER_PROGRESS slice=w0 done=268300 of=295753 best=3
WORKER_PROGRESS slice=w0 done=268400 of=295753 best=3
WORKER_PROGRESS slice=w0 done=268500 of=295753 best=3
WORKER_PROGRESS slice=w0 done=268600 of=295753 best=3
WORKER_PROGRESS slice=w0 done=268700 of=295753 best=3
WORKER_PROGRESS slice=w0 done=268800 of=295753 best=3
WORKER_PROGRESS slice=w0 done=268900 of=295753 best=3
WORKER_PROGRESS slice=w0 done=269000 of=295753 best=3
WORKER_PROGRESS slice=w0 done=269100 of=295753 best=3
WORKER_PROGRESS slice=w0 done=269200 of=295753 best=3
WORKER_PROGRESS slice=w0 done=269300 of=295753 best=3
WORKER_PROGRESS slice=w0 done=269400 of=295753 best=3
WORKER_PROGRESS slice=w0 done=269500 of=295753 best=3
WORKER_PROGRESS slice=w0 done=269600 of=295753 best=3
WORKER_PROGRESS slice=w0 done=269700 of=295753 best=3
WORKER_PROGRESS slice=w0 done=269800 of=295753 best=3
WORKER_PROGRESS slice=w0 done=269900 of=295753 best=3
WORKER_PROGRESS slice=w0 done=270000 of=295753 best=3
WORKER_PROGRESS slice=w0 done=270100 of=295753 best=3
WORKER_PROGRESS slice=w0 done=270200 of=295753 best=3
WORKER_PROGRESS slice=w0 done=270300 of=295753 best=3
WORKER_PROGRESS slice=w0 done=270400 of=295753 best=3
WORKER_PROGRESS slice=w0 done=270500 of=295753 best=3
WORKER_PROGRESS slice=w0 done=270600 of=295753 best=3
WORKER_PROGRESS slice=w0 done=270700 of=295753 best=3
WORKER_PROGRESS slice=w0 done=270800 of=295753 best=3
WORKER_PROGRESS slice=w0 done=270900 of=295753 best=3
WORKER_PROGRESS slice=w0 done=271000 of=295753 best=3
WORKER_PROGRESS slice=w0 done=271100 of=295753 best=3
WORKER_PROGRESS slice=w0 done=271200 of=295753 best=3
WORKER_PROGRESS slice=w0 done=271300 of=295753 best=3
WORKER_PROGRESS slice=w0 done=271400 of=295753 best=3
WORKER_PROGRESS slice=w0 done=271500 of=295753 best=3
WORKER_PROGRESS slice=w0 done=271600 of=295753 best=3
WORKER_PROGRESS slice=w0 done=271700 of=295753 best=3
WORKER_PROGRESS slice=w0 done=271800 of=295753 best=3
WORKER_PROGRESS slice=w0 done=271900 of=295753 best=3
WORKER_PROGRESS slice=w0 done=272000 of=295753 best=3
WORKER_PROGRESS slice=w0 done=272100 of=295753 best=3
WORKER_PROGRESS slice=w0 done=272200 of=295753 best=3
WORKER_PROGRESS slice=w0 done=272300 of=295753 best=3
WORKER_PROGRESS slice=w0 done=272400 of=295753 best=3
WORKER_PROGRESS slice=w0 done=272500 of=295753 best=3
WORKER_PROGRESS slice=w0 done=272600 of=295753 best=3
WORKER_PROGRESS slice=w0 done=272700 of=295753 best=3
WORKER_PROGRESS slice=w0 done=272800 of=295753 best=3
WORKER_PROGRESS slice=w0 done=272900 of=295753 best=3
WORKER_PROGRESS slice=w0 done=273000 of=295753 best=3
WORKER_PROGRESS slice=w0 done=273100 of=295753 best=3
WORKER_PROGRESS slice=w0 done=273200 of=295753 best=3
WORKER_PROGRESS slice=w0 done=273300 of=295753 best=3
WORKER_PROGRESS slice=w0 done=273400 of=295753 best=3
WORKER_PROGRESS slice=w0 done=273500 of=295753 best=3
WORKER_PROGRESS slice=w0 done=273600 of=295753 best=3
WORKER_PROGRESS slice=w0 done=273700 of=295753 best=3
WORKER_PROGRESS slice=w0 done=273800 of=295753 best=3
WORKER_PROGRESS slice=w0 done=273900 of=295753 best=3
WORKER_PROGRESS slice=w0 done=274000 of=295753 best=3
WORKER_PROGRESS slice=w0 done=274100 of=295753 best=3
WORKER_PROGRESS slice=w0 done=274200 of=295753 best=3
WORKER_PROGRESS slice=w0 done=274300 of=295753 best=3
WORKER_PROGRESS slice=w0 done=274400 of=295753 best=3
WORKER_PROGRESS slice=w0 done=274500 of=295753 best=3
WORKER_PROGRESS slice=w0 done=274600 of=295753 best=3
WORKER_PROGRESS slice=w0 done=274700 of=295753 best=3
WORKER_PROGRESS slice=w0 done=274800 of=295753 best=3
WORKER_PROGRESS slice=w0 done=274900 of=295753 best=3
WORKER_PROGRESS slice=w0 done=275000 of=295753 best=3
WORKER_PROGRESS slice=w0 done=275100 of=295753 best=3
WORKER_PROGRESS slice=w0 done=275200 of=295753 best=3
WORKER_PROGRESS slice=w0 done=275300 of=295753 best=3
WORKER_PROGRESS slice=w0 done=275400 of=295753 best=3
WORKER_PROGRESS slice=w0 done=275500 of=295753 best=3
WORKER_PROGRESS slice=w0 done=275600 of=295753 best=3
WORKER_PROGRESS slice=w0 done=275700 of=295753 best=3
WORKER_PROGRESS slice=w0 done=275800 of=295753 best=3
WORKER_PROGRESS slice=w0 done=275900 of=295753 best=3
WORKER_PROGRESS slice=w0 done=276000 of=295753 best=3
WORKER_PROGRESS slice=w0 done=276100 of=295753 best=3
WORKER_PROGRESS slice=w0 done=276200 of=295753 best=3
WORKER_PROGRESS slice=w0 done=276300 of=295753 best=3
WORKER_PROGRESS slice=w0 done=276400 of=295753 best=3
WORKER_PROGRESS slice=w0 done=276500 of=295753 best=3
WORKER_PROGRESS slice=w0 done=276600 of=295753 best=3
WORKER_PROGRESS slice=w0 done=276700 of=295753 best=3
WORKER_PROGRESS slice=w0 done=276800 of=295753 best=3
WORKER_PROGRESS slice=w0 done=276900 of=295753 best=3
WORKER_PROGRESS slice=w0 done=277000 of=295753 best=3
WORKER_PROGRESS slice=w0 done=277100 of=295753 best=3
WORKER_PROGRESS slice=w0 done=277200 of=295753 best=3
WORKER_PROGRESS slice=w0 done=277300 of=295753 best=3
WORKER_PROGRESS slice=w0 done=277400 of=295753 best=3
WORKER_PROGRESS slice=w0 done=277500 of=295753 best=3
WORKER_PROGRESS slice=w0 done=277600 of=295753 best=3
WORKER_PROGRESS slice=w0 done=277700 of=295753 best=3
WORKER_PROGRESS slice=w0 done=277800 of=295753 best=3
WORKER_PROGRESS slice=w0 done=277900 of=295753 best=3
WORKER_PROGRESS slice=w0 done=278000 of=295753 best=3
WORKER_PROGRESS slice=w0 done=278100 of=295753 best=3
WORKER_PROGRESS slice=w0 done=278200 of=295753 best=3
WORKER_PROGRESS slice=w0 done=278300 of=295753 best=3
WORKER_PROGRESS slice=w0 done=278400 of=295753 best=3
WORKER_PROGRESS slice=w0 done=278500 of=295753 best=3
WORKER_PROGRESS slice=w0 done=278600 of=295753 best=3
WORKER_PROGRESS slice=w0 done=278700 of=295753 best=3
WORKER_PROGRESS slice=w0 done=278800 of=295753 best=3
WORKER_PROGRESS slice=w0 done=278900 of=295753 best=3
WORKER_PROGRESS slice=w0 done=279000 of=295753 best=3
WORKER_PROGRESS slice=w0 done=279100 of=295753 best=3
WORKER_PROGRESS slice=w0 done=279200 of=295753 best=3
WORKER_PROGRESS slice=w0 done=279300 of=295753 best=3
WORKER_PROGRESS slice=w0 done=279400 of=295753 best=3
WORKER_PROGRESS slice=w0 done=279500 of=295753 best=3
WORKER_PROGRESS slice=w0 done=279600 of=295753 best=3
WORKER_PROGRESS slice=w0 done=279700 of=295753 best=3
WORKER_PROGRESS slice=w0 done=279800 of=295753 best=3
WORKER_PROGRESS slice=w0 done=279900 of=295753 best=3
WORKER_PROGRESS slice=w0 done=280000 of=295753 best=3
WORKER_PROGRESS slice=w0 done=280100 of=295753 best=3
WORKER_PROGRESS slice=w0 done=280200 of=295753 best=3
WORKER_PROGRESS slice=w0 done=280300 of=295753 best=3
WORKER_PROGRESS slice=w0 done=280400 of=295753 best=3
WORKER_PROGRESS slice=w0 done=280500 of=295753 best=3
WORKER_PROGRESS slice=w0 done=280600 of=295753 best=3
WORKER_PROGRESS slice=w0 done=280700 of=295753 best=3
WORKER_PROGRESS slice=w0 done=280800 of=295753 best=3
WORKER_PROGRESS slice=w0 done=280900 of=295753 best=3
WORKER_PROGRESS slice=w0 done=281000 of=295753 best=3
WORKER_PROGRESS slice=w0 done=281100 of=295753 best=3
WORKER_PROGRESS slice=w0 done=281200 of=295753 best=3
WORKER_PROGRESS slice=w0 done=281300 of=295753 best=3
WORKER_PROGRESS slice=w0 done=281400 of=295753 best=3
WORKER_PROGRESS slice=w0 done=281500 of=295753 best=3
WORKER_PROGRESS slice=w0 done=281600 of=295753 best=3
WORKER_PROGRESS slice=w0 done=281700 of=295753 best=3
WORKER_PROGRESS slice=w0 done=281800 of=295753 best=3
WORKER_PROGRESS slice=w0 done=281900 of=295753 best=3
WORKER_PROGRESS slice=w0 done=282000 of=295753 best=3
WORKER_PROGRESS slice=w0 done=282100 of=295753 best=3
WORKER_PROGRESS slice=w0 done=282200 of=295753 best=3
WORKER_PROGRESS slice=w0 done=282300 of=295753 best=3
WORKER_PROGRESS slice=w0 done=282400 of=295753 best=3
WORKER_PROGRESS slice=w0 done=282500 of=295753 best=3
WORKER_PROGRESS slice=w0 done=282600 of=295753 best=3
WORKER_PROGRESS slice=w0 done=282700 of=295753 best=3
WORKER_PROGRESS slice=w0 done=282800 of=295753 best=3
WORKER_PROGRESS slice=w0 done=282900 of=295753 best=3
WORKER_PROGRESS slice=w0 done=283000 of=295753 best=3
WORKER_PROGRESS slice=w0 done=283100 of=295753 best=3
WORKER_PROGRESS slice=w0 done=283200 of=295753 best=3
WORKER_PROGRESS slice=w0 done=283300 of=295753 best=3
WORKER_PROGRESS slice=w0 done=283400 of=295753 best=3
WORKER_PROGRESS slice=w0 done=283500 of=295753 best=3
WORKER_PROGRESS slice=w0 done=283600 of=295753 best=3
WORKER_PROGRESS slice=w0 done=283700 of=295753 best=3
WORKER_PROGRESS slice=w0 done=283800 of=295753 best=3
WORKER_PROGRESS slice=w0 done=283900 of=295753 best=3
WORKER_PROGRESS slice=w0 done=284000 of=295753 best=3
WORKER_PROGRESS slice=w0 done=284100 of=295753 best=3
WORKER_PROGRESS slice=w0 done=284200 of=295753 best=3
WORKER_PROGRESS slice=w0 done=284300 of=295753 best=3
WORKER_PROGRESS slice=w0 done=284400 of=295753 best=3
WORKER_PROGRESS slice=w0 done=284500 of=295753 best=3
WORKER_PROGRESS slice=w0 done=284600 of=295753 best=3
WORKER_PROGRESS slice=w0 done=284700 of=295753 best=3
WORKER_PROGRESS slice=w0 done=284800 of=295753 best=3
WORKER_PROGRESS slice=w0 done=284900 of=295753 best=3
WORKER_PROGRESS slice=w0 done=285000 of=295753 best=3
WORKER_PROGRESS slice=w0 done=285100 of=295753 best=3
WORKER_PROGRESS slice=w0 done=285200 of=295753 best=3
WORKER_PROGRESS slice=w0 done=285300 of=295753 best=3
WORKER_PROGRESS slice=w0 done=285400 of=295753 best=3
WORKER_PROGRESS slice=w0 done=285500 of=295753 best=3
WORKER_PROGRESS slice=w0 done=285600 of=295753 best=3
WORKER_PROGRESS slice=w0 done=285700 of=295753 best=3
WORKER_PROGRESS slice=w0 done=285800 of=295753 best=3
WORKER_PROGRESS slice=w0 done=285900 of=295753 best=3
WORKER_PROGRESS slice=w0 done=286000 of=295753 best=3
WORKER_PROGRESS slice=w0 done=286100 of=295753 best=3
WORKER_PROGRESS slice=w0 done=286200 of=295753 best=3
WORKER_PROGRESS slice=w0 done=286300 of=295753 best=3
WORKER_PROGRESS slice=w0 done=286400 of=295753 best=3
WORKER_PROGRESS slice=w0 done=286500 of=295753 best=3
WORKER_PROGRESS slice=w0 done=286600 of=295753 best=3
WORKER_PROGRESS slice=w0 done=286700 of=295753 best=3
WORKER_PROGRESS slice=w0 done=286800 of=295753 best=3
WORKER_PROGRESS slice=w0 done=286900 of=295753 best=3
WORKER_PROGRESS slice=w0 done=287000 of=295753 best=3
WORKER_PROGRESS slice=w0 done=287100 of=295753 best=3
WORKER_PROGRESS slice=w0 done=287200 of=295753 best=3
WORKER_PROGRESS slice=w0 done=287300 of=295753 best=3
WORKER_PROGRESS slice=w0 done=287400 of=295753 best=3
WORKER_PROGRESS slice=w0 done=287500 of=295753 best=3
WORKER_PROGRESS slice=w0 done=287600 of=295753 best=3
WORKER_PROGRESS slice=w0 done=287700 of=295753 best=3
WORKER_PROGRESS slice=w0 done=287800 of=295753 best=3
WORKER_PROGRESS slice=w0 done=287900 of=295753 best=3
WORKER_PROGRESS slice=w0 done=288000 of=295753 best=3
WORKER_PROGRESS slice=w0 done=288100 of=295753 best=3
WORKER_PROGRESS slice=w0 done=288200 of=295753 best=3
WORKER_PROGRESS slice=w0 done=288300 of=295753 best=3
WORKER_PROGRESS slice=w0 done=288400 of=295753 best=3
WORKER_PROGRESS slice=w0 done=288500 of=295753 best=3
WORKER_PROGRESS slice=w0 done=288600 of=295753 best=3
WORKER_PROGRESS slice=w0 done=288700 of=295753 best=3
WORKER_PROGRESS slice=w0 done=288800 of=295753 best=3
WORKER_PROGRESS slice=w0 done=288900 of=295753 best=3
WORKER_PROGRESS slice=w0 done=289000 of=295753 best=3
WORKER_PROGRESS slice=w0 done=289100 of=295753 best=3
WORKER_PROGRESS slice=w0 done=289200 of=295753 best=3
WORKER_PROGRESS slice=w0 done=289300 of=295753 best=3
WORKER_PROGRESS slice=w0 done=289400 of=295753 best=3
WORKER_PROGRESS slice=w0 done=289500 of=295753 best=3
WORKER_PROGRESS slice=w0 done=289600 of=295753 best=3
WORKER_PROGRESS slice=w0 done=289700 of=295753 best=3
WORKER_PROGRESS slice=w0 done=289800 of=295753 best=3
WORKER_PROGRESS slice=w0 done=289900 of=295753 best=3
WORKER_PROGRESS slice=w0 done=290000 of=295753 best=3
WORKER_PROGRESS slice=w0 done=290100 of=295753 best=3
WORKER_PROGRESS slice=w0 done=290200 of=295753 best=3
WORKER_PROGRESS slice=w0 done=290300 of=295753 best=3
WORKER_PROGRESS slice=w0 done=290400 of=295753 best=3
WORKER_PROGRESS slice=w0 done=290500 of=295753 best=3
WORKER_PROGRESS slice=w0 done=290600 of=295753 best=3
WORKER_PROGRESS slice=w0 done=290700 of=295753 best=3
WORKER_PROGRESS slice=w0 done=290800 of=295753 best=3
WORKER_PROGRESS slice=w0 done=290900 of=295753 best=3
WORKER_PROGRESS slice=w0 done=291000 of=295753 best=3
WORKER_PROGRESS slice=w0 done=291100 of=295753 best=3
WORKER_PROGRESS slice=w0 done=291200 of=295753 best=3
WORKER_PROGRESS slice=w0 done=291300 of=295753 best=3
WORKER_PROGRESS slice=w0 done=291400 of=295753 best=3
WORKER_PROGRESS slice=w0 done=291500 of=295753 best=3
WORKER_PROGRESS slice=w0 done=291600 of=295753 best=3
WORKER_PROGRESS slice=w0 done=291700 of=295753 best=3
WORKER_PROGRESS slice=w0 done=291800 of=295753 best=3
WORKER_PROGRESS slice=w0 done=291900 of=295753 best=3
WORKER_PROGRESS slice=w0 done=292000 of=295753 best=3
WORKER_PROGRESS slice=w0 done=292100 of=295753 best=3
WORKER_PROGRESS slice=w0 done=292200 of=295753 best=3
WORKER_PROGRESS slice=w0 done=292300 of=295753 best=3
WORKER_PROGRESS slice=w0 done=292400 of=295753 best=3
WORKER_PROGRESS slice=w0 done=292500 of=295753 best=3
WORKER_PROGRESS slice=w0 done=292600 of=295753 best=3
WORKER_PROGRESS slice=w0 done=292700 of=295753 best=3
WORKER_PROGRESS slice=w0 done=292800 of=295753 best=3
WORKER_PROGRESS slice=w0 done=292900 of=295753 best=3
WORKER_PROGRESS slice=w0 done=293000 of=295753 best=3
WORKER_PROGRESS slice=w0 done=293100 of=295753 best=3
WORKER_PROGRESS slice=w0 done=293200 of=295753 best=3
WORKER_PROGRESS slice=w0 done=293300 of=295753 best=3
WORKER_PROGRESS slice=w0 done=293400 of=295753 best=3
WORKER_PROGRESS slice=w0 done=293500 of=295753 best=3
WORKER_PROGRESS slice=w0 done=293600 of=295753 best=3
WORKER_PROGRESS slice=w0 done=293700 of=295753 best=3
WORKER_PROGRESS slice=w0 done=293800 of=295753 best=3
WORKER_PROGRESS slice=w0 done=293900 of=295753 best=3
WORKER_PROGRESS slice=w0 done=294000 of=295753 best=3
WORKER_PROGRESS slice=w0 done=294100 of=295753 best=3
WORKER_PROGRESS slice=w0 done=294200 of=295753 best=3
WORKER_PROGRESS slice=w0 done=294300 of=295753 best=3
WORKER_PROGRESS slice=w0 done=294400 of=295753 best=3
WORKER_PROGRESS slice=w0 done=294500 of=295753 best=3
WORKER_PROGRESS slice=w0 done=294600 of=295753 best=3
WORKER_PROGRESS slice=w0 done=294700 of=295753 best=3
WORKER_PROGRESS slice=w0 done=294800 of=295753 best=3
WORKER_PROGRESS slice=w0 done=294900 of=295753 best=3
WORKER_PROGRESS slice=w0 done=295000 of=295753 best=3
WORKER_PROGRESS slice=w0 done=295100 of=295753 best=3
WORKER_PROGRESS slice=w0 done=295200 of=295753 best=3
WORKER_PROGRESS slice=w0 done=295300 of=295753 best=3
WORKER_PROGRESS slice=w0 done=295400 of=295753 best=3
WORKER_PROGRESS slice=w0 done=295500 of=295753 best=3
WORKER_PROGRESS slice=w0 done=295600 of=295753 best=3
WORKER_PROGRESS slice=w0 done=295700 of=295753 best=3
WORKER_DONE slice=w0 examined=295753 best=3 best_m=102816116283
WORKER_HIST slice=w0 0:290933 1:4746 2:72 3:2 4:0 5:0 6:0
========================================
BareMetal Firecracker - Finished Payload
========================================
2026-09-06T21:45:04.286903579 [anonymous-instance:main] Vmm is stopping.
2026-09-06T21:45:04.287155713 [anonymous-instance:main] Killing vCPU threads
2026-09-06T21:45:04.287190257 [anonymous-instance:fc_vcpu 0] Requested a vCPU run with immediate_exit enabled. The operation was skipped
2026-09-06T21:45:04.342508041 [anonymous-instance:main] Firecracker exiting successfully. exit_code=0

