2026-09-05T01:01:09Z tender starting; next range 100315000000, budget 0/60
2026-09-05T05:41:27Z cc-w0 (cmtno59v5009un1nbkj46erav) has stopped -- harvesting
2026-09-05T05:41:30Z   harvested 2990 lines, 1 hits; WORKER_DONE slice=w0 examined=295887 best=3 best_m=100057876825
2026-09-05T05:41:34Z   rebuilding cc-w0 on m=[100315000000,100420000000)
sieving w0: m=[100315000000,100420000000) depth=1000000000
wrote /Users/reza/PycharmProjects/unikernel-c/gmp/results/workers/w0/cc_slice.h: 294898 survivors from 105000000 multipliers (.002808)
Already up to date.
Already up to date.
=== port already built, reusing ===
=== target libgmp.a already built, reusing ===
=== linking cc_worker for slice ===
=== compiling port objects ===
=== compiling app (CPPFLAGS: -I/work/applink) ===
=== linking ===
ld: warning: orphan section `.comment' from `/work/applink/crt0.o' being placed in section `.comment'
ld: warning: orphan section `.rela.got' from `/work/applink/crt0.o' being placed in section `.rela.dyn'
ld: warning: orphan section `.got' from `/work/applink/crt0.o' being placed in section `.got'
ld: warning: orphan section `.got.plt' from `/work/applink/crt0.o' being placed in section `.got.plt'
ld: warning: orphan section `.iplt' from `/work/applink/crt0.o' being placed in section `.iplt'
ld: warning: orphan section `.rela.iplt' from `/work/applink/crt0.o' being placed in section `.rela.dyn'
ld: warning: orphan section `.igot.plt' from `/work/applink/crt0.o' being placed in section `.igot.plt'
ld: warning: orphan section `.rela.text.image_fits_in_ram' from `/work/applink/crt0.o' being placed in section `.rela.dyn'
ld: warning: orphan section `.rela.text.zero_bss' from `/work/applink/crt0.o' being placed in section `.rela.dyn'
ld: warning: orphan section `.rela.text.heap_init' from `/work/applink/crt0.o' being placed in section `.rela.dyn'
ld: warning: orphan section `.rela.text.__gmp_default_allocate' from `/work/applink/crt0.o' being placed in section `.rela.dyn'
ld: warning: orphan section `.rela.text.__init_libc' from `/work/applink/crt0.o' being placed in section `.rela.dyn'
ld: warning: orphan section `.rela.text.libc_start_init' from `/work/applink/crt0.o' being placed in section `.rela.dyn'
ld: warning: orphan section `.rela.text.libc_start_main_stage2' from `/work/applink/crt0.o' being placed in section `.rela.dyn'
ld: warning: orphan section `.rela.text.libc_exit_fini' from `/work/applink/crt0.o' being placed in section `.rela.dyn'
ld: warning: orphan section `.rela.text.exit' from `/work/applink/crt0.o' being placed in section `.rela.dyn'
ld: warning: orphan section `.rela.text.__libc_free' from `/work/applink/crt0.o' being placed in section `.rela.dyn'
ld: warning: orphan section `.rela.text.__malloc_alloc_meta' from `/work/applink/crt0.o' being placed in section `.rela.dyn'
ld: warning: orphan section `.rela.text.__libc_malloc_impl' from `/work/applink/crt0.o' being placed in section `.rela.dyn'
ld: warning: orphan section `.rela.text.__mmap' from `/work/applink/crt0.o' being placed in section `.rela.dyn'
ld: warning: orphan section `.rela.text.__munmap' from `/work/applink/crt0.o' being placed in section `.rela.dyn'
ld: warning: orphan section `.rela.text.printf_core' from `/work/applink/crt0.o' being placed in section `.rela.dyn'
ld: warning: orphan section `.rela.text.static_init_tls' from `/work/applink/crt0.o' being placed in section `.rela.dyn'
ld: warning: orphan section `.rela.text.__syscall_ret' from `/work/applink/crt0.o' being placed in section `.rela.dyn'
ld: warning: orphan section `.rela.text.__lctrans' from `/work/applink/crt0.o' being placed in section `.rela.dyn'
ld: warning: orphan section `.rela.text.__libc_realloc' from `/work/applink/crt0.o' being placed in section `.rela.dyn'
ld: warning: orphan section `.rela.text.__mremap' from `/work/applink/crt0.o' being placed in section `.rela.dyn'
ld: warning: orphan section `.rela.text.__stdio_close' from `/work/applink/crt0.o' being placed in section `.rela.dyn'
ld: warning: orphan section `.rela.text.wcrtomb' from `/work/applink/crt0.o' being placed in section `.rela.dyn'
ld: warning: orphan section `.rela.text.__stdio_exit' from `/work/applink/crt0.o' being placed in section `.rela.dyn'
ld: warning: orphan section `.comment' from `/work/applink/posix_shim.o' being placed in section `.comment'
ld: warning: orphan section `.comment' from `/work/applink/thread_shim.o' being placed in section `.comment'
ld: warning: orphan section `.comment' from `/work/applink/libBareMetal.o' being placed in section `.comment'
ld: warning: orphan section `.comment' from `/work/applink/min_stubs.o' being placed in section `.comment'
ld: warning: orphan section `.comment' from `/work/applink/cc_worker.o' being placed in section `.comment'
ld: warning: orphan section `.comment' from `/work/gmp-build/gmp-6.3.0/.libs/libgmp.a(lt4-clear.o)' being placed in section `.comment'
ld: warning: orphan section `.comment' from `/work/gmp-build/gmp-6.3.0/.libs/libgmp.a(lt5-clears.o)' being placed in section `.comment'
ld: warning: orphan section `.comment' from `/work/gmp-build/gmp-6.3.0/.libs/libgmp.a(lt22-init.o)' being placed in section `.comment'
ld: warning: orphan section `.comment' from `/work/gmp-build/gmp-6.3.0/.libs/libgmp.a(lt24-inits.o)' being placed in section `.comment'
ld: warning: orphan section `.comment' from `/work/gmp-build/gmp-6.3.0/.libs/libgmp.a(lt30-iset_ui.o)' being placed in section `.comment'
ld: warning: orphan section `.comment' from `/work/gmp-build/gmp-6.3.0/.libs/libgmp.a(lt32-mul_2exp.o)' being placed in section `.comment'
ld: warning: orphan section `.comment' from `/work/gmp-build/gmp-6.3.0/.libs/libgmp.a(lt33-mul_ui.o)' being placed in section `.comment'
ld: warning: orphan section `.comment' from `/work/gmp-build/gmp-6.3.0/.libs/libgmp.a(pprime_p.o)' being placed in section `.comment'
ld: warning: orphan section `.comment' from `/work/gmp-build/gmp-6.3.0/.libs/libgmp.a(realloc.o)' being placed in section `.comment'
ld: warning: orphan section `.comment' from `/work/gmp-build/gmp-6.3.0/.libs/libgmp.a(lt44-set_ui.o)' being placed in section `.comment'
ld: warning: orphan section `.comment' from `/work/gmp-build/gmp-6.3.0/.libs/libgmp.a(sizeinbase.o)' being placed in section `.comment'
ld: warning: orphan section `.comment' from `/work/gmp-build/gmp-6.3.0/.libs/libgmp.a(lt48-sub_ui.o)' being placed in section `.comment'
ld: warning: orphan section `.comment' from `/work/gmp-build/gmp-6.3.0/.libs/libgmp.a(mp_bases.o)' being placed in section `.comment'
ld: warning: orphan section `.comment' from `/work/gmp-build/gmp-6.3.0/.libs/libgmp.a(fat.o)' being placed in section `.comment'
ld: warning: orphan section `.comment' from `/work/gmp-build/gmp-6.3.0/.libs/libgmp.a(assert.o)' being placed in section `.comment'
ld: warning: orphan section `.comment' from `/work/gmp-build/gmp-6.3.0/.libs/libgmp.a(errno.o)' being placed in section `.comment'
ld: warning: orphan section `.comment' from `/work/gmp-build/gmp-6.3.0/.libs/libgmp.a(memory.o)' being placed in section `.comment'
ld: warning: orphan section `.comment' from `/work/gmp-build/gmp-6.3.0/.libs/libgmp.a(lt9-cmp_ui.o)' being placed in section `.comment'
ld: warning: orphan section `.comment' from `/work/gmp-build/gmp-6.3.0/.libs/libgmp.a(cmpabs_ui.o)' being placed in section `.comment'
ld: warning: orphan section `.comment' from `/work/gmp-build/gmp-6.3.0/.libs/libgmp.a(millerrabin.o)' being placed in section `.comment'
ld: warning: orphan section `.comment' from `/work/gmp-build/gmp-6.3.0/.libs/libgmp.a(powm.o)' being placed in section `.comment'
ld: warning: orphan section `.comment' from `/work/gmp-build/gmp-6.3.0/.libs/libgmp.a(powm_ui.o)' being placed in section `.comment'
ld: warning: orphan section `.comment' from `/work/gmp-build/gmp-6.3.0/.libs/libgmp.a(stronglucas.o)' being placed in section `.comment'
ld: warning: orphan section `.comment' from `/work/gmp-build/gmp-6.3.0/.libs/libgmp.a(tdiv_q_2exp.o)' being placed in section `.comment'
ld: warning: orphan section `.comment' from `/work/gmp-build/gmp-6.3.0/.libs/libgmp.a(tdiv_r.o)' being placed in section `.comment'
ld: warning: orphan section `.comment' from `/work/gmp-build/gmp-6.3.0/.libs/libgmp.a(urandomm.o)' being placed in section `.comment'
ld: warning: orphan section `.comment' from `/work/gmp-build/gmp-6.3.0/.libs/libgmp.a(fat_mod_1.o)' being placed in section `.comment'
ld: warning: orphan section `.comment' from `/work/gmp-build/gmp-6.3.0/.libs/libgmp.a(fat_mul_basecase.o)' being placed in section `.comment'
ld: warning: orphan section `.comment' from `/work/gmp-build/gmp-6.3.0/.libs/libgmp.a(fat_mullo_basecase.o)' being placed in section `.comment'
ld: warning: orphan section `.comment' from `/work/gmp-build/gmp-6.3.0/.libs/libgmp.a(fat_redc_1.o)' being placed in section `.comment'
ld: warning: orphan section `.comment' from `/work/gmp-build/gmp-6.3.0/.libs/libgmp.a(fat_redc_2.o)' being placed in section `.comment'
ld: warning: orphan section `.comment' from `/work/gmp-build/gmp-6.3.0/.libs/libgmp.a(fat_sqr_basecase.o)' being placed in section `.comment'
ld: warning: orphan section `.comment' from `/work/gmp-build/gmp-6.3.0/.libs/libgmp.a(fat_addmul_2.o)' being placed in section `.comment'
ld: warning: orphan section `.comment' from `/work/gmp-build/gmp-6.3.0/.libs/libgmp.a(lt81-mul.o)' being placed in section `.comment'
ld: warning: orphan section `.comment' from `/work/gmp-build/gmp-6.3.0/.libs/libgmp.a(mul_n.o)' being placed in section `.comment'
ld: warning: orphan section `.comment' from `/work/gmp-build/gmp-6.3.0/.libs/libgmp.a(sqr.o)' being placed in section `.comment'
ld: warning: orphan section `.comment' from `/work/gmp-build/gmp-6.3.0/.libs/libgmp.a(nussbaumer_mul.o)' being placed in section `.comment'
ld: warning: orphan section `.comment' from `/work/gmp-build/gmp-6.3.0/.libs/libgmp.a(lt85-sqrtrem.o)' being placed in section `.comment'
ld: warning: orphan section `.comment' from `/work/gmp-build/gmp-6.3.0/.libs/libgmp.a(lt90-scan1.o)' being placed in section `.comment'
ld: warning: orphan section `.comment' from `/work/gmp-build/gmp-6.3.0/.libs/libgmp.a(lt94-perfsqr.o)' being placed in section `.comment'
ld: warning: orphan section `.comment' from `/work/gmp-build/gmp-6.3.0/.libs/libgmp.a(strongfibo.o)' being placed in section `.comment'
ld: warning: orphan section `.comment' from `/work/gmp-build/gmp-6.3.0/.libs/libgmp.a(lt98-tdiv_qr.o)' being placed in section `.comment'
ld: warning: orphan section `.comment' from `/work/gmp-build/gmp-6.3.0/.libs/libgmp.a(jacbase.o)' being placed in section `.comment'
ld: warning: orphan section `.comment' from `/work/gmp-build/gmp-6.3.0/.libs/libgmp.a(mullo_n.o)' being placed in section `.comment'
ld: warning: orphan section `.comment' from `/work/gmp-build/gmp-6.3.0/.libs/libgmp.a(toom22_mul.o)' being placed in section `.comment'
ld: warning: orphan section `.comment' from `/work/gmp-build/gmp-6.3.0/.libs/libgmp.a(toom32_mul.o)' being placed in section `.comment'
ld: warning: orphan section `.comment' from `/work/gmp-build/gmp-6.3.0/.libs/libgmp.a(toom42_mul.o)' being placed in section `.comment'
ld: warning: orphan section `.comment' from `/work/gmp-build/gmp-6.3.0/.libs/libgmp.a(toom33_mul.o)' being placed in section `.comment'
ld: warning: orphan section `.comment' from `/work/gmp-build/gmp-6.3.0/.libs/libgmp.a(toom43_mul.o)' being placed in section `.comment'
ld: warning: orphan section `.comment' from `/work/gmp-build/gmp-6.3.0/.libs/libgmp.a(toom53_mul.o)' being placed in section `.comment'
ld: warning: orphan section `.comment' from `/work/gmp-build/gmp-6.3.0/.libs/libgmp.a(toom63_mul.o)' being placed in section `.comment'
ld: warning: orphan section `.comment' from `/work/gmp-build/gmp-6.3.0/.libs/libgmp.a(toom44_mul.o)' being placed in section `.comment'
ld: warning: orphan section `.comment' from `/work/gmp-build/gmp-6.3.0/.libs/libgmp.a(toom6h_mul.o)' being placed in section `.comment'
ld: warning: orphan section `.comment' from `/work/gmp-build/gmp-6.3.0/.libs/libgmp.a(toom6_sqr.o)' being placed in section `.comment'
ld: warning: orphan section `.comment' from `/work/gmp-build/gmp-6.3.0/.libs/libgmp.a(toom8h_mul.o)' being placed in section `.comment'
ld: warning: orphan section `.comment' from `/work/gmp-build/gmp-6.3.0/.libs/libgmp.a(toom8_sqr.o)' being placed in section `.comment'
ld: warning: orphan section `.comment' from `/work/gmp-build/gmp-6.3.0/.libs/libgmp.a(toom_couple_handling.o)' being placed in section `.comment'
ld: warning: orphan section `.comment' from `/work/gmp-build/gmp-6.3.0/.libs/libgmp.a(toom2_sqr.o)' being placed in section `.comment'
ld: warning: orphan section `.comment' from `/work/gmp-build/gmp-6.3.0/.libs/libgmp.a(toom3_sqr.o)' being placed in section `.comment'
ld: warning: orphan section `.comment' from `/work/gmp-build/gmp-6.3.0/.libs/libgmp.a(toom_eval_dgr3_pm1.o)' being placed in section `.comment'
ld: warning: orphan section `.comment' from `/work/gmp-build/gmp-6.3.0/.libs/libgmp.a(toom_eval_dgr3_pm2.o)' being placed in section `.comment'
ld: warning: orphan section `.comment' from `/work/gmp-build/gmp-6.3.0/.libs/libgmp.a(toom_eval_pm1.o)' being placed in section `.comment'
ld: warning: orphan section `.comment' from `/work/gmp-build/gmp-6.3.0/.libs/libgmp.a(toom_eval_pm2.o)' being placed in section `.comment'
ld: warning: orphan section `.comment' from `/work/gmp-build/gmp-6.3.0/.libs/libgmp.a(toom_eval_pm2exp.o)' being placed in section `.comment'
ld: warning: orphan section `.comment' from `/work/gmp-build/gmp-6.3.0/.libs/libgmp.a(toom_eval_pm2rexp.o)' being placed in section `.comment'
ld: warning: orphan section `.comment' from `/work/gmp-build/gmp-6.3.0/.libs/libgmp.a(toom_interpolate_5pts.o)' being placed in section `.comment'
ld: warning: orphan section `.comment' from `/work/gmp-build/gmp-6.3.0/.libs/libgmp.a(toom_interpolate_6pts.o)' being placed in section `.comment'
ld: warning: orphan section `.comment' from `/work/gmp-build/gmp-6.3.0/.libs/libgmp.a(toom_interpolate_7pts.o)' being placed in section `.comment'
ld: warning: orphan section `.comment' from `/work/gmp-build/gmp-6.3.0/.libs/libgmp.a(toom_interpolate_8pts.o)' being placed in section `.comment'
ld: warning: orphan section `.comment' from `/work/gmp-build/gmp-6.3.0/.libs/libgmp.a(toom_interpolate_12pts.o)' being placed in section `.comment'
ld: warning: orphan section `.comment' from `/work/gmp-build/gmp-6.3.0/.libs/libgmp.a(toom_interpolate_16pts.o)' being placed in section `.comment'
ld: warning: orphan section `.comment' from `/work/gmp-build/gmp-6.3.0/.libs/libgmp.a(binvert.o)' being placed in section `.comment'
ld: warning: orphan section `.comment' from `/work/gmp-build/gmp-6.3.0/.libs/libgmp.a(mulmod_bnm1.o)' being placed in section `.comment'
ld: warning: orphan section `.comment' from `/work/gmp-build/gmp-6.3.0/.libs/libgmp.a(sqrmod_bnm1.o)' being placed in section `.comment'
ld: warning: orphan section `.comment' from `/work/gmp-build/gmp-6.3.0/.libs/libgmp.a(mulmod_bknp1.o)' being placed in section `.comment'
ld: warning: orphan section `.comment' from `/work/gmp-build/gmp-6.3.0/.libs/libgmp.a(sbpi1_div_qr.o)' being placed in section `.comment'
ld: warning: orphan section `.comment' from `/work/gmp-build/gmp-6.3.0/.libs/libgmp.a(sbpi1_divappr_q.o)' being placed in section `.comment'
ld: warning: orphan section `.comment' from `/work/gmp-build/gmp-6.3.0/.libs/libgmp.a(dcpi1_div_qr.o)' being placed in section `.comment'
ld: warning: orphan section `.comment' from `/work/gmp-build/gmp-6.3.0/.libs/libgmp.a(dcpi1_divappr_q.o)' being placed in section `.comment'
ld: warning: orphan section `.comment' from `/work/gmp-build/gmp-6.3.0/.libs/libgmp.a(mu_div_qr.o)' being placed in section `.comment'
ld: warning: orphan section `.comment' from `/work/gmp-build/gmp-6.3.0/.libs/libgmp.a(mu_divappr_q.o)' being placed in section `.comment'
ld: warning: orphan section `.comment' from `/work/gmp-build/gmp-6.3.0/.libs/libgmp.a(sbpi1_bdiv_q.o)' being placed in section `.comment'
ld: warning: orphan section `.comment' from `/work/gmp-build/gmp-6.3.0/.libs/libgmp.a(dcpi1_bdiv_q.o)' being placed in section `.comment'
ld: warning: orphan section `.comment' from `/work/gmp-build/gmp-6.3.0/.libs/libgmp.a(dcpi1_bdiv_qr.o)' being placed in section `.comment'
ld: warning: orphan section `.comment' from `/work/gmp-build/gmp-6.3.0/.libs/libgmp.a(lt103-powm.o)' being placed in section `.comment'
ld: warning: orphan section `.comment' from `/work/gmp-build/gmp-6.3.0/.libs/libgmp.a(powlo.o)' being placed in section `.comment'
ld: warning: orphan section `.comment' from `/work/gmp-build/gmp-6.3.0/.libs/libgmp.a(randclr.o)' being placed in section `.comment'
ld: warning: orphan section `.comment' from `/work/gmp-build/gmp-6.3.0/.libs/libgmp.a(randdef.o)' being placed in section `.comment'
ld: warning: orphan section `.comment' from `/work/gmp-build/gmp-6.3.0/.libs/libgmp.a(randmts.o)' being placed in section `.comment'
ld: warning: orphan section `.comment' from `/work/gmp-build/gmp-6.3.0/.libs/libgmp.a(mp_minv_tab.o)' being placed in section `.comment'
ld: warning: orphan section `.comment' from `/work/gmp-build/gmp-6.3.0/.libs/libgmp.a(tal-reent.o)' being placed in section `.comment'
ld: warning: orphan section `.comment' from `/work/gmp-build/gmp-6.3.0/.libs/libgmp.a(lt3-add_ui.o)' being placed in section `.comment'
ld: warning: orphan section `.comment' from `/work/gmp-build/gmp-6.3.0/.libs/libgmp.a(aorsmul_i.o)' being placed in section `.comment'
ld: warning: orphan section `.comment' from `/work/gmp-build/gmp-6.3.0/.libs/libgmp.a(clrbit.o)' being placed in section `.comment'
ld: warning: orphan section `.comment' from `/work/gmp-build/gmp-6.3.0/.libs/libgmp.a(export.o)' being placed in section `.comment'
ld: warning: orphan section `.comment' from `/work/gmp-build/gmp-6.3.0/.libs/libgmp.a(lt23-init2.o)' being placed in section `.comment'
ld: warning: orphan section `.comment' from `/work/gmp-build/gmp-6.3.0/.libs/libgmp.a(invert.o)' being placed in section `.comment'
ld: warning: orphan section `.comment' from `/work/gmp-build/gmp-6.3.0/.libs/libgmp.a(lt26-iset.o)' being placed in section `.comment'
ld: warning: orphan section `.comment' from `/work/gmp-build/gmp-6.3.0/.libs/libgmp.a(lucmod.o)' being placed in section `.comment'
ld: warning: orphan section `.comment' from `/work/gmp-build/gmp-6.3.0/.libs/libgmp.a(mod.o)' being placed in section `.comment'
ld: warning: orphan section `.comment' from `/work/gmp-build/gmp-6.3.0/.libs/libgmp.a(lt31-mul.o)' being placed in section `.comment'
ld: warning: orphan section `.comment' from `/work/gmp-build/gmp-6.3.0/.libs/libgmp.a(mul_si.o)' being placed in section `.comment'
ld: warning: orphan section `.comment' from `/work/gmp-build/gmp-6.3.0/.libs/libgmp.a(roinit_n.o)' being placed in section `.comment'
ld: warning: orphan section `.comment' from `/work/gmp-build/gmp-6.3.0/.libs/libgmp.a(scan0.o)' being placed in section `.comment'
ld: warning: orphan section `.comment' from `/work/gmp-build/gmp-6.3.0/.libs/libgmp.a(lt39-set.o)' being placed in section `.comment'
ld: warning: orphan section `.comment' from `/work/gmp-build/gmp-6.3.0/.libs/libgmp.a(lt42-set_si.o)' being placed in section `.comment'
ld: warning: orphan section `.comment' from `/work/gmp-build/gmp-6.3.0/.libs/libgmp.a(setbit.o)' being placed in section `.comment'
ld: warning: orphan section `.comment' from `/work/gmp-build/gmp-6.3.0/.libs/libgmp.a(lt47-sub.o)' being placed in section `.comment'
ld: warning: orphan section `.comment' from `/work/gmp-build/gmp-6.3.0/.libs/libgmp.a(lt49-swap.o)' being placed in section `.comment'
ld: warning: orphan section `.comment' from `/work/gmp-build/gmp-6.3.0/.libs/libgmp.a(tdiv_r_2exp.o)' being placed in section `.comment'
ld: warning: orphan section `.comment' from `/work/gmp-build/gmp-6.3.0/.libs/libgmp.a(tstbit.o)' being placed in section `.comment'
ld: warning: orphan section `.comment' from `/work/gmp-build/gmp-6.3.0/.libs/libgmp.a(fib2m.o)' being placed in section `.comment'
ld: warning: orphan section `.comment' from `/work/gmp-build/gmp-6.3.0/.libs/libgmp.a(mul_fft.o)' being placed in section `.comment'
ld: warning: orphan section `.comment' from `/work/gmp-build/gmp-6.3.0/.libs/libgmp.a(lt89-scan0.o)' being placed in section `.comment'
ld: warning: orphan section `.comment' from `/work/gmp-build/gmp-6.3.0/.libs/libgmp.a(sqrlo.o)' being placed in section `.comment'
ld: warning: orphan section `.comment' from `/work/gmp-build/gmp-6.3.0/.libs/libgmp.a(sqrlo_basecase.o)' being placed in section `.comment'
ld: warning: orphan section `.comment' from `/work/gmp-build/gmp-6.3.0/.libs/libgmp.a(invertappr.o)' being placed in section `.comment'
ld: warning: orphan section `.comment' from `/work/gmp-build/gmp-6.3.0/.libs/libgmp.a(sbpi1_bdiv_qr.o)' being placed in section `.comment'
ld: warning: orphan section `.comment' from `/work/gmp-build/gmp-6.3.0/.libs/libgmp.a(redc_n.o)' being placed in section `.comment'
ld: warning: orphan section `.comment' from `/work/gmp-build/gmp-6.3.0/.libs/libgmp.a(randmt.o)' being placed in section `.comment'
ld: warning: orphan section `.comment' from `/work/gmp-build/gmp-6.3.0/.libs/libgmp.a(lt2-add.o)' being placed in section `.comment'
ld: warning: orphan section `.comment' from `/work/gmp-build/gmp-6.3.0/.libs/libgmp.a(gcdext.o)' being placed in section `.comment'
ld: warning: orphan section `.comment' from `/work/gmp-build/gmp-6.3.0/.libs/libgmp.a(lt79-fib2_ui.o)' being placed in section `.comment'
ld: warning: orphan section `.comment' from `/work/gmp-build/gmp-6.3.0/.libs/libgmp.a(lt97-gcdext.o)' being placed in section `.comment'
ld: warning: orphan section `.comment' from `/work/gmp-build/gmp-6.3.0/.libs/libgmp.a(gcd_subdiv_step.o)' being placed in section `.comment'
ld: warning: orphan section `.comment' from `/work/gmp-build/gmp-6.3.0/.libs/libgmp.a(gcdext_lehmer.o)' being placed in section `.comment'
ld: warning: orphan section `.comment' from `/work/gmp-build/gmp-6.3.0/.libs/libgmp.a(matrix22_mul1_inverse_vector.o)' being placed in section `.comment'
ld: warning: orphan section `.comment' from `/work/gmp-build/gmp-6.3.0/.libs/libgmp.a(hgcd_matrix.o)' being placed in section `.comment'
ld: warning: orphan section `.comment' from `/work/gmp-build/gmp-6.3.0/.libs/libgmp.a(hgcd2.o)' being placed in section `.comment'
ld: warning: orphan section `.comment' from `/work/gmp-build/gmp-6.3.0/.libs/libgmp.a(hgcd.o)' being placed in section `.comment'
ld: warning: orphan section `.comment' from `/work/gmp-build/gmp-6.3.0/.libs/libgmp.a(lt102-divexact.o)' being placed in section `.comment'
ld: warning: orphan section `.comment' from `/work/gmp-build/gmp-6.3.0/.libs/libgmp.a(divexact.o)' being placed in section `.comment'
ld: warning: orphan section `.comment' from `/work/gmp-build/gmp-6.3.0/.libs/libgmp.a(fib_table.o)' being placed in section `.comment'
ld: warning: orphan section `.comment' from `/work/gmp-build/gmp-6.3.0/.libs/libgmp.a(gcdext_1.o)' being placed in section `.comment'
ld: warning: orphan section `.comment' from `/work/gmp-build/gmp-6.3.0/.libs/libgmp.a(matrix22_mul.o)' being placed in section `.comment'
ld: warning: orphan section `.comment' from `/work/gmp-build/gmp-6.3.0/.libs/libgmp.a(hgcd_step.o)' being placed in section `.comment'
ld: warning: orphan section `.comment' from `/work/gmp-build/gmp-6.3.0/.libs/libgmp.a(hgcd_reduce.o)' being placed in section `.comment'
ld: warning: orphan section `.comment' from `/work/gmp-build/gmp-6.3.0/.libs/libgmp.a(hgcd_appr.o)' being placed in section `.comment'
ld: warning: orphan section `.comment' from `/work/gmp-build/gmp-6.3.0/.libs/libgmp.a(bdiv_q.o)' being placed in section `.comment'
ld: warning: orphan section `.comment' from `/work/gmp-build/gmp-6.3.0/.libs/libgmp.a(mu_bdiv_q.o)' being placed in section `.comment'
ld: warning: orphan section `.comment' from `/work/BareMetal-App/BareMetal-AppPort/build/musl-1.2.6/lib/libc.a(__libc_start_main.o)' being placed in section `.comment'
ld: warning: orphan section `.comment' from `/work/BareMetal-App/BareMetal-AppPort/build/musl-1.2.6/lib/libc.a(abort.o)' being placed in section `.comment'
ld: warning: orphan section `.comment' from `/work/BareMetal-App/BareMetal-AppPort/build/musl-1.2.6/lib/libc.a(abort_lock.o)' being placed in section `.comment'
ld: warning: orphan section `.comment' from `/work/BareMetal-App/BareMetal-AppPort/build/musl-1.2.6/lib/libc.a(exit.o)' being placed in section `.comment'
ld: warning: orphan section `.comment' from `/work/BareMetal-App/BareMetal-AppPort/build/musl-1.2.6/lib/libc.a(defsysinfo.o)' being placed in section `.comment'
ld: warning: orphan section `.comment' from `/work/BareMetal-App/BareMetal-AppPort/build/musl-1.2.6/lib/libc.a(libc.o)' being placed in section `.comment'
ld: warning: orphan section `.comment' from `/work/BareMetal-App/BareMetal-AppPort/build/musl-1.2.6/lib/libc.a(free.o)' being placed in section `.comment'
ld: warning: orphan section `.comment' from `/work/BareMetal-App/BareMetal-AppPort/build/musl-1.2.6/lib/libc.a(lite_malloc.o)' being placed in section `.comment'
ld: warning: orphan section `.comment' from `/work/BareMetal-App/BareMetal-AppPort/build/musl-1.2.6/lib/libc.a(free.o)' being placed in section `.comment'
ld: warning: orphan section `.comment' from `/work/BareMetal-App/BareMetal-AppPort/build/musl-1.2.6/lib/libc.a(malloc.o)' being placed in section `.comment'
ld: warning: orphan section `.comment' from `/work/BareMetal-App/BareMetal-AppPort/build/musl-1.2.6/lib/libc.a(realloc.o)' being placed in section `.comment'
ld: warning: orphan section `.comment' from `/work/BareMetal-App/BareMetal-AppPort/build/musl-1.2.6/lib/libc.a(mmap.o)' being placed in section `.comment'
ld: warning: orphan section `.comment' from `/work/BareMetal-App/BareMetal-AppPort/build/musl-1.2.6/lib/libc.a(mprotect.o)' being placed in section `.comment'
ld: warning: orphan section `.comment' from `/work/BareMetal-App/BareMetal-AppPort/build/musl-1.2.6/lib/libc.a(munmap.o)' being placed in section `.comment'
ld: warning: orphan section `.comment' from `/work/BareMetal-App/BareMetal-AppPort/build/musl-1.2.6/lib/libc.a(block.o)' being placed in section `.comment'
ld: warning: orphan section `.comment' from `/work/BareMetal-App/BareMetal-AppPort/build/musl-1.2.6/lib/libc.a(raise.o)' being placed in section `.comment'
ld: warning: orphan section `.comment' from `/work/BareMetal-App/BareMetal-AppPort/build/musl-1.2.6/lib/libc.a(fflush.o)' being placed in section `.comment'
ld: warning: orphan section `.comment' from `/work/BareMetal-App/BareMetal-AppPort/build/musl-1.2.6/lib/libc.a(fprintf.o)' being placed in section `.comment'
ld: warning: orphan section `.comment' from `/work/BareMetal-App/BareMetal-AppPort/build/musl-1.2.6/lib/libc.a(ofl.o)' being placed in section `.comment'
ld: warning: orphan section `.comment' from `/work/BareMetal-App/BareMetal-AppPort/build/musl-1.2.6/lib/libc.a(printf.o)' being placed in section `.comment'
ld: warning: orphan section `.comment' from `/work/BareMetal-App/BareMetal-AppPort/build/musl-1.2.6/lib/libc.a(stderr.o)' being placed in section `.comment'
ld: warning: orphan section `.comment' from `/work/BareMetal-App/BareMetal-AppPort/build/musl-1.2.6/lib/libc.a(stdout.o)' being placed in section `.comment'
ld: warning: orphan section `.comment' from `/work/BareMetal-App/BareMetal-AppPort/build/musl-1.2.6/lib/libc.a(vfprintf.o)' being placed in section `.comment'
ld: warning: orphan section `.comment' from `/work/BareMetal-App/BareMetal-AppPort/build/musl-1.2.6/lib/libc.a(strcmp.o)' being placed in section `.comment'
ld: warning: orphan section `.comment' from `/work/BareMetal-App/BareMetal-AppPort/build/musl-1.2.6/lib/libc.a(strcpy.o)' being placed in section `.comment'
ld: warning: orphan section `.comment' from `/work/BareMetal-App/BareMetal-AppPort/build/musl-1.2.6/lib/libc.a(strnlen.o)' being placed in section `.comment'
ld: warning: orphan section `.comment' from `/work/BareMetal-App/BareMetal-AppPort/build/musl-1.2.6/lib/libc.a(strstr.o)' being placed in section `.comment'
ld: warning: orphan section `.comment' from `/work/BareMetal-App/BareMetal-AppPort/build/musl-1.2.6/lib/libc.a(__lock.o)' being placed in section `.comment'
ld: warning: orphan section `.comment' from `/work/BareMetal-App/BareMetal-AppPort/build/musl-1.2.6/lib/libc.a(__environ.o)' being placed in section `.comment'
ld: warning: orphan section `.comment' from `/work/BareMetal-App/BareMetal-AppPort/build/musl-1.2.6/lib/libc.a(__init_tls.o)' being placed in section `.comment'
ld: warning: orphan section `.comment' from `/work/BareMetal-App/BareMetal-AppPort/build/musl-1.2.6/lib/libc.a(__errno_location.o)' being placed in section `.comment'
ld: warning: orphan section `.comment' from `/work/BareMetal-App/BareMetal-AppPort/build/musl-1.2.6/lib/libc.a(strerror.o)' being placed in section `.comment'
ld: warning: orphan section `.comment' from `/work/BareMetal-App/BareMetal-AppPort/build/musl-1.2.6/lib/libc.a(_Exit.o)' being placed in section `.comment'
ld: warning: orphan section `.comment' from `/work/BareMetal-App/BareMetal-AppPort/build/musl-1.2.6/lib/libc.a(syscall_ret.o)' being placed in section `.comment'
ld: warning: orphan section `.comment' from `/work/BareMetal-App/BareMetal-AppPort/build/musl-1.2.6/lib/libc.a(__lctrans.o)' being placed in section `.comment'
ld: warning: orphan section `.comment' from `/work/BareMetal-App/BareMetal-AppPort/build/musl-1.2.6/lib/libc.a(realloc.o)' being placed in section `.comment'
ld: warning: orphan section `.comment' from `/work/BareMetal-App/BareMetal-AppPort/build/musl-1.2.6/lib/libc.a(__fpclassifyl.o)' being placed in section `.comment'
ld: warning: orphan section `.comment' from `/work/BareMetal-App/BareMetal-AppPort/build/musl-1.2.6/lib/libc.a(__signbitl.o)' being placed in section `.comment'
ld: warning: orphan section `.comment' from `/work/BareMetal-App/BareMetal-AppPort/build/musl-1.2.6/lib/libc.a(frexpl.o)' being placed in section `.comment'
ld: warning: orphan section `.comment' from `/work/BareMetal-App/BareMetal-AppPort/build/musl-1.2.6/lib/libc.a(scalbn.o)' being placed in section `.comment'
ld: warning: orphan section `.comment' from `/work/BareMetal-App/BareMetal-AppPort/build/musl-1.2.6/lib/libc.a(mremap.o)' being placed in section `.comment'
ld: warning: orphan section `.comment' from `/work/BareMetal-App/BareMetal-AppPort/build/musl-1.2.6/lib/libc.a(wctomb.o)' being placed in section `.comment'
ld: warning: orphan section `.comment' from `/work/BareMetal-App/BareMetal-AppPort/build/musl-1.2.6/lib/libc.a(__lockfile.o)' being placed in section `.comment'
ld: warning: orphan section `.comment' from `/work/BareMetal-App/BareMetal-AppPort/build/musl-1.2.6/lib/libc.a(__stdio_close.o)' being placed in section `.comment'
ld: warning: orphan section `.comment' from `/work/BareMetal-App/BareMetal-AppPort/build/musl-1.2.6/lib/libc.a(__stdio_seek.o)' being placed in section `.comment'
ld: warning: orphan section `.comment' from `/work/BareMetal-App/BareMetal-AppPort/build/musl-1.2.6/lib/libc.a(__stdio_write.o)' being placed in section `.comment'
ld: warning: orphan section `.comment' from `/work/BareMetal-App/BareMetal-AppPort/build/musl-1.2.6/lib/libc.a(__stdout_write.o)' being placed in section `.comment'
ld: warning: orphan section `.comment' from `/work/BareMetal-App/BareMetal-AppPort/build/musl-1.2.6/lib/libc.a(__towrite.o)' being placed in section `.comment'
ld: warning: orphan section `.comment' from `/work/BareMetal-App/BareMetal-AppPort/build/musl-1.2.6/lib/libc.a(fwrite.o)' being placed in section `.comment'
ld: warning: orphan section `.comment' from `/work/BareMetal-App/BareMetal-AppPort/build/musl-1.2.6/lib/libc.a(memchr.o)' being placed in section `.comment'
ld: warning: orphan section `.comment' from `/work/BareMetal-App/BareMetal-AppPort/build/musl-1.2.6/lib/libc.a(memcmp.o)' being placed in section `.comment'
ld: warning: orphan section `.comment' from `/work/BareMetal-App/BareMetal-AppPort/build/musl-1.2.6/lib/libc.a(stpcpy.o)' being placed in section `.comment'
ld: warning: orphan section `.comment' from `/work/BareMetal-App/BareMetal-AppPort/build/musl-1.2.6/lib/libc.a(strchr.o)' being placed in section `.comment'
ld: warning: orphan section `.comment' from `/work/BareMetal-App/BareMetal-AppPort/build/musl-1.2.6/lib/libc.a(strchrnul.o)' being placed in section `.comment'
ld: warning: orphan section `.comment' from `/work/BareMetal-App/BareMetal-AppPort/build/musl-1.2.6/lib/libc.a(strlen.o)' being placed in section `.comment'
ld: warning: orphan section `.comment' from `/work/BareMetal-App/BareMetal-AppPort/build/musl-1.2.6/lib/libc.a(default_attr.o)' being placed in section `.comment'
ld: warning: orphan section `.comment' from `/work/BareMetal-App/BareMetal-AppPort/build/musl-1.2.6/lib/libc.a(lseek.o)' being placed in section `.comment'
ld: warning: orphan section `.comment' from `/work/BareMetal-App/BareMetal-AppPort/build/musl-1.2.6/lib/libc.a(wcrtomb.o)' being placed in section `.comment'
ld: warning: orphan section `.comment' from `/work/BareMetal-App/BareMetal-AppPort/build/musl-1.2.6/lib/libc.a(__stdio_exit.o)' being placed in section `.comment'
=== result ===
-rwxr-xr-x 1 root root 2742028 Sep  5 05:42 /work/applink/cc_worker.app
--- undefined symbols (must be empty):
--- assembly actually linked in (not a C fallback):
ffff800000008598 T __gmpn_addmul_1
ffff800000021170 T __gmpn_addmul_1_atom
ffff80000000f8c0 T __gmpn_addmul_1_bd1
ffff800000011100 T __gmpn_addmul_1_bt1
ffff800000017b50 T __gmpn_addmul_1_core2
--- sections:
.text                    00057119 @ ffff800000000000
.rodata                  00245d40 @ ffff800000057140
.data                    0000088c @ ffff80000029ce80
.bss                     00006120 @ ffff80000029d720
.comment                 0000002d @ 0000000000000000
=== wrapping into baremetal.elf ===
Unikernel mode enabled
-rwxr-xr-x 1 root root 3795056 Sep  5 05:43 /out/baremetal.elf

worker image: /Users/reza/PycharmProjects/unikernel-c/gmp/results/workers/w0/baremetal.elf
2026-09-05T05:43:00Z   upload failed for cc-w0
2026-09-05T05:43:00Z cc-w1 (cmtnocb3u00aln1nbpi8sc0pp) has stopped -- harvesting
2026-09-05T05:43:03Z   harvested 2992 lines, 2 hits; WORKER_DONE slice=w1 examined=295909 best=3 best_m=100144501914
2026-09-05T05:43:06Z   rebuilding cc-w1 on m=[100420000000,100525000000)
sieving w1: m=[100420000000,100525000000) depth=1000000000
wrote /Users/reza/PycharmProjects/unikernel-c/gmp/results/workers/w1/cc_slice.h: 295214 survivors from 105000000 multipliers (.002811)
Already up to date.
Already up to date.
=== port already built, reusing ===
=== target libgmp.a already built, reusing ===
=== linking cc_worker for slice ===
=== compiling port objects ===
=== compiling app (CPPFLAGS: -I/work/applink) ===
=== linking ===
ld: warning: orphan section `.comment' from `/work/applink/crt0.o' being placed in section `.comment'
ld: warning: orphan section `.rela.got' from `/work/applink/crt0.o' being placed in section `.rela.dyn'
ld: warning: orphan section `.got' from `/work/applink/crt0.o' being placed in section `.got'
ld: warning: orphan section `.got.plt' from `/work/applink/crt0.o' being placed in section `.got.plt'
ld: warning: orphan section `.iplt' from `/work/applink/crt0.o' being placed in section `.iplt'
ld: warning: orphan section `.rela.iplt' from `/work/applink/crt0.o' being placed in section `.rela.dyn'
ld: warning: orphan section `.igot.plt' from `/work/applink/crt0.o' being placed in section `.igot.plt'
ld: warning: orphan section `.rela.text.image_fits_in_ram' from `/work/applink/crt0.o' being placed in section `.rela.dyn'
ld: warning: orphan section `.rela.text.zero_bss' from `/work/applink/crt0.o' being placed in section `.rela.dyn'
ld: warning: orphan section `.rela.text.heap_init' from `/work/applink/crt0.o' being placed in section `.rela.dyn'
ld: warning: orphan section `.rela.text.__gmp_default_allocate' from `/work/applink/crt0.o' being placed in section `.rela.dyn'
ld: warning: orphan section `.rela.text.__init_libc' from `/work/applink/crt0.o' being placed in section `.rela.dyn'
ld: warning: orphan section `.rela.text.libc_start_init' from `/work/applink/crt0.o' being placed in section `.rela.dyn'
ld: warning: orphan section `.rela.text.libc_start_main_stage2' from `/work/applink/crt0.o' being placed in section `.rela.dyn'
ld: warning: orphan section `.rela.text.libc_exit_fini' from `/work/applink/crt0.o' being placed in section `.rela.dyn'
ld: warning: orphan section `.rela.text.exit' from `/work/applink/crt0.o' being placed in section `.rela.dyn'
ld: warning: orphan section `.rela.text.__libc_free' from `/work/applink/crt0.o' being placed in section `.rela.dyn'
ld: warning: orphan section `.rela.text.__malloc_alloc_meta' from `/work/applink/crt0.o' being placed in section `.rela.dyn'
ld: warning: orphan section `.rela.text.__libc_malloc_impl' from `/work/applink/crt0.o' being placed in section `.rela.dyn'
ld: warning: orphan section `.rela.text.__mmap' from `/work/applink/crt0.o' being placed in section `.rela.dyn'
ld: warning: orphan section `.rela.text.__munmap' from `/work/applink/crt0.o' being placed in section `.rela.dyn'
ld: warning: orphan section `.rela.text.printf_core' from `/work/applink/crt0.o' being placed in section `.rela.dyn'
ld: warning: orphan section `.rela.text.static_init_tls' from `/work/applink/crt0.o' being placed in section `.rela.dyn'
ld: warning: orphan section `.rela.text.__syscall_ret' from `/work/applink/crt0.o' being placed in section `.rela.dyn'
ld: warning: orphan section `.rela.text.__lctrans' from `/work/applink/crt0.o' being placed in section `.rela.dyn'
ld: warning: orphan section `.rela.text.__libc_realloc' from `/work/applink/crt0.o' being placed in section `.rela.dyn'
ld: warning: orphan section `.rela.text.__mremap' from `/work/applink/crt0.o' being placed in section `.rela.dyn'
ld: warning: orphan section `.rela.text.__stdio_close' from `/work/applink/crt0.o' being placed in section `.rela.dyn'
ld: warning: orphan section `.rela.text.wcrtomb' from `/work/applink/crt0.o' being placed in section `.rela.dyn'
ld: warning: orphan section `.rela.text.__stdio_exit' from `/work/applink/crt0.o' being placed in section `.rela.dyn'
ld: warning: orphan section `.comment' from `/work/applink/posix_shim.o' being placed in section `.comment'
ld: warning: orphan section `.comment' from `/work/applink/thread_shim.o' being placed in section `.comment'
ld: warning: orphan section `.comment' from `/work/applink/libBareMetal.o' being placed in section `.comment'
ld: warning: orphan section `.comment' from `/work/applink/min_stubs.o' being placed in section `.comment'
ld: warning: orphan section `.comment' from `/work/applink/cc_worker.o' being placed in section `.comment'
ld: warning: orphan section `.comment' from `/work/gmp-build/gmp-6.3.0/.libs/libgmp.a(lt4-clear.o)' being placed in section `.comment'
ld: warning: orphan section `.comment' from `/work/gmp-build/gmp-6.3.0/.libs/libgmp.a(lt5-clears.o)' being placed in section `.comment'
ld: warning: orphan section `.comment' from `/work/gmp-build/gmp-6.3.0/.libs/libgmp.a(lt22-init.o)' being placed in section `.comment'
ld: warning: orphan section `.comment' from `/work/gmp-build/gmp-6.3.0/.libs/libgmp.a(lt24-inits.o)' being placed in section `.comment'
ld: warning: orphan section `.comment' from `/work/gmp-build/gmp-6.3.0/.libs/libgmp.a(lt30-iset_ui.o)' being placed in section `.comment'
ld: warning: orphan section `.comment' from `/work/gmp-build/gmp-6.3.0/.libs/libgmp.a(lt32-mul_2exp.o)' being placed in section `.comment'
ld: warning: orphan section `.comment' from `/work/gmp-build/gmp-6.3.0/.libs/libgmp.a(lt33-mul_ui.o)' being placed in section `.comment'
ld: warning: orphan section `.comment' from `/work/gmp-build/gmp-6.3.0/.libs/libgmp.a(pprime_p.o)' being placed in section `.comment'
ld: warning: orphan section `.comment' from `/work/gmp-build/gmp-6.3.0/.libs/libgmp.a(realloc.o)' being placed in section `.comment'
ld: warning: orphan section `.comment' from `/work/gmp-build/gmp-6.3.0/.libs/libgmp.a(lt44-set_ui.o)' being placed in section `.comment'
ld: warning: orphan section `.comment' from `/work/gmp-build/gmp-6.3.0/.libs/libgmp.a(sizeinbase.o)' being placed in section `.comment'
ld: warning: orphan section `.comment' from `/work/gmp-build/gmp-6.3.0/.libs/libgmp.a(lt48-sub_ui.o)' being placed in section `.comment'
ld: warning: orphan section `.comment' from `/work/gmp-build/gmp-6.3.0/.libs/libgmp.a(mp_bases.o)' being placed in section `.comment'
ld: warning: orphan section `.comment' from `/work/gmp-build/gmp-6.3.0/.libs/libgmp.a(fat.o)' being placed in section `.comment'
ld: warning: orphan section `.comment' from `/work/gmp-build/gmp-6.3.0/.libs/libgmp.a(assert.o)' being placed in section `.comment'
ld: warning: orphan section `.comment' from `/work/gmp-build/gmp-6.3.0/.libs/libgmp.a(errno.o)' being placed in section `.comment'
ld: warning: orphan section `.comment' from `/work/gmp-build/gmp-6.3.0/.libs/libgmp.a(memory.o)' being placed in section `.comment'
ld: warning: orphan section `.comment' from `/work/gmp-build/gmp-6.3.0/.libs/libgmp.a(lt9-cmp_ui.o)' being placed in section `.comment'
ld: warning: orphan section `.comment' from `/work/gmp-build/gmp-6.3.0/.libs/libgmp.a(cmpabs_ui.o)' being placed in section `.comment'
ld: warning: orphan section `.comment' from `/work/gmp-build/gmp-6.3.0/.libs/libgmp.a(millerrabin.o)' being placed in section `.comment'
ld: warning: orphan section `.comment' from `/work/gmp-build/gmp-6.3.0/.libs/libgmp.a(powm.o)' being placed in section `.comment'
ld: warning: orphan section `.comment' from `/work/gmp-build/gmp-6.3.0/.libs/libgmp.a(powm_ui.o)' being placed in section `.comment'
ld: warning: orphan section `.comment' from `/work/gmp-build/gmp-6.3.0/.libs/libgmp.a(stronglucas.o)' being placed in section `.comment'
ld: warning: orphan section `.comment' from `/work/gmp-build/gmp-6.3.0/.libs/libgmp.a(tdiv_q_2exp.o)' being placed in section `.comment'
ld: warning: orphan section `.comment' from `/work/gmp-build/gmp-6.3.0/.libs/libgmp.a(tdiv_r.o)' being placed in section `.comment'
ld: warning: orphan section `.comment' from `/work/gmp-build/gmp-6.3.0/.libs/libgmp.a(urandomm.o)' being placed in section `.comment'
ld: warning: orphan section `.comment' from `/work/gmp-build/gmp-6.3.0/.libs/libgmp.a(fat_mod_1.o)' being placed in section `.comment'
ld: warning: orphan section `.comment' from `/work/gmp-build/gmp-6.3.0/.libs/libgmp.a(fat_mul_basecase.o)' being placed in section `.comment'
ld: warning: orphan section `.comment' from `/work/gmp-build/gmp-6.3.0/.libs/libgmp.a(fat_mullo_basecase.o)' being placed in section `.comment'
ld: warning: orphan section `.comment' from `/work/gmp-build/gmp-6.3.0/.libs/libgmp.a(fat_redc_1.o)' being placed in section `.comment'
ld: warning: orphan section `.comment' from `/work/gmp-build/gmp-6.3.0/.libs/libgmp.a(fat_redc_2.o)' being placed in section `.comment'
ld: warning: orphan section `.comment' from `/work/gmp-build/gmp-6.3.0/.libs/libgmp.a(fat_sqr_basecase.o)' being placed in section `.comment'
ld: warning: orphan section `.comment' from `/work/gmp-build/gmp-6.3.0/.libs/libgmp.a(fat_addmul_2.o)' being placed in section `.comment'
ld: warning: orphan section `.comment' from `/work/gmp-build/gmp-6.3.0/.libs/libgmp.a(lt81-mul.o)' being placed in section `.comment'
ld: warning: orphan section `.comment' from `/work/gmp-build/gmp-6.3.0/.libs/libgmp.a(mul_n.o)' being placed in section `.comment'
ld: warning: orphan section `.comment' from `/work/gmp-build/gmp-6.3.0/.libs/libgmp.a(sqr.o)' being placed in section `.comment'
ld: warning: orphan section `.comment' from `/work/gmp-build/gmp-6.3.0/.libs/libgmp.a(nussbaumer_mul.o)' being placed in section `.comment'
ld: warning: orphan section `.comment' from `/work/gmp-build/gmp-6.3.0/.libs/libgmp.a(lt85-sqrtrem.o)' being placed in section `.comment'
ld: warning: orphan section `.comment' from `/work/gmp-build/gmp-6.3.0/.libs/libgmp.a(lt90-scan1.o)' being placed in section `.comment'
ld: warning: orphan section `.comment' from `/work/gmp-build/gmp-6.3.0/.libs/libgmp.a(lt94-perfsqr.o)' being placed in section `.comment'
ld: warning: orphan section `.comment' from `/work/gmp-build/gmp-6.3.0/.libs/libgmp.a(strongfibo.o)' being placed in section `.comment'
ld: warning: orphan section `.comment' from `/work/gmp-build/gmp-6.3.0/.libs/libgmp.a(lt98-tdiv_qr.o)' being placed in section `.comment'
ld: warning: orphan section `.comment' from `/work/gmp-build/gmp-6.3.0/.libs/libgmp.a(jacbase.o)' being placed in section `.comment'
ld: warning: orphan section `.comment' from `/work/gmp-build/gmp-6.3.0/.libs/libgmp.a(mullo_n.o)' being placed in section `.comment'
ld: warning: orphan section `.comment' from `/work/gmp-build/gmp-6.3.0/.libs/libgmp.a(toom22_mul.o)' being placed in section `.comment'
ld: warning: orphan section `.comment' from `/work/gmp-build/gmp-6.3.0/.libs/libgmp.a(toom32_mul.o)' being placed in section `.comment'
ld: warning: orphan section `.comment' from `/work/gmp-build/gmp-6.3.0/.libs/libgmp.a(toom42_mul.o)' being placed in section `.comment'
ld: warning: orphan section `.comment' from `/work/gmp-build/gmp-6.3.0/.libs/libgmp.a(toom33_mul.o)' being placed in section `.comment'
ld: warning: orphan section `.comment' from `/work/gmp-build/gmp-6.3.0/.libs/libgmp.a(toom43_mul.o)' being placed in section `.comment'
ld: warning: orphan section `.comment' from `/work/gmp-build/gmp-6.3.0/.libs/libgmp.a(toom53_mul.o)' being placed in section `.comment'
ld: warning: orphan section `.comment' from `/work/gmp-build/gmp-6.3.0/.libs/libgmp.a(toom63_mul.o)' being placed in section `.comment'
ld: warning: orphan section `.comment' from `/work/gmp-build/gmp-6.3.0/.libs/libgmp.a(toom44_mul.o)' being placed in section `.comment'
ld: warning: orphan section `.comment' from `/work/gmp-build/gmp-6.3.0/.libs/libgmp.a(toom6h_mul.o)' being placed in section `.comment'
ld: warning: orphan section `.comment' from `/work/gmp-build/gmp-6.3.0/.libs/libgmp.a(toom6_sqr.o)' being placed in section `.comment'
ld: warning: orphan section `.comment' from `/work/gmp-build/gmp-6.3.0/.libs/libgmp.a(toom8h_mul.o)' being placed in section `.comment'
ld: warning: orphan section `.comment' from `/work/gmp-build/gmp-6.3.0/.libs/libgmp.a(toom8_sqr.o)' being placed in section `.comment'
ld: warning: orphan section `.comment' from `/work/gmp-build/gmp-6.3.0/.libs/libgmp.a(toom_couple_handling.o)' being placed in section `.comment'
ld: warning: orphan section `.comment' from `/work/gmp-build/gmp-6.3.0/.libs/libgmp.a(toom2_sqr.o)' being placed in section `.comment'
ld: warning: orphan section `.comment' from `/work/gmp-build/gmp-6.3.0/.libs/libgmp.a(toom3_sqr.o)' being placed in section `.comment'
ld: warning: orphan section `.comment' from `/work/gmp-build/gmp-6.3.0/.libs/libgmp.a(toom_eval_dgr3_pm1.o)' being placed in section `.comment'
ld: warning: orphan section `.comment' from `/work/gmp-build/gmp-6.3.0/.libs/libgmp.a(toom_eval_dgr3_pm2.o)' being placed in section `.comment'
ld: warning: orphan section `.comment' from `/work/gmp-build/gmp-6.3.0/.libs/libgmp.a(toom_eval_pm1.o)' being placed in section `.comment'
ld: warning: orphan section `.comment' from `/work/gmp-build/gmp-6.3.0/.libs/libgmp.a(toom_eval_pm2.o)' being placed in section `.comment'
ld: warning: orphan section `.comment' from `/work/gmp-build/gmp-6.3.0/.libs/libgmp.a(toom_eval_pm2exp.o)' being placed in section `.comment'
ld: warning: orphan section `.comment' from `/work/gmp-build/gmp-6.3.0/.libs/libgmp.a(toom_eval_pm2rexp.o)' being placed in section `.comment'
ld: warning: orphan section `.comment' from `/work/gmp-build/gmp-6.3.0/.libs/libgmp.a(toom_interpolate_5pts.o)' being placed in section `.comment'
ld: warning: orphan section `.comment' from `/work/gmp-build/gmp-6.3.0/.libs/libgmp.a(toom_interpolate_6pts.o)' being placed in section `.comment'
ld: warning: orphan section `.comment' from `/work/gmp-build/gmp-6.3.0/.libs/libgmp.a(toom_interpolate_7pts.o)' being placed in section `.comment'
ld: warning: orphan section `.comment' from `/work/gmp-build/gmp-6.3.0/.libs/libgmp.a(toom_interpolate_8pts.o)' being placed in section `.comment'
ld: warning: orphan section `.comment' from `/work/gmp-build/gmp-6.3.0/.libs/libgmp.a(toom_interpolate_12pts.o)' being placed in section `.comment'
ld: warning: orphan section `.comment' from `/work/gmp-build/gmp-6.3.0/.libs/libgmp.a(toom_interpolate_16pts.o)' being placed in section `.comment'
ld: warning: orphan section `.comment' from `/work/gmp-build/gmp-6.3.0/.libs/libgmp.a(binvert.o)' being placed in section `.comment'
ld: warning: orphan section `.comment' from `/work/gmp-build/gmp-6.3.0/.libs/libgmp.a(mulmod_bnm1.o)' being placed in section `.comment'
ld: warning: orphan section `.comment' from `/work/gmp-build/gmp-6.3.0/.libs/libgmp.a(sqrmod_bnm1.o)' being placed in section `.comment'
ld: warning: orphan section `.comment' from `/work/gmp-build/gmp-6.3.0/.libs/libgmp.a(mulmod_bknp1.o)' being placed in section `.comment'
ld: warning: orphan section `.comment' from `/work/gmp-build/gmp-6.3.0/.libs/libgmp.a(sbpi1_div_qr.o)' being placed in section `.comment'
ld: warning: orphan section `.comment' from `/work/gmp-build/gmp-6.3.0/.libs/libgmp.a(sbpi1_divappr_q.o)' being placed in section `.comment'
ld: warning: orphan section `.comment' from `/work/gmp-build/gmp-6.3.0/.libs/libgmp.a(dcpi1_div_qr.o)' being placed in section `.comment'
ld: warning: orphan section `.comment' from `/work/gmp-build/gmp-6.3.0/.libs/libgmp.a(dcpi1_divappr_q.o)' being placed in section `.comment'
ld: warning: orphan section `.comment' from `/work/gmp-build/gmp-6.3.0/.libs/libgmp.a(mu_div_qr.o)' being placed in section `.comment'
ld: warning: orphan section `.comment' from `/work/gmp-build/gmp-6.3.0/.libs/libgmp.a(mu_divappr_q.o)' being placed in section `.comment'
ld: warning: orphan section `.comment' from `/work/gmp-build/gmp-6.3.0/.libs/libgmp.a(sbpi1_bdiv_q.o)' being placed in section `.comment'
ld: warning: orphan section `.comment' from `/work/gmp-build/gmp-6.3.0/.libs/libgmp.a(dcpi1_bdiv_q.o)' being placed in section `.comment'
ld: warning: orphan section `.comment' from `/work/gmp-build/gmp-6.3.0/.libs/libgmp.a(dcpi1_bdiv_qr.o)' being placed in section `.comment'
ld: warning: orphan section `.comment' from `/work/gmp-build/gmp-6.3.0/.libs/libgmp.a(lt103-powm.o)' being placed in section `.comment'
ld: warning: orphan section `.comment' from `/work/gmp-build/gmp-6.3.0/.libs/libgmp.a(powlo.o)' being placed in section `.comment'
ld: warning: orphan section `.comment' from `/work/gmp-build/gmp-6.3.0/.libs/libgmp.a(randclr.o)' being placed in section `.comment'
ld: warning: orphan section `.comment' from `/work/gmp-build/gmp-6.3.0/.libs/libgmp.a(randdef.o)' being placed in section `.comment'
ld: warning: orphan section `.comment' from `/work/gmp-build/gmp-6.3.0/.libs/libgmp.a(randmts.o)' being placed in section `.comment'
ld: warning: orphan section `.comment' from `/work/gmp-build/gmp-6.3.0/.libs/libgmp.a(mp_minv_tab.o)' being placed in section `.comment'
ld: warning: orphan section `.comment' from `/work/gmp-build/gmp-6.3.0/.libs/libgmp.a(tal-reent.o)' being placed in section `.comment'
ld: warning: orphan section `.comment' from `/work/gmp-build/gmp-6.3.0/.libs/libgmp.a(lt3-add_ui.o)' being placed in section `.comment'
ld: warning: orphan section `.comment' from `/work/gmp-build/gmp-6.3.0/.libs/libgmp.a(aorsmul_i.o)' being placed in section `.comment'
ld: warning: orphan section `.comment' from `/work/gmp-build/gmp-6.3.0/.libs/libgmp.a(clrbit.o)' being placed in section `.comment'
ld: warning: orphan section `.comment' from `/work/gmp-build/gmp-6.3.0/.libs/libgmp.a(export.o)' being placed in section `.comment'
ld: warning: orphan section `.comment' from `/work/gmp-build/gmp-6.3.0/.libs/libgmp.a(lt23-init2.o)' being placed in section `.comment'
ld: warning: orphan section `.comment' from `/work/gmp-build/gmp-6.3.0/.libs/libgmp.a(invert.o)' being placed in section `.comment'
ld: warning: orphan section `.comment' from `/work/gmp-build/gmp-6.3.0/.libs/libgmp.a(lt26-iset.o)' being placed in section `.comment'
ld: warning: orphan section `.comment' from `/work/gmp-build/gmp-6.3.0/.libs/libgmp.a(lucmod.o)' being placed in section `.comment'
ld: warning: orphan section `.comment' from `/work/gmp-build/gmp-6.3.0/.libs/libgmp.a(mod.o)' being placed in section `.comment'
ld: warning: orphan section `.comment' from `/work/gmp-build/gmp-6.3.0/.libs/libgmp.a(lt31-mul.o)' being placed in section `.comment'
ld: warning: orphan section `.comment' from `/work/gmp-build/gmp-6.3.0/.libs/libgmp.a(mul_si.o)' being placed in section `.comment'
ld: warning: orphan section `.comment' from `/work/gmp-build/gmp-6.3.0/.libs/libgmp.a(roinit_n.o)' being placed in section `.comment'
ld: warning: orphan section `.comment' from `/work/gmp-build/gmp-6.3.0/.libs/libgmp.a(scan0.o)' being placed in section `.comment'
ld: warning: orphan section `.comment' from `/work/gmp-build/gmp-6.3.0/.libs/libgmp.a(lt39-set.o)' being placed in section `.comment'
ld: warning: orphan section `.comment' from `/work/gmp-build/gmp-6.3.0/.libs/libgmp.a(lt42-set_si.o)' being placed in section `.comment'
ld: warning: orphan section `.comment' from `/work/gmp-build/gmp-6.3.0/.libs/libgmp.a(setbit.o)' being placed in section `.comment'
ld: warning: orphan section `.comment' from `/work/gmp-build/gmp-6.3.0/.libs/libgmp.a(lt47-sub.o)' being placed in section `.comment'
ld: warning: orphan section `.comment' from `/work/gmp-build/gmp-6.3.0/.libs/libgmp.a(lt49-swap.o)' being placed in section `.comment'
ld: warning: orphan section `.comment' from `/work/gmp-build/gmp-6.3.0/.libs/libgmp.a(tdiv_r_2exp.o)' being placed in section `.comment'
ld: warning: orphan section `.comment' from `/work/gmp-build/gmp-6.3.0/.libs/libgmp.a(tstbit.o)' being placed in section `.comment'
ld: warning: orphan section `.comment' from `/work/gmp-build/gmp-6.3.0/.libs/libgmp.a(fib2m.o)' being placed in section `.comment'
ld: warning: orphan section `.comment' from `/work/gmp-build/gmp-6.3.0/.libs/libgmp.a(mul_fft.o)' being placed in section `.comment'
ld: warning: orphan section `.comment' from `/work/gmp-build/gmp-6.3.0/.libs/libgmp.a(lt89-scan0.o)' being placed in section `.comment'
ld: warning: orphan section `.comment' from `/work/gmp-build/gmp-6.3.0/.libs/libgmp.a(sqrlo.o)' being placed in section `.comment'
ld: warning: orphan section `.comment' from `/work/gmp-build/gmp-6.3.0/.libs/libgmp.a(sqrlo_basecase.o)' being placed in section `.comment'
ld: warning: orphan section `.comment' from `/work/gmp-build/gmp-6.3.0/.libs/libgmp.a(invertappr.o)' being placed in section `.comment'
ld: warning: orphan section `.comment' from `/work/gmp-build/gmp-6.3.0/.libs/libgmp.a(sbpi1_bdiv_qr.o)' being placed in section `.comment'
ld: warning: orphan section `.comment' from `/work/gmp-build/gmp-6.3.0/.libs/libgmp.a(redc_n.o)' being placed in section `.comment'
ld: warning: orphan section `.comment' from `/work/gmp-build/gmp-6.3.0/.libs/libgmp.a(randmt.o)' being placed in section `.comment'
ld: warning: orphan section `.comment' from `/work/gmp-build/gmp-6.3.0/.libs/libgmp.a(lt2-add.o)' being placed in section `.comment'
ld: warning: orphan section `.comment' from `/work/gmp-build/gmp-6.3.0/.libs/libgmp.a(gcdext.o)' being placed in section `.comment'
ld: warning: orphan section `.comment' from `/work/gmp-build/gmp-6.3.0/.libs/libgmp.a(lt79-fib2_ui.o)' being placed in section `.comment'
ld: warning: orphan section `.comment' from `/work/gmp-build/gmp-6.3.0/.libs/libgmp.a(lt97-gcdext.o)' being placed in section `.comment'
ld: warning: orphan section `.comment' from `/work/gmp-build/gmp-6.3.0/.libs/libgmp.a(gcd_subdiv_step.o)' being placed in section `.comment'
ld: warning: orphan section `.comment' from `/work/gmp-build/gmp-6.3.0/.libs/libgmp.a(gcdext_lehmer.o)' being placed in section `.comment'
ld: warning: orphan section `.comment' from `/work/gmp-build/gmp-6.3.0/.libs/libgmp.a(matrix22_mul1_inverse_vector.o)' being placed in section `.comment'
ld: warning: orphan section `.comment' from `/work/gmp-build/gmp-6.3.0/.libs/libgmp.a(hgcd_matrix.o)' being placed in section `.comment'
ld: warning: orphan section `.comment' from `/work/gmp-build/gmp-6.3.0/.libs/libgmp.a(hgcd2.o)' being placed in section `.comment'
ld: warning: orphan section `.comment' from `/work/gmp-build/gmp-6.3.0/.libs/libgmp.a(hgcd.o)' being placed in section `.comment'
ld: warning: orphan section `.comment' from `/work/gmp-build/gmp-6.3.0/.libs/libgmp.a(lt102-divexact.o)' being placed in section `.comment'
ld: warning: orphan section `.comment' from `/work/gmp-build/gmp-6.3.0/.libs/libgmp.a(divexact.o)' being placed in section `.comment'
ld: warning: orphan section `.comment' from `/work/gmp-build/gmp-6.3.0/.libs/libgmp.a(fib_table.o)' being placed in section `.comment'
ld: warning: orphan section `.comment' from `/work/gmp-build/gmp-6.3.0/.libs/libgmp.a(gcdext_1.o)' being placed in section `.comment'
ld: warning: orphan section `.comment' from `/work/gmp-build/gmp-6.3.0/.libs/libgmp.a(matrix22_mul.o)' being placed in section `.comment'
ld: warning: orphan section `.comment' from `/work/gmp-build/gmp-6.3.0/.libs/libgmp.a(hgcd_step.o)' being placed in section `.comment'
ld: warning: orphan section `.comment' from `/work/gmp-build/gmp-6.3.0/.libs/libgmp.a(hgcd_reduce.o)' being placed in section `.comment'
ld: warning: orphan section `.comment' from `/work/gmp-build/gmp-6.3.0/.libs/libgmp.a(hgcd_appr.o)' being placed in section `.comment'
ld: warning: orphan section `.comment' from `/work/gmp-build/gmp-6.3.0/.libs/libgmp.a(bdiv_q.o)' being placed in section `.comment'
ld: warning: orphan section `.comment' from `/work/gmp-build/gmp-6.3.0/.libs/libgmp.a(mu_bdiv_q.o)' being placed in section `.comment'
ld: warning: orphan section `.comment' from `/work/BareMetal-App/BareMetal-AppPort/build/musl-1.2.6/lib/libc.a(__libc_start_main.o)' being placed in section `.comment'
ld: warning: orphan section `.comment' from `/work/BareMetal-App/BareMetal-AppPort/build/musl-1.2.6/lib/libc.a(abort.o)' being placed in section `.comment'
ld: warning: orphan section `.comment' from `/work/BareMetal-App/BareMetal-AppPort/build/musl-1.2.6/lib/libc.a(abort_lock.o)' being placed in section `.comment'
ld: warning: orphan section `.comment' from `/work/BareMetal-App/BareMetal-AppPort/build/musl-1.2.6/lib/libc.a(exit.o)' being placed in section `.comment'
ld: warning: orphan section `.comment' from `/work/BareMetal-App/BareMetal-AppPort/build/musl-1.2.6/lib/libc.a(defsysinfo.o)' being placed in section `.comment'
ld: warning: orphan section `.comment' from `/work/BareMetal-App/BareMetal-AppPort/build/musl-1.2.6/lib/libc.a(libc.o)' being placed in section `.comment'
ld: warning: orphan section `.comment' from `/work/BareMetal-App/BareMetal-AppPort/build/musl-1.2.6/lib/libc.a(free.o)' being placed in section `.comment'
ld: warning: orphan section `.comment' from `/work/BareMetal-App/BareMetal-AppPort/build/musl-1.2.6/lib/libc.a(lite_malloc.o)' being placed in section `.comment'
ld: warning: orphan section `.comment' from `/work/BareMetal-App/BareMetal-AppPort/build/musl-1.2.6/lib/libc.a(free.o)' being placed in section `.comment'
ld: warning: orphan section `.comment' from `/work/BareMetal-App/BareMetal-AppPort/build/musl-1.2.6/lib/libc.a(malloc.o)' being placed in section `.comment'
ld: warning: orphan section `.comment' from `/work/BareMetal-App/BareMetal-AppPort/build/musl-1.2.6/lib/libc.a(realloc.o)' being placed in section `.comment'
ld: warning: orphan section `.comment' from `/work/BareMetal-App/BareMetal-AppPort/build/musl-1.2.6/lib/libc.a(mmap.o)' being placed in section `.comment'
ld: warning: orphan section `.comment' from `/work/BareMetal-App/BareMetal-AppPort/build/musl-1.2.6/lib/libc.a(mprotect.o)' being placed in section `.comment'
ld: warning: orphan section `.comment' from `/work/BareMetal-App/BareMetal-AppPort/build/musl-1.2.6/lib/libc.a(munmap.o)' being placed in section `.comment'
ld: warning: orphan section `.comment' from `/work/BareMetal-App/BareMetal-AppPort/build/musl-1.2.6/lib/libc.a(block.o)' being placed in section `.comment'
ld: warning: orphan section `.comment' from `/work/BareMetal-App/BareMetal-AppPort/build/musl-1.2.6/lib/libc.a(raise.o)' being placed in section `.comment'
ld: warning: orphan section `.comment' from `/work/BareMetal-App/BareMetal-AppPort/build/musl-1.2.6/lib/libc.a(fflush.o)' being placed in section `.comment'
ld: warning: orphan section `.comment' from `/work/BareMetal-App/BareMetal-AppPort/build/musl-1.2.6/lib/libc.a(fprintf.o)' being placed in section `.comment'
ld: warning: orphan section `.comment' from `/work/BareMetal-App/BareMetal-AppPort/build/musl-1.2.6/lib/libc.a(ofl.o)' being placed in section `.comment'
ld: warning: orphan section `.comment' from `/work/BareMetal-App/BareMetal-AppPort/build/musl-1.2.6/lib/libc.a(printf.o)' being placed in section `.comment'
ld: warning: orphan section `.comment' from `/work/BareMetal-App/BareMetal-AppPort/build/musl-1.2.6/lib/libc.a(stderr.o)' being placed in section `.comment'
ld: warning: orphan section `.comment' from `/work/BareMetal-App/BareMetal-AppPort/build/musl-1.2.6/lib/libc.a(stdout.o)' being placed in section `.comment'
ld: warning: orphan section `.comment' from `/work/BareMetal-App/BareMetal-AppPort/build/musl-1.2.6/lib/libc.a(vfprintf.o)' being placed in section `.comment'
ld: warning: orphan section `.comment' from `/work/BareMetal-App/BareMetal-AppPort/build/musl-1.2.6/lib/libc.a(strcmp.o)' being placed in section `.comment'
ld: warning: orphan section `.comment' from `/work/BareMetal-App/BareMetal-AppPort/build/musl-1.2.6/lib/libc.a(strcpy.o)' being placed in section `.comment'
ld: warning: orphan section `.comment' from `/work/BareMetal-App/BareMetal-AppPort/build/musl-1.2.6/lib/libc.a(strnlen.o)' being placed in section `.comment'
ld: warning: orphan section `.comment' from `/work/BareMetal-App/BareMetal-AppPort/build/musl-1.2.6/lib/libc.a(strstr.o)' being placed in section `.comment'
ld: warning: orphan section `.comment' from `/work/BareMetal-App/BareMetal-AppPort/build/musl-1.2.6/lib/libc.a(__lock.o)' being placed in section `.comment'
ld: warning: orphan section `.comment' from `/work/BareMetal-App/BareMetal-AppPort/build/musl-1.2.6/lib/libc.a(__environ.o)' being placed in section `.comment'
ld: warning: orphan section `.comment' from `/work/BareMetal-App/BareMetal-AppPort/build/musl-1.2.6/lib/libc.a(__init_tls.o)' being placed in section `.comment'
ld: warning: orphan section `.comment' from `/work/BareMetal-App/BareMetal-AppPort/build/musl-1.2.6/lib/libc.a(__errno_location.o)' being placed in section `.comment'
ld: warning: orphan section `.comment' from `/work/BareMetal-App/BareMetal-AppPort/build/musl-1.2.6/lib/libc.a(strerror.o)' being placed in section `.comment'
ld: warning: orphan section `.comment' from `/work/BareMetal-App/BareMetal-AppPort/build/musl-1.2.6/lib/libc.a(_Exit.o)' being placed in section `.comment'
ld: warning: orphan section `.comment' from `/work/BareMetal-App/BareMetal-AppPort/build/musl-1.2.6/lib/libc.a(syscall_ret.o)' being placed in section `.comment'
ld: warning: orphan section `.comment' from `/work/BareMetal-App/BareMetal-AppPort/build/musl-1.2.6/lib/libc.a(__lctrans.o)' being placed in section `.comment'
ld: warning: orphan section `.comment' from `/work/BareMetal-App/BareMetal-AppPort/build/musl-1.2.6/lib/libc.a(realloc.o)' being placed in section `.comment'
ld: warning: orphan section `.comment' from `/work/BareMetal-App/BareMetal-AppPort/build/musl-1.2.6/lib/libc.a(__fpclassifyl.o)' being placed in section `.comment'
ld: warning: orphan section `.comment' from `/work/BareMetal-App/BareMetal-AppPort/build/musl-1.2.6/lib/libc.a(__signbitl.o)' being placed in section `.comment'
ld: warning: orphan section `.comment' from `/work/BareMetal-App/BareMetal-AppPort/build/musl-1.2.6/lib/libc.a(frexpl.o)' being placed in section `.comment'
ld: warning: orphan section `.comment' from `/work/BareMetal-App/BareMetal-AppPort/build/musl-1.2.6/lib/libc.a(scalbn.o)' being placed in section `.comment'
ld: warning: orphan section `.comment' from `/work/BareMetal-App/BareMetal-AppPort/build/musl-1.2.6/lib/libc.a(mremap.o)' being placed in section `.comment'
ld: warning: orphan section `.comment' from `/work/BareMetal-App/BareMetal-AppPort/build/musl-1.2.6/lib/libc.a(wctomb.o)' being placed in section `.comment'
ld: warning: orphan section `.comment' from `/work/BareMetal-App/BareMetal-AppPort/build/musl-1.2.6/lib/libc.a(__lockfile.o)' being placed in section `.comment'
ld: warning: orphan section `.comment' from `/work/BareMetal-App/BareMetal-AppPort/build/musl-1.2.6/lib/libc.a(__stdio_close.o)' being placed in section `.comment'
ld: warning: orphan section `.comment' from `/work/BareMetal-App/BareMetal-AppPort/build/musl-1.2.6/lib/libc.a(__stdio_seek.o)' being placed in section `.comment'
ld: warning: orphan section `.comment' from `/work/BareMetal-App/BareMetal-AppPort/build/musl-1.2.6/lib/libc.a(__stdio_write.o)' being placed in section `.comment'
ld: warning: orphan section `.comment' from `/work/BareMetal-App/BareMetal-AppPort/build/musl-1.2.6/lib/libc.a(__stdout_write.o)' being placed in section `.comment'
ld: warning: orphan section `.comment' from `/work/BareMetal-App/BareMetal-AppPort/build/musl-1.2.6/lib/libc.a(__towrite.o)' being placed in section `.comment'
ld: warning: orphan section `.comment' from `/work/BareMetal-App/BareMetal-AppPort/build/musl-1.2.6/lib/libc.a(fwrite.o)' being placed in section `.comment'
ld: warning: orphan section `.comment' from `/work/BareMetal-App/BareMetal-AppPort/build/musl-1.2.6/lib/libc.a(memchr.o)' being placed in section `.comment'
ld: warning: orphan section `.comment' from `/work/BareMetal-App/BareMetal-AppPort/build/musl-1.2.6/lib/libc.a(memcmp.o)' being placed in section `.comment'
ld: warning: orphan section `.comment' from `/work/BareMetal-App/BareMetal-AppPort/build/musl-1.2.6/lib/libc.a(stpcpy.o)' being placed in section `.comment'
ld: warning: orphan section `.comment' from `/work/BareMetal-App/BareMetal-AppPort/build/musl-1.2.6/lib/libc.a(strchr.o)' being placed in section `.comment'
ld: warning: orphan section `.comment' from `/work/BareMetal-App/BareMetal-AppPort/build/musl-1.2.6/lib/libc.a(strchrnul.o)' being placed in section `.comment'
ld: warning: orphan section `.comment' from `/work/BareMetal-App/BareMetal-AppPort/build/musl-1.2.6/lib/libc.a(strlen.o)' being placed in section `.comment'
ld: warning: orphan section `.comment' from `/work/BareMetal-App/BareMetal-AppPort/build/musl-1.2.6/lib/libc.a(default_attr.o)' being placed in section `.comment'
ld: warning: orphan section `.comment' from `/work/BareMetal-App/BareMetal-AppPort/build/musl-1.2.6/lib/libc.a(lseek.o)' being placed in section `.comment'
ld: warning: orphan section `.comment' from `/work/BareMetal-App/BareMetal-AppPort/build/musl-1.2.6/lib/libc.a(wcrtomb.o)' being placed in section `.comment'
ld: warning: orphan section `.comment' from `/work/BareMetal-App/BareMetal-AppPort/build/musl-1.2.6/lib/libc.a(__stdio_exit.o)' being placed in section `.comment'
=== result ===
-rwxr-xr-x 1 root root 2744524 Sep  5 05:44 /work/applink/cc_worker.app
--- undefined symbols (must be empty):
--- assembly actually linked in (not a C fallback):
ffff800000008598 T __gmpn_addmul_1
ffff800000021170 T __gmpn_addmul_1_atom
ffff80000000f8c0 T __gmpn_addmul_1_bd1
ffff800000011100 T __gmpn_addmul_1_bt1
ffff800000017b50 T __gmpn_addmul_1_core2
--- sections:
.text                    00057119 @ ffff800000000000
.rodata                  00246700 @ ffff800000057140
.data                    0000088c @ ffff80000029d840
.bss                     00006120 @ ffff80000029e0e0
.comment                 0000002d @ 0000000000000000
=== wrapping into baremetal.elf ===
Unikernel mode enabled
-rwxr-xr-x 1 root root 3797552 Sep  5 05:44 /out/baremetal.elf

worker image: /Users/reza/PycharmProjects/unikernel-c/gmp/results/workers/w1/baremetal.elf
2026-09-05T05:44:31Z   upload failed for cc-w1
2026-09-05T05:44:31Z cc-w2 (cmtnoceeh00asn1nbjdt39733) has stopped -- harvesting
2026-09-05T05:44:34Z   harvested 2984 lines, 1 hits; WORKER_DONE slice=w2 examined=295284 best=3 best_m=100271850212
2026-09-05T05:44:37Z   rebuilding cc-w2 on m=[100525000000,100630000000)
sieving w2: m=[100525000000,100630000000) depth=1000000000
wrote /Users/reza/PycharmProjects/unikernel-c/gmp/results/workers/w2/cc_slice.h: 294425 survivors from 105000000 multipliers (.002804)
Already up to date.
Already up to date.
=== port already built, reusing ===
=== target libgmp.a already built, reusing ===
=== linking cc_worker for slice ===
=== compiling port objects ===
=== compiling app (CPPFLAGS: -I/work/applink) ===
=== linking ===
ld: warning: orphan section `.comment' from `/work/applink/crt0.o' being placed in section `.comment'
ld: warning: orphan section `.rela.got' from `/work/applink/crt0.o' being placed in section `.rela.dyn'
ld: warning: orphan section `.got' from `/work/applink/crt0.o' being placed in section `.got'
ld: warning: orphan section `.got.plt' from `/work/applink/crt0.o' being placed in section `.got.plt'
ld: warning: orphan section `.iplt' from `/work/applink/crt0.o' being placed in section `.iplt'
ld: warning: orphan section `.rela.iplt' from `/work/applink/crt0.o' being placed in section `.rela.dyn'
ld: warning: orphan section `.igot.plt' from `/work/applink/crt0.o' being placed in section `.igot.plt'
ld: warning: orphan section `.rela.text.image_fits_in_ram' from `/work/applink/crt0.o' being placed in section `.rela.dyn'
ld: warning: orphan section `.rela.text.zero_bss' from `/work/applink/crt0.o' being placed in section `.rela.dyn'
ld: warning: orphan section `.rela.text.heap_init' from `/work/applink/crt0.o' being placed in section `.rela.dyn'
ld: warning: orphan section `.rela.text.__gmp_default_allocate' from `/work/applink/crt0.o' being placed in section `.rela.dyn'
ld: warning: orphan section `.rela.text.__init_libc' from `/work/applink/crt0.o' being placed in section `.rela.dyn'
ld: warning: orphan section `.rela.text.libc_start_init' from `/work/applink/crt0.o' being placed in section `.rela.dyn'
ld: warning: orphan section `.rela.text.libc_start_main_stage2' from `/work/applink/crt0.o' being placed in section `.rela.dyn'
ld: warning: orphan section `.rela.text.libc_exit_fini' from `/work/applink/crt0.o' being placed in section `.rela.dyn'
ld: warning: orphan section `.rela.text.exit' from `/work/applink/crt0.o' being placed in section `.rela.dyn'
ld: warning: orphan section `.rela.text.__libc_free' from `/work/applink/crt0.o' being placed in section `.rela.dyn'
ld: warning: orphan section `.rela.text.__malloc_alloc_meta' from `/work/applink/crt0.o' being placed in section `.rela.dyn'
ld: warning: orphan section `.rela.text.__libc_malloc_impl' from `/work/applink/crt0.o' being placed in section `.rela.dyn'
ld: warning: orphan section `.rela.text.__mmap' from `/work/applink/crt0.o' being placed in section `.rela.dyn'
ld: warning: orphan section `.rela.text.__munmap' from `/work/applink/crt0.o' being placed in section `.rela.dyn'
ld: warning: orphan section `.rela.text.printf_core' from `/work/applink/crt0.o' being placed in section `.rela.dyn'
ld: warning: orphan section `.rela.text.static_init_tls' from `/work/applink/crt0.o' being placed in section `.rela.dyn'
ld: warning: orphan section `.rela.text.__syscall_ret' from `/work/applink/crt0.o' being placed in section `.rela.dyn'
ld: warning: orphan section `.rela.text.__lctrans' from `/work/applink/crt0.o' being placed in section `.rela.dyn'
ld: warning: orphan section `.rela.text.__libc_realloc' from `/work/applink/crt0.o' being placed in section `.rela.dyn'
ld: warning: orphan section `.rela.text.__mremap' from `/work/applink/crt0.o' being placed in section `.rela.dyn'
ld: warning: orphan section `.rela.text.__stdio_close' from `/work/applink/crt0.o' being placed in section `.rela.dyn'
ld: warning: orphan section `.rela.text.wcrtomb' from `/work/applink/crt0.o' being placed in section `.rela.dyn'
ld: warning: orphan section `.rela.text.__stdio_exit' from `/work/applink/crt0.o' being placed in section `.rela.dyn'
ld: warning: orphan section `.comment' from `/work/applink/posix_shim.o' being placed in section `.comment'
ld: warning: orphan section `.comment' from `/work/applink/thread_shim.o' being placed in section `.comment'
ld: warning: orphan section `.comment' from `/work/applink/libBareMetal.o' being placed in section `.comment'
ld: warning: orphan section `.comment' from `/work/applink/min_stubs.o' being placed in section `.comment'
ld: warning: orphan section `.comment' from `/work/applink/cc_worker.o' being placed in section `.comment'
ld: warning: orphan section `.comment' from `/work/gmp-build/gmp-6.3.0/.libs/libgmp.a(lt4-clear.o)' being placed in section `.comment'
ld: warning: orphan section `.comment' from `/work/gmp-build/gmp-6.3.0/.libs/libgmp.a(lt5-clears.o)' being placed in section `.comment'
ld: warning: orphan section `.comment' from `/work/gmp-build/gmp-6.3.0/.libs/libgmp.a(lt22-init.o)' being placed in section `.comment'
ld: warning: orphan section `.comment' from `/work/gmp-build/gmp-6.3.0/.libs/libgmp.a(lt24-inits.o)' being placed in section `.comment'
ld: warning: orphan section `.comment' from `/work/gmp-build/gmp-6.3.0/.libs/libgmp.a(lt30-iset_ui.o)' being placed in section `.comment'
ld: warning: orphan section `.comment' from `/work/gmp-build/gmp-6.3.0/.libs/libgmp.a(lt32-mul_2exp.o)' being placed in section `.comment'
ld: warning: orphan section `.comment' from `/work/gmp-build/gmp-6.3.0/.libs/libgmp.a(lt33-mul_ui.o)' being placed in section `.comment'
ld: warning: orphan section `.comment' from `/work/gmp-build/gmp-6.3.0/.libs/libgmp.a(pprime_p.o)' being placed in section `.comment'
ld: warning: orphan section `.comment' from `/work/gmp-build/gmp-6.3.0/.libs/libgmp.a(realloc.o)' being placed in section `.comment'
ld: warning: orphan section `.comment' from `/work/gmp-build/gmp-6.3.0/.libs/libgmp.a(lt44-set_ui.o)' being placed in section `.comment'
ld: warning: orphan section `.comment' from `/work/gmp-build/gmp-6.3.0/.libs/libgmp.a(sizeinbase.o)' being placed in section `.comment'
ld: warning: orphan section `.comment' from `/work/gmp-build/gmp-6.3.0/.libs/libgmp.a(lt48-sub_ui.o)' being placed in section `.comment'
ld: warning: orphan section `.comment' from `/work/gmp-build/gmp-6.3.0/.libs/libgmp.a(mp_bases.o)' being placed in section `.comment'
ld: warning: orphan section `.comment' from `/work/gmp-build/gmp-6.3.0/.libs/libgmp.a(fat.o)' being placed in section `.comment'
ld: warning: orphan section `.comment' from `/work/gmp-build/gmp-6.3.0/.libs/libgmp.a(assert.o)' being placed in section `.comment'
ld: warning: orphan section `.comment' from `/work/gmp-build/gmp-6.3.0/.libs/libgmp.a(errno.o)' being placed in section `.comment'
ld: warning: orphan section `.comment' from `/work/gmp-build/gmp-6.3.0/.libs/libgmp.a(memory.o)' being placed in section `.comment'
ld: warning: orphan section `.comment' from `/work/gmp-build/gmp-6.3.0/.libs/libgmp.a(lt9-cmp_ui.o)' being placed in section `.comment'
ld: warning: orphan section `.comment' from `/work/gmp-build/gmp-6.3.0/.libs/libgmp.a(cmpabs_ui.o)' being placed in section `.comment'
ld: warning: orphan section `.comment' from `/work/gmp-build/gmp-6.3.0/.libs/libgmp.a(millerrabin.o)' being placed in section `.comment'
ld: warning: orphan section `.comment' from `/work/gmp-build/gmp-6.3.0/.libs/libgmp.a(powm.o)' being placed in section `.comment'
ld: warning: orphan section `.comment' from `/work/gmp-build/gmp-6.3.0/.libs/libgmp.a(powm_ui.o)' being placed in section `.comment'
ld: warning: orphan section `.comment' from `/work/gmp-build/gmp-6.3.0/.libs/libgmp.a(stronglucas.o)' being placed in section `.comment'
ld: warning: orphan section `.comment' from `/work/gmp-build/gmp-6.3.0/.libs/libgmp.a(tdiv_q_2exp.o)' being placed in section `.comment'
ld: warning: orphan section `.comment' from `/work/gmp-build/gmp-6.3.0/.libs/libgmp.a(tdiv_r.o)' being placed in section `.comment'
ld: warning: orphan section `.comment' from `/work/gmp-build/gmp-6.3.0/.libs/libgmp.a(urandomm.o)' being placed in section `.comment'
ld: warning: orphan section `.comment' from `/work/gmp-build/gmp-6.3.0/.libs/libgmp.a(fat_mod_1.o)' being placed in section `.comment'
ld: warning: orphan section `.comment' from `/work/gmp-build/gmp-6.3.0/.libs/libgmp.a(fat_mul_basecase.o)' being placed in section `.comment'
ld: warning: orphan section `.comment' from `/work/gmp-build/gmp-6.3.0/.libs/libgmp.a(fat_mullo_basecase.o)' being placed in section `.comment'
ld: warning: orphan section `.comment' from `/work/gmp-build/gmp-6.3.0/.libs/libgmp.a(fat_redc_1.o)' being placed in section `.comment'
ld: warning: orphan section `.comment' from `/work/gmp-build/gmp-6.3.0/.libs/libgmp.a(fat_redc_2.o)' being placed in section `.comment'
ld: warning: orphan section `.comment' from `/work/gmp-build/gmp-6.3.0/.libs/libgmp.a(fat_sqr_basecase.o)' being placed in section `.comment'
ld: warning: orphan section `.comment' from `/work/gmp-build/gmp-6.3.0/.libs/libgmp.a(fat_addmul_2.o)' being placed in section `.comment'
ld: warning: orphan section `.comment' from `/work/gmp-build/gmp-6.3.0/.libs/libgmp.a(lt81-mul.o)' being placed in section `.comment'
ld: warning: orphan section `.comment' from `/work/gmp-build/gmp-6.3.0/.libs/libgmp.a(mul_n.o)' being placed in section `.comment'
ld: warning: orphan section `.comment' from `/work/gmp-build/gmp-6.3.0/.libs/libgmp.a(sqr.o)' being placed in section `.comment'
ld: warning: orphan section `.comment' from `/work/gmp-build/gmp-6.3.0/.libs/libgmp.a(nussbaumer_mul.o)' being placed in section `.comment'
ld: warning: orphan section `.comment' from `/work/gmp-build/gmp-6.3.0/.libs/libgmp.a(lt85-sqrtrem.o)' being placed in section `.comment'
ld: warning: orphan section `.comment' from `/work/gmp-build/gmp-6.3.0/.libs/libgmp.a(lt90-scan1.o)' being placed in section `.comment'
ld: warning: orphan section `.comment' from `/work/gmp-build/gmp-6.3.0/.libs/libgmp.a(lt94-perfsqr.o)' being placed in section `.comment'
ld: warning: orphan section `.comment' from `/work/gmp-build/gmp-6.3.0/.libs/libgmp.a(strongfibo.o)' being placed in section `.comment'
ld: warning: orphan section `.comment' from `/work/gmp-build/gmp-6.3.0/.libs/libgmp.a(lt98-tdiv_qr.o)' being placed in section `.comment'
ld: warning: orphan section `.comment' from `/work/gmp-build/gmp-6.3.0/.libs/libgmp.a(jacbase.o)' being placed in section `.comment'
ld: warning: orphan section `.comment' from `/work/gmp-build/gmp-6.3.0/.libs/libgmp.a(mullo_n.o)' being placed in section `.comment'
ld: warning: orphan section `.comment' from `/work/gmp-build/gmp-6.3.0/.libs/libgmp.a(toom22_mul.o)' being placed in section `.comment'
ld: warning: orphan section `.comment' from `/work/gmp-build/gmp-6.3.0/.libs/libgmp.a(toom32_mul.o)' being placed in section `.comment'
ld: warning: orphan section `.comment' from `/work/gmp-build/gmp-6.3.0/.libs/libgmp.a(toom42_mul.o)' being placed in section `.comment'
ld: warning: orphan section `.comment' from `/work/gmp-build/gmp-6.3.0/.libs/libgmp.a(toom33_mul.o)' being placed in section `.comment'
ld: warning: orphan section `.comment' from `/work/gmp-build/gmp-6.3.0/.libs/libgmp.a(toom43_mul.o)' being placed in section `.comment'
ld: warning: orphan section `.comment' from `/work/gmp-build/gmp-6.3.0/.libs/libgmp.a(toom53_mul.o)' being placed in section `.comment'
ld: warning: orphan section `.comment' from `/work/gmp-build/gmp-6.3.0/.libs/libgmp.a(toom63_mul.o)' being placed in section `.comment'
ld: warning: orphan section `.comment' from `/work/gmp-build/gmp-6.3.0/.libs/libgmp.a(toom44_mul.o)' being placed in section `.comment'
ld: warning: orphan section `.comment' from `/work/gmp-build/gmp-6.3.0/.libs/libgmp.a(toom6h_mul.o)' being placed in section `.comment'
ld: warning: orphan section `.comment' from `/work/gmp-build/gmp-6.3.0/.libs/libgmp.a(toom6_sqr.o)' being placed in section `.comment'
ld: warning: orphan section `.comment' from `/work/gmp-build/gmp-6.3.0/.libs/libgmp.a(toom8h_mul.o)' being placed in section `.comment'
ld: warning: orphan section `.comment' from `/work/gmp-build/gmp-6.3.0/.libs/libgmp.a(toom8_sqr.o)' being placed in section `.comment'
ld: warning: orphan section `.comment' from `/work/gmp-build/gmp-6.3.0/.libs/libgmp.a(toom_couple_handling.o)' being placed in section `.comment'
ld: warning: orphan section `.comment' from `/work/gmp-build/gmp-6.3.0/.libs/libgmp.a(toom2_sqr.o)' being placed in section `.comment'
ld: warning: orphan section `.comment' from `/work/gmp-build/gmp-6.3.0/.libs/libgmp.a(toom3_sqr.o)' being placed in section `.comment'
ld: warning: orphan section `.comment' from `/work/gmp-build/gmp-6.3.0/.libs/libgmp.a(toom_eval_dgr3_pm1.o)' being placed in section `.comment'
ld: warning: orphan section `.comment' from `/work/gmp-build/gmp-6.3.0/.libs/libgmp.a(toom_eval_dgr3_pm2.o)' being placed in section `.comment'
ld: warning: orphan section `.comment' from `/work/gmp-build/gmp-6.3.0/.libs/libgmp.a(toom_eval_pm1.o)' being placed in section `.comment'
ld: warning: orphan section `.comment' from `/work/gmp-build/gmp-6.3.0/.libs/libgmp.a(toom_eval_pm2.o)' being placed in section `.comment'
ld: warning: orphan section `.comment' from `/work/gmp-build/gmp-6.3.0/.libs/libgmp.a(toom_eval_pm2exp.o)' being placed in section `.comment'
ld: warning: orphan section `.comment' from `/work/gmp-build/gmp-6.3.0/.libs/libgmp.a(toom_eval_pm2rexp.o)' being placed in section `.comment'
ld: warning: orphan section `.comment' from `/work/gmp-build/gmp-6.3.0/.libs/libgmp.a(toom_interpolate_5pts.o)' being placed in section `.comment'
ld: warning: orphan section `.comment' from `/work/gmp-build/gmp-6.3.0/.libs/libgmp.a(toom_interpolate_6pts.o)' being placed in section `.comment'
ld: warning: orphan section `.comment' from `/work/gmp-build/gmp-6.3.0/.libs/libgmp.a(toom_interpolate_7pts.o)' being placed in section `.comment'
ld: warning: orphan section `.comment' from `/work/gmp-build/gmp-6.3.0/.libs/libgmp.a(toom_interpolate_8pts.o)' being placed in section `.comment'
ld: warning: orphan section `.comment' from `/work/gmp-build/gmp-6.3.0/.libs/libgmp.a(toom_interpolate_12pts.o)' being placed in section `.comment'
ld: warning: orphan section `.comment' from `/work/gmp-build/gmp-6.3.0/.libs/libgmp.a(toom_interpolate_16pts.o)' being placed in section `.comment'
ld: warning: orphan section `.comment' from `/work/gmp-build/gmp-6.3.0/.libs/libgmp.a(binvert.o)' being placed in section `.comment'
ld: warning: orphan section `.comment' from `/work/gmp-build/gmp-6.3.0/.libs/libgmp.a(mulmod_bnm1.o)' being placed in section `.comment'
ld: warning: orphan section `.comment' from `/work/gmp-build/gmp-6.3.0/.libs/libgmp.a(sqrmod_bnm1.o)' being placed in section `.comment'
ld: warning: orphan section `.comment' from `/work/gmp-build/gmp-6.3.0/.libs/libgmp.a(mulmod_bknp1.o)' being placed in section `.comment'
ld: warning: orphan section `.comment' from `/work/gmp-build/gmp-6.3.0/.libs/libgmp.a(sbpi1_div_qr.o)' being placed in section `.comment'
ld: warning: orphan section `.comment' from `/work/gmp-build/gmp-6.3.0/.libs/libgmp.a(sbpi1_divappr_q.o)' being placed in section `.comment'
ld: warning: orphan section `.comment' from `/work/gmp-build/gmp-6.3.0/.libs/libgmp.a(dcpi1_div_qr.o)' being placed in section `.comment'
ld: warning: orphan section `.comment' from `/work/gmp-build/gmp-6.3.0/.libs/libgmp.a(dcpi1_divappr_q.o)' being placed in section `.comment'
ld: warning: orphan section `.comment' from `/work/gmp-build/gmp-6.3.0/.libs/libgmp.a(mu_div_qr.o)' being placed in section `.comment'
ld: warning: orphan section `.comment' from `/work/gmp-build/gmp-6.3.0/.libs/libgmp.a(mu_divappr_q.o)' being placed in section `.comment'
ld: warning: orphan section `.comment' from `/work/gmp-build/gmp-6.3.0/.libs/libgmp.a(sbpi1_bdiv_q.o)' being placed in section `.comment'
ld: warning: orphan section `.comment' from `/work/gmp-build/gmp-6.3.0/.libs/libgmp.a(dcpi1_bdiv_q.o)' being placed in section `.comment'
ld: warning: orphan section `.comment' from `/work/gmp-build/gmp-6.3.0/.libs/libgmp.a(dcpi1_bdiv_qr.o)' being placed in section `.comment'
ld: warning: orphan section `.comment' from `/work/gmp-build/gmp-6.3.0/.libs/libgmp.a(lt103-powm.o)' being placed in section `.comment'
ld: warning: orphan section `.comment' from `/work/gmp-build/gmp-6.3.0/.libs/libgmp.a(powlo.o)' being placed in section `.comment'
ld: warning: orphan section `.comment' from `/work/gmp-build/gmp-6.3.0/.libs/libgmp.a(randclr.o)' being placed in section `.comment'
ld: warning: orphan section `.comment' from `/work/gmp-build/gmp-6.3.0/.libs/libgmp.a(randdef.o)' being placed in section `.comment'
ld: warning: orphan section `.comment' from `/work/gmp-build/gmp-6.3.0/.libs/libgmp.a(randmts.o)' being placed in section `.comment'
ld: warning: orphan section `.comment' from `/work/gmp-build/gmp-6.3.0/.libs/libgmp.a(mp_minv_tab.o)' being placed in section `.comment'
ld: warning: orphan section `.comment' from `/work/gmp-build/gmp-6.3.0/.libs/libgmp.a(tal-reent.o)' being placed in section `.comment'
ld: warning: orphan section `.comment' from `/work/gmp-build/gmp-6.3.0/.libs/libgmp.a(lt3-add_ui.o)' being placed in section `.comment'
ld: warning: orphan section `.comment' from `/work/gmp-build/gmp-6.3.0/.libs/libgmp.a(aorsmul_i.o)' being placed in section `.comment'
ld: warning: orphan section `.comment' from `/work/gmp-build/gmp-6.3.0/.libs/libgmp.a(clrbit.o)' being placed in section `.comment'
ld: warning: orphan section `.comment' from `/work/gmp-build/gmp-6.3.0/.libs/libgmp.a(export.o)' being placed in section `.comment'
ld: warning: orphan section `.comment' from `/work/gmp-build/gmp-6.3.0/.libs/libgmp.a(lt23-init2.o)' being placed in section `.comment'
ld: warning: orphan section `.comment' from `/work/gmp-build/gmp-6.3.0/.libs/libgmp.a(invert.o)' being placed in section `.comment'
ld: warning: orphan section `.comment' from `/work/gmp-build/gmp-6.3.0/.libs/libgmp.a(lt26-iset.o)' being placed in section `.comment'
ld: warning: orphan section `.comment' from `/work/gmp-build/gmp-6.3.0/.libs/libgmp.a(lucmod.o)' being placed in section `.comment'
ld: warning: orphan section `.comment' from `/work/gmp-build/gmp-6.3.0/.libs/libgmp.a(mod.o)' being placed in section `.comment'
ld: warning: orphan section `.comment' from `/work/gmp-build/gmp-6.3.0/.libs/libgmp.a(lt31-mul.o)' being placed in section `.comment'
ld: warning: orphan section `.comment' from `/work/gmp-build/gmp-6.3.0/.libs/libgmp.a(mul_si.o)' being placed in section `.comment'
ld: warning: orphan section `.comment' from `/work/gmp-build/gmp-6.3.0/.libs/libgmp.a(roinit_n.o)' being placed in section `.comment'
ld: warning: orphan section `.comment' from `/work/gmp-build/gmp-6.3.0/.libs/libgmp.a(scan0.o)' being placed in section `.comment'
ld: warning: orphan section `.comment' from `/work/gmp-build/gmp-6.3.0/.libs/libgmp.a(lt39-set.o)' being placed in section `.comment'
ld: warning: orphan section `.comment' from `/work/gmp-build/gmp-6.3.0/.libs/libgmp.a(lt42-set_si.o)' being placed in section `.comment'
ld: warning: orphan section `.comment' from `/work/gmp-build/gmp-6.3.0/.libs/libgmp.a(setbit.o)' being placed in section `.comment'
ld: warning: orphan section `.comment' from `/work/gmp-build/gmp-6.3.0/.libs/libgmp.a(lt47-sub.o)' being placed in section `.comment'
ld: warning: orphan section `.comment' from `/work/gmp-build/gmp-6.3.0/.libs/libgmp.a(lt49-swap.o)' being placed in section `.comment'
ld: warning: orphan section `.comment' from `/work/gmp-build/gmp-6.3.0/.libs/libgmp.a(tdiv_r_2exp.o)' being placed in section `.comment'
ld: warning: orphan section `.comment' from `/work/gmp-build/gmp-6.3.0/.libs/libgmp.a(tstbit.o)' being placed in section `.comment'
ld: warning: orphan section `.comment' from `/work/gmp-build/gmp-6.3.0/.libs/libgmp.a(fib2m.o)' being placed in section `.comment'
ld: warning: orphan section `.comment' from `/work/gmp-build/gmp-6.3.0/.libs/libgmp.a(mul_fft.o)' being placed in section `.comment'
ld: warning: orphan section `.comment' from `/work/gmp-build/gmp-6.3.0/.libs/libgmp.a(lt89-scan0.o)' being placed in section `.comment'
ld: warning: orphan section `.comment' from `/work/gmp-build/gmp-6.3.0/.libs/libgmp.a(sqrlo.o)' being placed in section `.comment'
ld: warning: orphan section `.comment' from `/work/gmp-build/gmp-6.3.0/.libs/libgmp.a(sqrlo_basecase.o)' being placed in section `.comment'
ld: warning: orphan section `.comment' from `/work/gmp-build/gmp-6.3.0/.libs/libgmp.a(invertappr.o)' being placed in section `.comment'
ld: warning: orphan section `.comment' from `/work/gmp-build/gmp-6.3.0/.libs/libgmp.a(sbpi1_bdiv_qr.o)' being placed in section `.comment'
ld: warning: orphan section `.comment' from `/work/gmp-build/gmp-6.3.0/.libs/libgmp.a(redc_n.o)' being placed in section `.comment'
ld: warning: orphan section `.comment' from `/work/gmp-build/gmp-6.3.0/.libs/libgmp.a(randmt.o)' being placed in section `.comment'
ld: warning: orphan section `.comment' from `/work/gmp-build/gmp-6.3.0/.libs/libgmp.a(lt2-add.o)' being placed in section `.comment'
ld: warning: orphan section `.comment' from `/work/gmp-build/gmp-6.3.0/.libs/libgmp.a(gcdext.o)' being placed in section `.comment'
ld: warning: orphan section `.comment' from `/work/gmp-build/gmp-6.3.0/.libs/libgmp.a(lt79-fib2_ui.o)' being placed in section `.comment'
ld: warning: orphan section `.comment' from `/work/gmp-build/gmp-6.3.0/.libs/libgmp.a(lt97-gcdext.o)' being placed in section `.comment'
ld: warning: orphan section `.comment' from `/work/gmp-build/gmp-6.3.0/.libs/libgmp.a(gcd_subdiv_step.o)' being placed in section `.comment'
ld: warning: orphan section `.comment' from `/work/gmp-build/gmp-6.3.0/.libs/libgmp.a(gcdext_lehmer.o)' being placed in section `.comment'
ld: warning: orphan section `.comment' from `/work/gmp-build/gmp-6.3.0/.libs/libgmp.a(matrix22_mul1_inverse_vector.o)' being placed in section `.comment'
ld: warning: orphan section `.comment' from `/work/gmp-build/gmp-6.3.0/.libs/libgmp.a(hgcd_matrix.o)' being placed in section `.comment'
ld: warning: orphan section `.comment' from `/work/gmp-build/gmp-6.3.0/.libs/libgmp.a(hgcd2.o)' being placed in section `.comment'
ld: warning: orphan section `.comment' from `/work/gmp-build/gmp-6.3.0/.libs/libgmp.a(hgcd.o)' being placed in section `.comment'
ld: warning: orphan section `.comment' from `/work/gmp-build/gmp-6.3.0/.libs/libgmp.a(lt102-divexact.o)' being placed in section `.comment'
ld: warning: orphan section `.comment' from `/work/gmp-build/gmp-6.3.0/.libs/libgmp.a(divexact.o)' being placed in section `.comment'
ld: warning: orphan section `.comment' from `/work/gmp-build/gmp-6.3.0/.libs/libgmp.a(fib_table.o)' being placed in section `.comment'
ld: warning: orphan section `.comment' from `/work/gmp-build/gmp-6.3.0/.libs/libgmp.a(gcdext_1.o)' being placed in section `.comment'
ld: warning: orphan section `.comment' from `/work/gmp-build/gmp-6.3.0/.libs/libgmp.a(matrix22_mul.o)' being placed in section `.comment'
ld: warning: orphan section `.comment' from `/work/gmp-build/gmp-6.3.0/.libs/libgmp.a(hgcd_step.o)' being placed in section `.comment'
ld: warning: orphan section `.comment' from `/work/gmp-build/gmp-6.3.0/.libs/libgmp.a(hgcd_reduce.o)' being placed in section `.comment'
ld: warning: orphan section `.comment' from `/work/gmp-build/gmp-6.3.0/.libs/libgmp.a(hgcd_appr.o)' being placed in section `.comment'
ld: warning: orphan section `.comment' from `/work/gmp-build/gmp-6.3.0/.libs/libgmp.a(bdiv_q.o)' being placed in section `.comment'
ld: warning: orphan section `.comment' from `/work/gmp-build/gmp-6.3.0/.libs/libgmp.a(mu_bdiv_q.o)' being placed in section `.comment'
ld: warning: orphan section `.comment' from `/work/BareMetal-App/BareMetal-AppPort/build/musl-1.2.6/lib/libc.a(__libc_start_main.o)' being placed in section `.comment'
ld: warning: orphan section `.comment' from `/work/BareMetal-App/BareMetal-AppPort/build/musl-1.2.6/lib/libc.a(abort.o)' being placed in section `.comment'
ld: warning: orphan section `.comment' from `/work/BareMetal-App/BareMetal-AppPort/build/musl-1.2.6/lib/libc.a(abort_lock.o)' being placed in section `.comment'
ld: warning: orphan section `.comment' from `/work/BareMetal-App/BareMetal-AppPort/build/musl-1.2.6/lib/libc.a(exit.o)' being placed in section `.comment'
ld: warning: orphan section `.comment' from `/work/BareMetal-App/BareMetal-AppPort/build/musl-1.2.6/lib/libc.a(defsysinfo.o)' being placed in section `.comment'
ld: warning: orphan section `.comment' from `/work/BareMetal-App/BareMetal-AppPort/build/musl-1.2.6/lib/libc.a(libc.o)' being placed in section `.comment'
ld: warning: orphan section `.comment' from `/work/BareMetal-App/BareMetal-AppPort/build/musl-1.2.6/lib/libc.a(free.o)' being placed in section `.comment'
ld: warning: orphan section `.comment' from `/work/BareMetal-App/BareMetal-AppPort/build/musl-1.2.6/lib/libc.a(lite_malloc.o)' being placed in section `.comment'
ld: warning: orphan section `.comment' from `/work/BareMetal-App/BareMetal-AppPort/build/musl-1.2.6/lib/libc.a(free.o)' being placed in section `.comment'
ld: warning: orphan section `.comment' from `/work/BareMetal-App/BareMetal-AppPort/build/musl-1.2.6/lib/libc.a(malloc.o)' being placed in section `.comment'
ld: warning: orphan section `.comment' from `/work/BareMetal-App/BareMetal-AppPort/build/musl-1.2.6/lib/libc.a(realloc.o)' being placed in section `.comment'
ld: warning: orphan section `.comment' from `/work/BareMetal-App/BareMetal-AppPort/build/musl-1.2.6/lib/libc.a(mmap.o)' being placed in section `.comment'
ld: warning: orphan section `.comment' from `/work/BareMetal-App/BareMetal-AppPort/build/musl-1.2.6/lib/libc.a(mprotect.o)' being placed in section `.comment'
ld: warning: orphan section `.comment' from `/work/BareMetal-App/BareMetal-AppPort/build/musl-1.2.6/lib/libc.a(munmap.o)' being placed in section `.comment'
ld: warning: orphan section `.comment' from `/work/BareMetal-App/BareMetal-AppPort/build/musl-1.2.6/lib/libc.a(block.o)' being placed in section `.comment'
ld: warning: orphan section `.comment' from `/work/BareMetal-App/BareMetal-AppPort/build/musl-1.2.6/lib/libc.a(raise.o)' being placed in section `.comment'
ld: warning: orphan section `.comment' from `/work/BareMetal-App/BareMetal-AppPort/build/musl-1.2.6/lib/libc.a(fflush.o)' being placed in section `.comment'
ld: warning: orphan section `.comment' from `/work/BareMetal-App/BareMetal-AppPort/build/musl-1.2.6/lib/libc.a(fprintf.o)' being placed in section `.comment'
ld: warning: orphan section `.comment' from `/work/BareMetal-App/BareMetal-AppPort/build/musl-1.2.6/lib/libc.a(ofl.o)' being placed in section `.comment'
ld: warning: orphan section `.comment' from `/work/BareMetal-App/BareMetal-AppPort/build/musl-1.2.6/lib/libc.a(printf.o)' being placed in section `.comment'
ld: warning: orphan section `.comment' from `/work/BareMetal-App/BareMetal-AppPort/build/musl-1.2.6/lib/libc.a(stderr.o)' being placed in section `.comment'
ld: warning: orphan section `.comment' from `/work/BareMetal-App/BareMetal-AppPort/build/musl-1.2.6/lib/libc.a(stdout.o)' being placed in section `.comment'
ld: warning: orphan section `.comment' from `/work/BareMetal-App/BareMetal-AppPort/build/musl-1.2.6/lib/libc.a(vfprintf.o)' being placed in section `.comment'
ld: warning: orphan section `.comment' from `/work/BareMetal-App/BareMetal-AppPort/build/musl-1.2.6/lib/libc.a(strcmp.o)' being placed in section `.comment'
ld: warning: orphan section `.comment' from `/work/BareMetal-App/BareMetal-AppPort/build/musl-1.2.6/lib/libc.a(strcpy.o)' being placed in section `.comment'
ld: warning: orphan section `.comment' from `/work/BareMetal-App/BareMetal-AppPort/build/musl-1.2.6/lib/libc.a(strnlen.o)' being placed in section `.comment'
ld: warning: orphan section `.comment' from `/work/BareMetal-App/BareMetal-AppPort/build/musl-1.2.6/lib/libc.a(strstr.o)' being placed in section `.comment'
ld: warning: orphan section `.comment' from `/work/BareMetal-App/BareMetal-AppPort/build/musl-1.2.6/lib/libc.a(__lock.o)' being placed in section `.comment'
ld: warning: orphan section `.comment' from `/work/BareMetal-App/BareMetal-AppPort/build/musl-1.2.6/lib/libc.a(__environ.o)' being placed in section `.comment'
ld: warning: orphan section `.comment' from `/work/BareMetal-App/BareMetal-AppPort/build/musl-1.2.6/lib/libc.a(__init_tls.o)' being placed in section `.comment'
ld: warning: orphan section `.comment' from `/work/BareMetal-App/BareMetal-AppPort/build/musl-1.2.6/lib/libc.a(__errno_location.o)' being placed in section `.comment'
ld: warning: orphan section `.comment' from `/work/BareMetal-App/BareMetal-AppPort/build/musl-1.2.6/lib/libc.a(strerror.o)' being placed in section `.comment'
ld: warning: orphan section `.comment' from `/work/BareMetal-App/BareMetal-AppPort/build/musl-1.2.6/lib/libc.a(_Exit.o)' being placed in section `.comment'
ld: warning: orphan section `.comment' from `/work/BareMetal-App/BareMetal-AppPort/build/musl-1.2.6/lib/libc.a(syscall_ret.o)' being placed in section `.comment'
ld: warning: orphan section `.comment' from `/work/BareMetal-App/BareMetal-AppPort/build/musl-1.2.6/lib/libc.a(__lctrans.o)' being placed in section `.comment'
ld: warning: orphan section `.comment' from `/work/BareMetal-App/BareMetal-AppPort/build/musl-1.2.6/lib/libc.a(realloc.o)' being placed in section `.comment'
ld: warning: orphan section `.comment' from `/work/BareMetal-App/BareMetal-AppPort/build/musl-1.2.6/lib/libc.a(__fpclassifyl.o)' being placed in section `.comment'
ld: warning: orphan section `.comment' from `/work/BareMetal-App/BareMetal-AppPort/build/musl-1.2.6/lib/libc.a(__signbitl.o)' being placed in section `.comment'
ld: warning: orphan section `.comment' from `/work/BareMetal-App/BareMetal-AppPort/build/musl-1.2.6/lib/libc.a(frexpl.o)' being placed in section `.comment'
ld: warning: orphan section `.comment' from `/work/BareMetal-App/BareMetal-AppPort/build/musl-1.2.6/lib/libc.a(scalbn.o)' being placed in section `.comment'
ld: warning: orphan section `.comment' from `/work/BareMetal-App/BareMetal-AppPort/build/musl-1.2.6/lib/libc.a(mremap.o)' being placed in section `.comment'
ld: warning: orphan section `.comment' from `/work/BareMetal-App/BareMetal-AppPort/build/musl-1.2.6/lib/libc.a(wctomb.o)' being placed in section `.comment'
ld: warning: orphan section `.comment' from `/work/BareMetal-App/BareMetal-AppPort/build/musl-1.2.6/lib/libc.a(__lockfile.o)' being placed in section `.comment'
ld: warning: orphan section `.comment' from `/work/BareMetal-App/BareMetal-AppPort/build/musl-1.2.6/lib/libc.a(__stdio_close.o)' being placed in section `.comment'
ld: warning: orphan section `.comment' from `/work/BareMetal-App/BareMetal-AppPort/build/musl-1.2.6/lib/libc.a(__stdio_seek.o)' being placed in section `.comment'
ld: warning: orphan section `.comment' from `/work/BareMetal-App/BareMetal-AppPort/build/musl-1.2.6/lib/libc.a(__stdio_write.o)' being placed in section `.comment'
ld: warning: orphan section `.comment' from `/work/BareMetal-App/BareMetal-AppPort/build/musl-1.2.6/lib/libc.a(__stdout_write.o)' being placed in section `.comment'
ld: warning: orphan section `.comment' from `/work/BareMetal-App/BareMetal-AppPort/build/musl-1.2.6/lib/libc.a(__towrite.o)' being placed in section `.comment'
ld: warning: orphan section `.comment' from `/work/BareMetal-App/BareMetal-AppPort/build/musl-1.2.6/lib/libc.a(fwrite.o)' being placed in section `.comment'
ld: warning: orphan section `.comment' from `/work/BareMetal-App/BareMetal-AppPort/build/musl-1.2.6/lib/libc.a(memchr.o)' being placed in section `.comment'
ld: warning: orphan section `.comment' from `/work/BareMetal-App/BareMetal-AppPort/build/musl-1.2.6/lib/libc.a(memcmp.o)' being placed in section `.comment'
ld: warning: orphan section `.comment' from `/work/BareMetal-App/BareMetal-AppPort/build/musl-1.2.6/lib/libc.a(stpcpy.o)' being placed in section `.comment'
ld: warning: orphan section `.comment' from `/work/BareMetal-App/BareMetal-AppPort/build/musl-1.2.6/lib/libc.a(strchr.o)' being placed in section `.comment'
ld: warning: orphan section `.comment' from `/work/BareMetal-App/BareMetal-AppPort/build/musl-1.2.6/lib/libc.a(strchrnul.o)' being placed in section `.comment'
ld: warning: orphan section `.comment' from `/work/BareMetal-App/BareMetal-AppPort/build/musl-1.2.6/lib/libc.a(strlen.o)' being placed in section `.comment'
ld: warning: orphan section `.comment' from `/work/BareMetal-App/BareMetal-AppPort/build/musl-1.2.6/lib/libc.a(default_attr.o)' being placed in section `.comment'
ld: warning: orphan section `.comment' from `/work/BareMetal-App/BareMetal-AppPort/build/musl-1.2.6/lib/libc.a(lseek.o)' being placed in section `.comment'
ld: warning: orphan section `.comment' from `/work/BareMetal-App/BareMetal-AppPort/build/musl-1.2.6/lib/libc.a(wcrtomb.o)' being placed in section `.comment'
ld: warning: orphan section `.comment' from `/work/BareMetal-App/BareMetal-AppPort/build/musl-1.2.6/lib/libc.a(__stdio_exit.o)' being placed in section `.comment'
=== result ===
-rwxr-xr-x 1 root root 2738252 Sep  5 05:46 /work/applink/cc_worker.app
--- undefined symbols (must be empty):
--- assembly actually linked in (not a C fallback):
ffff800000008598 T __gmpn_addmul_1
ffff800000021170 T __gmpn_addmul_1_atom
ffff80000000f8c0 T __gmpn_addmul_1_bd1
ffff800000011100 T __gmpn_addmul_1_bt1
ffff800000017b50 T __gmpn_addmul_1_core2
--- sections:
.text                    00057119 @ ffff800000000000
.rodata                  00244e80 @ ffff800000057140
.data                    0000088c @ ffff80000029bfc0
.bss                     00006120 @ ffff80000029c860
.comment                 0000002d @ 0000000000000000
=== wrapping into baremetal.elf ===
Unikernel mode enabled
-rwxr-xr-x 1 root root 3791280 Sep  5 05:46 /out/baremetal.elf

worker image: /Users/reza/PycharmProjects/unikernel-c/gmp/results/workers/w2/baremetal.elf
2026-09-05T05:46:03Z   upload failed for cc-w2
2026-09-05T13:50:15Z tender starting; next range 100945000000, budget 0/60
2026-09-05T18:25:34Z cc-w0 (cmtofrepu00c2n1nbxc5m857g) has stopped -- harvesting
2026-09-05T18:25:35Z   harvested 2983 lines, 2 hits; WORKER_DONE slice=w0 examined=295099 best=3 best_m=100676462571
2026-09-05T18:25:39Z   rebuilding cc-w0 on m=[100945000000,101050000000)
sieving w0: m=[100945000000,101050000000) depth=1000000000
wrote /Users/reza/PycharmProjects/unikernel-c/gmp/results/workers/w0/cc_slice.h: 295554 survivors from 105000000 multipliers (.002814)
Already up to date.
Already up to date.
=== port already built, reusing ===
=== target libgmp.a already built, reusing ===
=== linking cc_worker for slice ===
=== compiling port objects ===
=== compiling app (CPPFLAGS: -I/work/applink) ===
=== linking ===
ld: warning: orphan section `.comment' from `/work/applink/crt0.o' being placed in section `.comment'
ld: warning: orphan section `.rela.got' from `/work/applink/crt0.o' being placed in section `.rela.dyn'
ld: warning: orphan section `.got' from `/work/applink/crt0.o' being placed in section `.got'
ld: warning: orphan section `.got.plt' from `/work/applink/crt0.o' being placed in section `.got.plt'
ld: warning: orphan section `.iplt' from `/work/applink/crt0.o' being placed in section `.iplt'
ld: warning: orphan section `.rela.iplt' from `/work/applink/crt0.o' being placed in section `.rela.dyn'
ld: warning: orphan section `.igot.plt' from `/work/applink/crt0.o' being placed in section `.igot.plt'
ld: warning: orphan section `.rela.text.image_fits_in_ram' from `/work/applink/crt0.o' being placed in section `.rela.dyn'
ld: warning: orphan section `.rela.text.zero_bss' from `/work/applink/crt0.o' being placed in section `.rela.dyn'
ld: warning: orphan section `.rela.text.heap_init' from `/work/applink/crt0.o' being placed in section `.rela.dyn'
ld: warning: orphan section `.rela.text.__gmp_default_allocate' from `/work/applink/crt0.o' being placed in section `.rela.dyn'
ld: warning: orphan section `.rela.text.__init_libc' from `/work/applink/crt0.o' being placed in section `.rela.dyn'
ld: warning: orphan section `.rela.text.libc_start_init' from `/work/applink/crt0.o' being placed in section `.rela.dyn'
ld: warning: orphan section `.rela.text.libc_start_main_stage2' from `/work/applink/crt0.o' being placed in section `.rela.dyn'
ld: warning: orphan section `.rela.text.libc_exit_fini' from `/work/applink/crt0.o' being placed in section `.rela.dyn'
ld: warning: orphan section `.rela.text.exit' from `/work/applink/crt0.o' being placed in section `.rela.dyn'
ld: warning: orphan section `.rela.text.__libc_free' from `/work/applink/crt0.o' being placed in section `.rela.dyn'
ld: warning: orphan section `.rela.text.__malloc_alloc_meta' from `/work/applink/crt0.o' being placed in section `.rela.dyn'
ld: warning: orphan section `.rela.text.__libc_malloc_impl' from `/work/applink/crt0.o' being placed in section `.rela.dyn'
ld: warning: orphan section `.rela.text.__mmap' from `/work/applink/crt0.o' being placed in section `.rela.dyn'
ld: warning: orphan section `.rela.text.__munmap' from `/work/applink/crt0.o' being placed in section `.rela.dyn'
ld: warning: orphan section `.rela.text.printf_core' from `/work/applink/crt0.o' being placed in section `.rela.dyn'
ld: warning: orphan section `.rela.text.static_init_tls' from `/work/applink/crt0.o' being placed in section `.rela.dyn'
ld: warning: orphan section `.rela.text.__syscall_ret' from `/work/applink/crt0.o' being placed in section `.rela.dyn'
ld: warning: orphan section `.rela.text.__lctrans' from `/work/applink/crt0.o' being placed in section `.rela.dyn'
ld: warning: orphan section `.rela.text.__libc_realloc' from `/work/applink/crt0.o' being placed in section `.rela.dyn'
ld: warning: orphan section `.rela.text.__mremap' from `/work/applink/crt0.o' being placed in section `.rela.dyn'
ld: warning: orphan section `.rela.text.__stdio_close' from `/work/applink/crt0.o' being placed in section `.rela.dyn'
ld: warning: orphan section `.rela.text.wcrtomb' from `/work/applink/crt0.o' being placed in section `.rela.dyn'
ld: warning: orphan section `.rela.text.__stdio_exit' from `/work/applink/crt0.o' being placed in section `.rela.dyn'
ld: warning: orphan section `.comment' from `/work/applink/posix_shim.o' being placed in section `.comment'
ld: warning: orphan section `.comment' from `/work/applink/thread_shim.o' being placed in section `.comment'
ld: warning: orphan section `.comment' from `/work/applink/libBareMetal.o' being placed in section `.comment'
ld: warning: orphan section `.comment' from `/work/applink/min_stubs.o' being placed in section `.comment'
ld: warning: orphan section `.comment' from `/work/applink/cc_worker.o' being placed in section `.comment'
ld: warning: orphan section `.comment' from `/work/gmp-build/gmp-6.3.0/.libs/libgmp.a(lt4-clear.o)' being placed in section `.comment'
ld: warning: orphan section `.comment' from `/work/gmp-build/gmp-6.3.0/.libs/libgmp.a(lt5-clears.o)' being placed in section `.comment'
ld: warning: orphan section `.comment' from `/work/gmp-build/gmp-6.3.0/.libs/libgmp.a(lt22-init.o)' being placed in section `.comment'
ld: warning: orphan section `.comment' from `/work/gmp-build/gmp-6.3.0/.libs/libgmp.a(lt24-inits.o)' being placed in section `.comment'
ld: warning: orphan section `.comment' from `/work/gmp-build/gmp-6.3.0/.libs/libgmp.a(lt30-iset_ui.o)' being placed in section `.comment'
ld: warning: orphan section `.comment' from `/work/gmp-build/gmp-6.3.0/.libs/libgmp.a(lt32-mul_2exp.o)' being placed in section `.comment'
ld: warning: orphan section `.comment' from `/work/gmp-build/gmp-6.3.0/.libs/libgmp.a(lt33-mul_ui.o)' being placed in section `.comment'
ld: warning: orphan section `.comment' from `/work/gmp-build/gmp-6.3.0/.libs/libgmp.a(pprime_p.o)' being placed in section `.comment'
ld: warning: orphan section `.comment' from `/work/gmp-build/gmp-6.3.0/.libs/libgmp.a(realloc.o)' being placed in section `.comment'
ld: warning: orphan section `.comment' from `/work/gmp-build/gmp-6.3.0/.libs/libgmp.a(lt44-set_ui.o)' being placed in section `.comment'
ld: warning: orphan section `.comment' from `/work/gmp-build/gmp-6.3.0/.libs/libgmp.a(sizeinbase.o)' being placed in section `.comment'
ld: warning: orphan section `.comment' from `/work/gmp-build/gmp-6.3.0/.libs/libgmp.a(lt48-sub_ui.o)' being placed in section `.comment'
ld: warning: orphan section `.comment' from `/work/gmp-build/gmp-6.3.0/.libs/libgmp.a(mp_bases.o)' being placed in section `.comment'
ld: warning: orphan section `.comment' from `/work/gmp-build/gmp-6.3.0/.libs/libgmp.a(fat.o)' being placed in section `.comment'
ld: warning: orphan section `.comment' from `/work/gmp-build/gmp-6.3.0/.libs/libgmp.a(assert.o)' being placed in section `.comment'
ld: warning: orphan section `.comment' from `/work/gmp-build/gmp-6.3.0/.libs/libgmp.a(errno.o)' being placed in section `.comment'
ld: warning: orphan section `.comment' from `/work/gmp-build/gmp-6.3.0/.libs/libgmp.a(memory.o)' being placed in section `.comment'
ld: warning: orphan section `.comment' from `/work/gmp-build/gmp-6.3.0/.libs/libgmp.a(lt9-cmp_ui.o)' being placed in section `.comment'
ld: warning: orphan section `.comment' from `/work/gmp-build/gmp-6.3.0/.libs/libgmp.a(cmpabs_ui.o)' being placed in section `.comment'
ld: warning: orphan section `.comment' from `/work/gmp-build/gmp-6.3.0/.libs/libgmp.a(millerrabin.o)' being placed in section `.comment'
ld: warning: orphan section `.comment' from `/work/gmp-build/gmp-6.3.0/.libs/libgmp.a(powm.o)' being placed in section `.comment'
ld: warning: orphan section `.comment' from `/work/gmp-build/gmp-6.3.0/.libs/libgmp.a(powm_ui.o)' being placed in section `.comment'
ld: warning: orphan section `.comment' from `/work/gmp-build/gmp-6.3.0/.libs/libgmp.a(stronglucas.o)' being placed in section `.comment'
ld: warning: orphan section `.comment' from `/work/gmp-build/gmp-6.3.0/.libs/libgmp.a(tdiv_q_2exp.o)' being placed in section `.comment'
ld: warning: orphan section `.comment' from `/work/gmp-build/gmp-6.3.0/.libs/libgmp.a(tdiv_r.o)' being placed in section `.comment'
ld: warning: orphan section `.comment' from `/work/gmp-build/gmp-6.3.0/.libs/libgmp.a(urandomm.o)' being placed in section `.comment'
ld: warning: orphan section `.comment' from `/work/gmp-build/gmp-6.3.0/.libs/libgmp.a(fat_mod_1.o)' being placed in section `.comment'
ld: warning: orphan section `.comment' from `/work/gmp-build/gmp-6.3.0/.libs/libgmp.a(fat_mul_basecase.o)' being placed in section `.comment'
ld: warning: orphan section `.comment' from `/work/gmp-build/gmp-6.3.0/.libs/libgmp.a(fat_mullo_basecase.o)' being placed in section `.comment'
ld: warning: orphan section `.comment' from `/work/gmp-build/gmp-6.3.0/.libs/libgmp.a(fat_redc_1.o)' being placed in section `.comment'
ld: warning: orphan section `.comment' from `/work/gmp-build/gmp-6.3.0/.libs/libgmp.a(fat_redc_2.o)' being placed in section `.comment'
ld: warning: orphan section `.comment' from `/work/gmp-build/gmp-6.3.0/.libs/libgmp.a(fat_sqr_basecase.o)' being placed in section `.comment'
ld: warning: orphan section `.comment' from `/work/gmp-build/gmp-6.3.0/.libs/libgmp.a(fat_addmul_2.o)' being placed in section `.comment'
ld: warning: orphan section `.comment' from `/work/gmp-build/gmp-6.3.0/.libs/libgmp.a(lt81-mul.o)' being placed in section `.comment'
ld: warning: orphan section `.comment' from `/work/gmp-build/gmp-6.3.0/.libs/libgmp.a(mul_n.o)' being placed in section `.comment'
ld: warning: orphan section `.comment' from `/work/gmp-build/gmp-6.3.0/.libs/libgmp.a(sqr.o)' being placed in section `.comment'
ld: warning: orphan section `.comment' from `/work/gmp-build/gmp-6.3.0/.libs/libgmp.a(nussbaumer_mul.o)' being placed in section `.comment'
ld: warning: orphan section `.comment' from `/work/gmp-build/gmp-6.3.0/.libs/libgmp.a(lt85-sqrtrem.o)' being placed in section `.comment'
ld: warning: orphan section `.comment' from `/work/gmp-build/gmp-6.3.0/.libs/libgmp.a(lt90-scan1.o)' being placed in section `.comment'
ld: warning: orphan section `.comment' from `/work/gmp-build/gmp-6.3.0/.libs/libgmp.a(lt94-perfsqr.o)' being placed in section `.comment'
ld: warning: orphan section `.comment' from `/work/gmp-build/gmp-6.3.0/.libs/libgmp.a(strongfibo.o)' being placed in section `.comment'
ld: warning: orphan section `.comment' from `/work/gmp-build/gmp-6.3.0/.libs/libgmp.a(lt98-tdiv_qr.o)' being placed in section `.comment'
ld: warning: orphan section `.comment' from `/work/gmp-build/gmp-6.3.0/.libs/libgmp.a(jacbase.o)' being placed in section `.comment'
ld: warning: orphan section `.comment' from `/work/gmp-build/gmp-6.3.0/.libs/libgmp.a(mullo_n.o)' being placed in section `.comment'
ld: warning: orphan section `.comment' from `/work/gmp-build/gmp-6.3.0/.libs/libgmp.a(toom22_mul.o)' being placed in section `.comment'
ld: warning: orphan section `.comment' from `/work/gmp-build/gmp-6.3.0/.libs/libgmp.a(toom32_mul.o)' being placed in section `.comment'
ld: warning: orphan section `.comment' from `/work/gmp-build/gmp-6.3.0/.libs/libgmp.a(toom42_mul.o)' being placed in section `.comment'
ld: warning: orphan section `.comment' from `/work/gmp-build/gmp-6.3.0/.libs/libgmp.a(toom33_mul.o)' being placed in section `.comment'
ld: warning: orphan section `.comment' from `/work/gmp-build/gmp-6.3.0/.libs/libgmp.a(toom43_mul.o)' being placed in section `.comment'
ld: warning: orphan section `.comment' from `/work/gmp-build/gmp-6.3.0/.libs/libgmp.a(toom53_mul.o)' being placed in section `.comment'
ld: warning: orphan section `.comment' from `/work/gmp-build/gmp-6.3.0/.libs/libgmp.a(toom63_mul.o)' being placed in section `.comment'
ld: warning: orphan section `.comment' from `/work/gmp-build/gmp-6.3.0/.libs/libgmp.a(toom44_mul.o)' being placed in section `.comment'
ld: warning: orphan section `.comment' from `/work/gmp-build/gmp-6.3.0/.libs/libgmp.a(toom6h_mul.o)' being placed in section `.comment'
ld: warning: orphan section `.comment' from `/work/gmp-build/gmp-6.3.0/.libs/libgmp.a(toom6_sqr.o)' being placed in section `.comment'
ld: warning: orphan section `.comment' from `/work/gmp-build/gmp-6.3.0/.libs/libgmp.a(toom8h_mul.o)' being placed in section `.comment'
ld: warning: orphan section `.comment' from `/work/gmp-build/gmp-6.3.0/.libs/libgmp.a(toom8_sqr.o)' being placed in section `.comment'
ld: warning: orphan section `.comment' from `/work/gmp-build/gmp-6.3.0/.libs/libgmp.a(toom_couple_handling.o)' being placed in section `.comment'
ld: warning: orphan section `.comment' from `/work/gmp-build/gmp-6.3.0/.libs/libgmp.a(toom2_sqr.o)' being placed in section `.comment'
ld: warning: orphan section `.comment' from `/work/gmp-build/gmp-6.3.0/.libs/libgmp.a(toom3_sqr.o)' being placed in section `.comment'
ld: warning: orphan section `.comment' from `/work/gmp-build/gmp-6.3.0/.libs/libgmp.a(toom_eval_dgr3_pm1.o)' being placed in section `.comment'
ld: warning: orphan section `.comment' from `/work/gmp-build/gmp-6.3.0/.libs/libgmp.a(toom_eval_dgr3_pm2.o)' being placed in section `.comment'
ld: warning: orphan section `.comment' from `/work/gmp-build/gmp-6.3.0/.libs/libgmp.a(toom_eval_pm1.o)' being placed in section `.comment'
ld: warning: orphan section `.comment' from `/work/gmp-build/gmp-6.3.0/.libs/libgmp.a(toom_eval_pm2.o)' being placed in section `.comment'
ld: warning: orphan section `.comment' from `/work/gmp-build/gmp-6.3.0/.libs/libgmp.a(toom_eval_pm2exp.o)' being placed in section `.comment'
ld: warning: orphan section `.comment' from `/work/gmp-build/gmp-6.3.0/.libs/libgmp.a(toom_eval_pm2rexp.o)' being placed in section `.comment'
ld: warning: orphan section `.comment' from `/work/gmp-build/gmp-6.3.0/.libs/libgmp.a(toom_interpolate_5pts.o)' being placed in section `.comment'
ld: warning: orphan section `.comment' from `/work/gmp-build/gmp-6.3.0/.libs/libgmp.a(toom_interpolate_6pts.o)' being placed in section `.comment'
ld: warning: orphan section `.comment' from `/work/gmp-build/gmp-6.3.0/.libs/libgmp.a(toom_interpolate_7pts.o)' being placed in section `.comment'
ld: warning: orphan section `.comment' from `/work/gmp-build/gmp-6.3.0/.libs/libgmp.a(toom_interpolate_8pts.o)' being placed in section `.comment'
ld: warning: orphan section `.comment' from `/work/gmp-build/gmp-6.3.0/.libs/libgmp.a(toom_interpolate_12pts.o)' being placed in section `.comment'
ld: warning: orphan section `.comment' from `/work/gmp-build/gmp-6.3.0/.libs/libgmp.a(toom_interpolate_16pts.o)' being placed in section `.comment'
ld: warning: orphan section `.comment' from `/work/gmp-build/gmp-6.3.0/.libs/libgmp.a(binvert.o)' being placed in section `.comment'
ld: warning: orphan section `.comment' from `/work/gmp-build/gmp-6.3.0/.libs/libgmp.a(mulmod_bnm1.o)' being placed in section `.comment'
ld: warning: orphan section `.comment' from `/work/gmp-build/gmp-6.3.0/.libs/libgmp.a(sqrmod_bnm1.o)' being placed in section `.comment'
ld: warning: orphan section `.comment' from `/work/gmp-build/gmp-6.3.0/.libs/libgmp.a(mulmod_bknp1.o)' being placed in section `.comment'
ld: warning: orphan section `.comment' from `/work/gmp-build/gmp-6.3.0/.libs/libgmp.a(sbpi1_div_qr.o)' being placed in section `.comment'
ld: warning: orphan section `.comment' from `/work/gmp-build/gmp-6.3.0/.libs/libgmp.a(sbpi1_divappr_q.o)' being placed in section `.comment'
ld: warning: orphan section `.comment' from `/work/gmp-build/gmp-6.3.0/.libs/libgmp.a(dcpi1_div_qr.o)' being placed in section `.comment'
ld: warning: orphan section `.comment' from `/work/gmp-build/gmp-6.3.0/.libs/libgmp.a(dcpi1_divappr_q.o)' being placed in section `.comment'
ld: warning: orphan section `.comment' from `/work/gmp-build/gmp-6.3.0/.libs/libgmp.a(mu_div_qr.o)' being placed in section `.comment'
ld: warning: orphan section `.comment' from `/work/gmp-build/gmp-6.3.0/.libs/libgmp.a(mu_divappr_q.o)' being placed in section `.comment'
ld: warning: orphan section `.comment' from `/work/gmp-build/gmp-6.3.0/.libs/libgmp.a(sbpi1_bdiv_q.o)' being placed in section `.comment'
ld: warning: orphan section `.comment' from `/work/gmp-build/gmp-6.3.0/.libs/libgmp.a(dcpi1_bdiv_q.o)' being placed in section `.comment'
ld: warning: orphan section `.comment' from `/work/gmp-build/gmp-6.3.0/.libs/libgmp.a(dcpi1_bdiv_qr.o)' being placed in section `.comment'
ld: warning: orphan section `.comment' from `/work/gmp-build/gmp-6.3.0/.libs/libgmp.a(lt103-powm.o)' being placed in section `.comment'
ld: warning: orphan section `.comment' from `/work/gmp-build/gmp-6.3.0/.libs/libgmp.a(powlo.o)' being placed in section `.comment'
ld: warning: orphan section `.comment' from `/work/gmp-build/gmp-6.3.0/.libs/libgmp.a(randclr.o)' being placed in section `.comment'
ld: warning: orphan section `.comment' from `/work/gmp-build/gmp-6.3.0/.libs/libgmp.a(randdef.o)' being placed in section `.comment'
ld: warning: orphan section `.comment' from `/work/gmp-build/gmp-6.3.0/.libs/libgmp.a(randmts.o)' being placed in section `.comment'
ld: warning: orphan section `.comment' from `/work/gmp-build/gmp-6.3.0/.libs/libgmp.a(mp_minv_tab.o)' being placed in section `.comment'
ld: warning: orphan section `.comment' from `/work/gmp-build/gmp-6.3.0/.libs/libgmp.a(tal-reent.o)' being placed in section `.comment'
ld: warning: orphan section `.comment' from `/work/gmp-build/gmp-6.3.0/.libs/libgmp.a(lt3-add_ui.o)' being placed in section `.comment'
ld: warning: orphan section `.comment' from `/work/gmp-build/gmp-6.3.0/.libs/libgmp.a(aorsmul_i.o)' being placed in section `.comment'
ld: warning: orphan section `.comment' from `/work/gmp-build/gmp-6.3.0/.libs/libgmp.a(clrbit.o)' being placed in section `.comment'
ld: warning: orphan section `.comment' from `/work/gmp-build/gmp-6.3.0/.libs/libgmp.a(export.o)' being placed in section `.comment'
ld: warning: orphan section `.comment' from `/work/gmp-build/gmp-6.3.0/.libs/libgmp.a(lt23-init2.o)' being placed in section `.comment'
ld: warning: orphan section `.comment' from `/work/gmp-build/gmp-6.3.0/.libs/libgmp.a(invert.o)' being placed in section `.comment'
ld: warning: orphan section `.comment' from `/work/gmp-build/gmp-6.3.0/.libs/libgmp.a(lt26-iset.o)' being placed in section `.comment'
ld: warning: orphan section `.comment' from `/work/gmp-build/gmp-6.3.0/.libs/libgmp.a(lucmod.o)' being placed in section `.comment'
ld: warning: orphan section `.comment' from `/work/gmp-build/gmp-6.3.0/.libs/libgmp.a(mod.o)' being placed in section `.comment'
ld: warning: orphan section `.comment' from `/work/gmp-build/gmp-6.3.0/.libs/libgmp.a(lt31-mul.o)' being placed in section `.comment'
ld: warning: orphan section `.comment' from `/work/gmp-build/gmp-6.3.0/.libs/libgmp.a(mul_si.o)' being placed in section `.comment'
ld: warning: orphan section `.comment' from `/work/gmp-build/gmp-6.3.0/.libs/libgmp.a(roinit_n.o)' being placed in section `.comment'
ld: warning: orphan section `.comment' from `/work/gmp-build/gmp-6.3.0/.libs/libgmp.a(scan0.o)' being placed in section `.comment'
ld: warning: orphan section `.comment' from `/work/gmp-build/gmp-6.3.0/.libs/libgmp.a(lt39-set.o)' being placed in section `.comment'
ld: warning: orphan section `.comment' from `/work/gmp-build/gmp-6.3.0/.libs/libgmp.a(lt42-set_si.o)' being placed in section `.comment'
ld: warning: orphan section `.comment' from `/work/gmp-build/gmp-6.3.0/.libs/libgmp.a(setbit.o)' being placed in section `.comment'
ld: warning: orphan section `.comment' from `/work/gmp-build/gmp-6.3.0/.libs/libgmp.a(lt47-sub.o)' being placed in section `.comment'
ld: warning: orphan section `.comment' from `/work/gmp-build/gmp-6.3.0/.libs/libgmp.a(lt49-swap.o)' being placed in section `.comment'
ld: warning: orphan section `.comment' from `/work/gmp-build/gmp-6.3.0/.libs/libgmp.a(tdiv_r_2exp.o)' being placed in section `.comment'
ld: warning: orphan section `.comment' from `/work/gmp-build/gmp-6.3.0/.libs/libgmp.a(tstbit.o)' being placed in section `.comment'
ld: warning: orphan section `.comment' from `/work/gmp-build/gmp-6.3.0/.libs/libgmp.a(fib2m.o)' being placed in section `.comment'
ld: warning: orphan section `.comment' from `/work/gmp-build/gmp-6.3.0/.libs/libgmp.a(mul_fft.o)' being placed in section `.comment'
ld: warning: orphan section `.comment' from `/work/gmp-build/gmp-6.3.0/.libs/libgmp.a(lt89-scan0.o)' being placed in section `.comment'
ld: warning: orphan section `.comment' from `/work/gmp-build/gmp-6.3.0/.libs/libgmp.a(sqrlo.o)' being placed in section `.comment'
ld: warning: orphan section `.comment' from `/work/gmp-build/gmp-6.3.0/.libs/libgmp.a(sqrlo_basecase.o)' being placed in section `.comment'
ld: warning: orphan section `.comment' from `/work/gmp-build/gmp-6.3.0/.libs/libgmp.a(invertappr.o)' being placed in section `.comment'
ld: warning: orphan section `.comment' from `/work/gmp-build/gmp-6.3.0/.libs/libgmp.a(sbpi1_bdiv_qr.o)' being placed in section `.comment'
ld: warning: orphan section `.comment' from `/work/gmp-build/gmp-6.3.0/.libs/libgmp.a(redc_n.o)' being placed in section `.comment'
ld: warning: orphan section `.comment' from `/work/gmp-build/gmp-6.3.0/.libs/libgmp.a(randmt.o)' being placed in section `.comment'
ld: warning: orphan section `.comment' from `/work/gmp-build/gmp-6.3.0/.libs/libgmp.a(lt2-add.o)' being placed in section `.comment'
ld: warning: orphan section `.comment' from `/work/gmp-build/gmp-6.3.0/.libs/libgmp.a(gcdext.o)' being placed in section `.comment'
ld: warning: orphan section `.comment' from `/work/gmp-build/gmp-6.3.0/.libs/libgmp.a(lt79-fib2_ui.o)' being placed in section `.comment'
ld: warning: orphan section `.comment' from `/work/gmp-build/gmp-6.3.0/.libs/libgmp.a(lt97-gcdext.o)' being placed in section `.comment'
ld: warning: orphan section `.comment' from `/work/gmp-build/gmp-6.3.0/.libs/libgmp.a(gcd_subdiv_step.o)' being placed in section `.comment'
ld: warning: orphan section `.comment' from `/work/gmp-build/gmp-6.3.0/.libs/libgmp.a(gcdext_lehmer.o)' being placed in section `.comment'
ld: warning: orphan section `.comment' from `/work/gmp-build/gmp-6.3.0/.libs/libgmp.a(matrix22_mul1_inverse_vector.o)' being placed in section `.comment'
ld: warning: orphan section `.comment' from `/work/gmp-build/gmp-6.3.0/.libs/libgmp.a(hgcd_matrix.o)' being placed in section `.comment'
ld: warning: orphan section `.comment' from `/work/gmp-build/gmp-6.3.0/.libs/libgmp.a(hgcd2.o)' being placed in section `.comment'
ld: warning: orphan section `.comment' from `/work/gmp-build/gmp-6.3.0/.libs/libgmp.a(hgcd.o)' being placed in section `.comment'
ld: warning: orphan section `.comment' from `/work/gmp-build/gmp-6.3.0/.libs/libgmp.a(lt102-divexact.o)' being placed in section `.comment'
ld: warning: orphan section `.comment' from `/work/gmp-build/gmp-6.3.0/.libs/libgmp.a(divexact.o)' being placed in section `.comment'
ld: warning: orphan section `.comment' from `/work/gmp-build/gmp-6.3.0/.libs/libgmp.a(fib_table.o)' being placed in section `.comment'
ld: warning: orphan section `.comment' from `/work/gmp-build/gmp-6.3.0/.libs/libgmp.a(gcdext_1.o)' being placed in section `.comment'
ld: warning: orphan section `.comment' from `/work/gmp-build/gmp-6.3.0/.libs/libgmp.a(matrix22_mul.o)' being placed in section `.comment'
ld: warning: orphan section `.comment' from `/work/gmp-build/gmp-6.3.0/.libs/libgmp.a(hgcd_step.o)' being placed in section `.comment'
ld: warning: orphan section `.comment' from `/work/gmp-build/gmp-6.3.0/.libs/libgmp.a(hgcd_reduce.o)' being placed in section `.comment'
ld: warning: orphan section `.comment' from `/work/gmp-build/gmp-6.3.0/.libs/libgmp.a(hgcd_appr.o)' being placed in section `.comment'
ld: warning: orphan section `.comment' from `/work/gmp-build/gmp-6.3.0/.libs/libgmp.a(bdiv_q.o)' being placed in section `.comment'
ld: warning: orphan section `.comment' from `/work/gmp-build/gmp-6.3.0/.libs/libgmp.a(mu_bdiv_q.o)' being placed in section `.comment'
ld: warning: orphan section `.comment' from `/work/BareMetal-App/BareMetal-AppPort/build/musl-1.2.6/lib/libc.a(__libc_start_main.o)' being placed in section `.comment'
ld: warning: orphan section `.comment' from `/work/BareMetal-App/BareMetal-AppPort/build/musl-1.2.6/lib/libc.a(abort.o)' being placed in section `.comment'
ld: warning: orphan section `.comment' from `/work/BareMetal-App/BareMetal-AppPort/build/musl-1.2.6/lib/libc.a(abort_lock.o)' being placed in section `.comment'
ld: warning: orphan section `.comment' from `/work/BareMetal-App/BareMetal-AppPort/build/musl-1.2.6/lib/libc.a(exit.o)' being placed in section `.comment'
ld: warning: orphan section `.comment' from `/work/BareMetal-App/BareMetal-AppPort/build/musl-1.2.6/lib/libc.a(defsysinfo.o)' being placed in section `.comment'
ld: warning: orphan section `.comment' from `/work/BareMetal-App/BareMetal-AppPort/build/musl-1.2.6/lib/libc.a(libc.o)' being placed in section `.comment'
ld: warning: orphan section `.comment' from `/work/BareMetal-App/BareMetal-AppPort/build/musl-1.2.6/lib/libc.a(free.o)' being placed in section `.comment'
ld: warning: orphan section `.comment' from `/work/BareMetal-App/BareMetal-AppPort/build/musl-1.2.6/lib/libc.a(lite_malloc.o)' being placed in section `.comment'
ld: warning: orphan section `.comment' from `/work/BareMetal-App/BareMetal-AppPort/build/musl-1.2.6/lib/libc.a(free.o)' being placed in section `.comment'
ld: warning: orphan section `.comment' from `/work/BareMetal-App/BareMetal-AppPort/build/musl-1.2.6/lib/libc.a(malloc.o)' being placed in section `.comment'
ld: warning: orphan section `.comment' from `/work/BareMetal-App/BareMetal-AppPort/build/musl-1.2.6/lib/libc.a(realloc.o)' being placed in section `.comment'
ld: warning: orphan section `.comment' from `/work/BareMetal-App/BareMetal-AppPort/build/musl-1.2.6/lib/libc.a(mmap.o)' being placed in section `.comment'
ld: warning: orphan section `.comment' from `/work/BareMetal-App/BareMetal-AppPort/build/musl-1.2.6/lib/libc.a(mprotect.o)' being placed in section `.comment'
ld: warning: orphan section `.comment' from `/work/BareMetal-App/BareMetal-AppPort/build/musl-1.2.6/lib/libc.a(munmap.o)' being placed in section `.comment'
ld: warning: orphan section `.comment' from `/work/BareMetal-App/BareMetal-AppPort/build/musl-1.2.6/lib/libc.a(block.o)' being placed in section `.comment'
ld: warning: orphan section `.comment' from `/work/BareMetal-App/BareMetal-AppPort/build/musl-1.2.6/lib/libc.a(raise.o)' being placed in section `.comment'
ld: warning: orphan section `.comment' from `/work/BareMetal-App/BareMetal-AppPort/build/musl-1.2.6/lib/libc.a(fflush.o)' being placed in section `.comment'
ld: warning: orphan section `.comment' from `/work/BareMetal-App/BareMetal-AppPort/build/musl-1.2.6/lib/libc.a(fprintf.o)' being placed in section `.comment'
ld: warning: orphan section `.comment' from `/work/BareMetal-App/BareMetal-AppPort/build/musl-1.2.6/lib/libc.a(ofl.o)' being placed in section `.comment'
ld: warning: orphan section `.comment' from `/work/BareMetal-App/BareMetal-AppPort/build/musl-1.2.6/lib/libc.a(printf.o)' being placed in section `.comment'
ld: warning: orphan section `.comment' from `/work/BareMetal-App/BareMetal-AppPort/build/musl-1.2.6/lib/libc.a(stderr.o)' being placed in section `.comment'
ld: warning: orphan section `.comment' from `/work/BareMetal-App/BareMetal-AppPort/build/musl-1.2.6/lib/libc.a(stdout.o)' being placed in section `.comment'
ld: warning: orphan section `.comment' from `/work/BareMetal-App/BareMetal-AppPort/build/musl-1.2.6/lib/libc.a(vfprintf.o)' being placed in section `.comment'
ld: warning: orphan section `.comment' from `/work/BareMetal-App/BareMetal-AppPort/build/musl-1.2.6/lib/libc.a(strcmp.o)' being placed in section `.comment'
ld: warning: orphan section `.comment' from `/work/BareMetal-App/BareMetal-AppPort/build/musl-1.2.6/lib/libc.a(strcpy.o)' being placed in section `.comment'
ld: warning: orphan section `.comment' from `/work/BareMetal-App/BareMetal-AppPort/build/musl-1.2.6/lib/libc.a(strnlen.o)' being placed in section `.comment'
ld: warning: orphan section `.comment' from `/work/BareMetal-App/BareMetal-AppPort/build/musl-1.2.6/lib/libc.a(strstr.o)' being placed in section `.comment'
ld: warning: orphan section `.comment' from `/work/BareMetal-App/BareMetal-AppPort/build/musl-1.2.6/lib/libc.a(__lock.o)' being placed in section `.comment'
ld: warning: orphan section `.comment' from `/work/BareMetal-App/BareMetal-AppPort/build/musl-1.2.6/lib/libc.a(__environ.o)' being placed in section `.comment'
ld: warning: orphan section `.comment' from `/work/BareMetal-App/BareMetal-AppPort/build/musl-1.2.6/lib/libc.a(__init_tls.o)' being placed in section `.comment'
ld: warning: orphan section `.comment' from `/work/BareMetal-App/BareMetal-AppPort/build/musl-1.2.6/lib/libc.a(__errno_location.o)' being placed in section `.comment'
ld: warning: orphan section `.comment' from `/work/BareMetal-App/BareMetal-AppPort/build/musl-1.2.6/lib/libc.a(strerror.o)' being placed in section `.comment'
ld: warning: orphan section `.comment' from `/work/BareMetal-App/BareMetal-AppPort/build/musl-1.2.6/lib/libc.a(_Exit.o)' being placed in section `.comment'
ld: warning: orphan section `.comment' from `/work/BareMetal-App/BareMetal-AppPort/build/musl-1.2.6/lib/libc.a(syscall_ret.o)' being placed in section `.comment'
ld: warning: orphan section `.comment' from `/work/BareMetal-App/BareMetal-AppPort/build/musl-1.2.6/lib/libc.a(__lctrans.o)' being placed in section `.comment'
ld: warning: orphan section `.comment' from `/work/BareMetal-App/BareMetal-AppPort/build/musl-1.2.6/lib/libc.a(realloc.o)' being placed in section `.comment'
ld: warning: orphan section `.comment' from `/work/BareMetal-App/BareMetal-AppPort/build/musl-1.2.6/lib/libc.a(__fpclassifyl.o)' being placed in section `.comment'
ld: warning: orphan section `.comment' from `/work/BareMetal-App/BareMetal-AppPort/build/musl-1.2.6/lib/libc.a(__signbitl.o)' being placed in section `.comment'
ld: warning: orphan section `.comment' from `/work/BareMetal-App/BareMetal-AppPort/build/musl-1.2.6/lib/libc.a(frexpl.o)' being placed in section `.comment'
ld: warning: orphan section `.comment' from `/work/BareMetal-App/BareMetal-AppPort/build/musl-1.2.6/lib/libc.a(scalbn.o)' being placed in section `.comment'
ld: warning: orphan section `.comment' from `/work/BareMetal-App/BareMetal-AppPort/build/musl-1.2.6/lib/libc.a(mremap.o)' being placed in section `.comment'
ld: warning: orphan section `.comment' from `/work/BareMetal-App/BareMetal-AppPort/build/musl-1.2.6/lib/libc.a(wctomb.o)' being placed in section `.comment'
ld: warning: orphan section `.comment' from `/work/BareMetal-App/BareMetal-AppPort/build/musl-1.2.6/lib/libc.a(__lockfile.o)' being placed in section `.comment'
ld: warning: orphan section `.comment' from `/work/BareMetal-App/BareMetal-AppPort/build/musl-1.2.6/lib/libc.a(__stdio_close.o)' being placed in section `.comment'
ld: warning: orphan section `.comment' from `/work/BareMetal-App/BareMetal-AppPort/build/musl-1.2.6/lib/libc.a(__stdio_seek.o)' being placed in section `.comment'
ld: warning: orphan section `.comment' from `/work/BareMetal-App/BareMetal-AppPort/build/musl-1.2.6/lib/libc.a(__stdio_write.o)' being placed in section `.comment'
ld: warning: orphan section `.comment' from `/work/BareMetal-App/BareMetal-AppPort/build/musl-1.2.6/lib/libc.a(__stdout_write.o)' being placed in section `.comment'
ld: warning: orphan section `.comment' from `/work/BareMetal-App/BareMetal-AppPort/build/musl-1.2.6/lib/libc.a(__towrite.o)' being placed in section `.comment'
ld: warning: orphan section `.comment' from `/work/BareMetal-App/BareMetal-AppPort/build/musl-1.2.6/lib/libc.a(fwrite.o)' being placed in section `.comment'
ld: warning: orphan section `.comment' from `/work/BareMetal-App/BareMetal-AppPort/build/musl-1.2.6/lib/libc.a(memchr.o)' being placed in section `.comment'
ld: warning: orphan section `.comment' from `/work/BareMetal-App/BareMetal-AppPort/build/musl-1.2.6/lib/libc.a(memcmp.o)' being placed in section `.comment'
ld: warning: orphan section `.comment' from `/work/BareMetal-App/BareMetal-AppPort/build/musl-1.2.6/lib/libc.a(stpcpy.o)' being placed in section `.comment'
ld: warning: orphan section `.comment' from `/work/BareMetal-App/BareMetal-AppPort/build/musl-1.2.6/lib/libc.a(strchr.o)' being placed in section `.comment'
ld: warning: orphan section `.comment' from `/work/BareMetal-App/BareMetal-AppPort/build/musl-1.2.6/lib/libc.a(strchrnul.o)' being placed in section `.comment'
ld: warning: orphan section `.comment' from `/work/BareMetal-App/BareMetal-AppPort/build/musl-1.2.6/lib/libc.a(strlen.o)' being placed in section `.comment'
ld: warning: orphan section `.comment' from `/work/BareMetal-App/BareMetal-AppPort/build/musl-1.2.6/lib/libc.a(default_attr.o)' being placed in section `.comment'
ld: warning: orphan section `.comment' from `/work/BareMetal-App/BareMetal-AppPort/build/musl-1.2.6/lib/libc.a(lseek.o)' being placed in section `.comment'
ld: warning: orphan section `.comment' from `/work/BareMetal-App/BareMetal-AppPort/build/musl-1.2.6/lib/libc.a(wcrtomb.o)' being placed in section `.comment'
ld: warning: orphan section `.comment' from `/work/BareMetal-App/BareMetal-AppPort/build/musl-1.2.6/lib/libc.a(__stdio_exit.o)' being placed in section `.comment'
=== result ===
-rwxr-xr-x 1 root root 2747276 Sep  5 18:27 /work/applink/cc_worker.app
--- undefined symbols (must be empty):
--- assembly actually linked in (not a C fallback):
ffff800000008598 T __gmpn_addmul_1
ffff800000021170 T __gmpn_addmul_1_atom
ffff80000000f8c0 T __gmpn_addmul_1_bd1
ffff800000011100 T __gmpn_addmul_1_bt1
ffff800000017b50 T __gmpn_addmul_1_core2
--- sections:
.text                    00057119 @ ffff800000000000
.rodata                  002471c0 @ ffff800000057140
.data                    0000088c @ ffff80000029e300
.bss                     00006120 @ ffff80000029eba0
.comment                 0000002d @ 0000000000000000
=== wrapping into baremetal.elf ===
Unikernel mode enabled
-rwxr-xr-x 1 root root 3800304 Sep  5 18:27 /out/baremetal.elf

worker image: /Users/reza/PycharmProjects/unikernel-c/gmp/results/workers/w0/baremetal.elf
2026-09-05T18:27:10Z   retired old image cmtofrdzl00bzn1nb6t75bh8t
2026-09-05T18:27:15Z   cc-w0 redeployed as cmtopt1kt00d6n1nbribv16e6 on m=[100945000000,101050000000)  [1/60]
2026-09-05T18:27:15Z cc-w1 (cmtoftfzw00cbn1nb4xhjb0xh) has stopped -- harvesting
2026-09-05T18:27:19Z   harvested 2986 lines, 0
0 hits; WORKER_DONE slice=w1 examined=295525 best=2 best_m=100736627081
2026-09-05T18:27:22Z   rebuilding cc-w1 on m=[101050000000,101155000000)
sieving w1: m=[101050000000,101155000000) depth=1000000000
wrote /Users/reza/PycharmProjects/unikernel-c/gmp/results/workers/w1/cc_slice.h: 294890 survivors from 105000000 multipliers (.002808)
From https://github.com/ReturnInfinity/BareMetal-App
   82ad9a7..692af98  main       -> origin/main
Updating 82ad9a7..692af98
Fast-forward
 2-run.sh     | 2 +-
 baremetal.sh | 6 ++++--
 2 files changed, 5 insertions(+), 3 deletions(-)
Already up to date.
=== port already built, reusing ===
=== target libgmp.a already built, reusing ===
=== linking cc_worker for slice ===
=== compiling port objects ===
=== compiling app (CPPFLAGS: -I/work/applink) ===
=== linking ===
ld: warning: orphan section `.comment' from `/work/applink/crt0.o' being placed in section `.comment'
ld: warning: orphan section `.rela.got' from `/work/applink/crt0.o' being placed in section `.rela.dyn'
ld: warning: orphan section `.got' from `/work/applink/crt0.o' being placed in section `.got'
ld: warning: orphan section `.got.plt' from `/work/applink/crt0.o' being placed in section `.got.plt'
ld: warning: orphan section `.iplt' from `/work/applink/crt0.o' being placed in section `.iplt'
ld: warning: orphan section `.rela.iplt' from `/work/applink/crt0.o' being placed in section `.rela.dyn'
ld: warning: orphan section `.igot.plt' from `/work/applink/crt0.o' being placed in section `.igot.plt'
ld: warning: orphan section `.rela.text.image_fits_in_ram' from `/work/applink/crt0.o' being placed in section `.rela.dyn'
ld: warning: orphan section `.rela.text.zero_bss' from `/work/applink/crt0.o' being placed in section `.rela.dyn'
ld: warning: orphan section `.rela.text.heap_init' from `/work/applink/crt0.o' being placed in section `.rela.dyn'
ld: warning: orphan section `.rela.text.__gmp_default_allocate' from `/work/applink/crt0.o' being placed in section `.rela.dyn'
ld: warning: orphan section `.rela.text.__init_libc' from `/work/applink/crt0.o' being placed in section `.rela.dyn'
ld: warning: orphan section `.rela.text.libc_start_init' from `/work/applink/crt0.o' being placed in section `.rela.dyn'
ld: warning: orphan section `.rela.text.libc_start_main_stage2' from `/work/applink/crt0.o' being placed in section `.rela.dyn'
ld: warning: orphan section `.rela.text.libc_exit_fini' from `/work/applink/crt0.o' being placed in section `.rela.dyn'
ld: warning: orphan section `.rela.text.exit' from `/work/applink/crt0.o' being placed in section `.rela.dyn'
ld: warning: orphan section `.rela.text.__libc_free' from `/work/applink/crt0.o' being placed in section `.rela.dyn'
ld: warning: orphan section `.rela.text.__malloc_alloc_meta' from `/work/applink/crt0.o' being placed in section `.rela.dyn'
ld: warning: orphan section `.rela.text.__libc_malloc_impl' from `/work/applink/crt0.o' being placed in section `.rela.dyn'
ld: warning: orphan section `.rela.text.__mmap' from `/work/applink/crt0.o' being placed in section `.rela.dyn'
ld: warning: orphan section `.rela.text.__munmap' from `/work/applink/crt0.o' being placed in section `.rela.dyn'
ld: warning: orphan section `.rela.text.printf_core' from `/work/applink/crt0.o' being placed in section `.rela.dyn'
ld: warning: orphan section `.rela.text.static_init_tls' from `/work/applink/crt0.o' being placed in section `.rela.dyn'
ld: warning: orphan section `.rela.text.__syscall_ret' from `/work/applink/crt0.o' being placed in section `.rela.dyn'
ld: warning: orphan section `.rela.text.__lctrans' from `/work/applink/crt0.o' being placed in section `.rela.dyn'
ld: warning: orphan section `.rela.text.__libc_realloc' from `/work/applink/crt0.o' being placed in section `.rela.dyn'
ld: warning: orphan section `.rela.text.__mremap' from `/work/applink/crt0.o' being placed in section `.rela.dyn'
ld: warning: orphan section `.rela.text.__stdio_close' from `/work/applink/crt0.o' being placed in section `.rela.dyn'
ld: warning: orphan section `.rela.text.wcrtomb' from `/work/applink/crt0.o' being placed in section `.rela.dyn'
ld: warning: orphan section `.rela.text.__stdio_exit' from `/work/applink/crt0.o' being placed in section `.rela.dyn'
ld: warning: orphan section `.comment' from `/work/applink/posix_shim.o' being placed in section `.comment'
ld: warning: orphan section `.comment' from `/work/applink/thread_shim.o' being placed in section `.comment'
ld: warning: orphan section `.comment' from `/work/applink/libBareMetal.o' being placed in section `.comment'
ld: warning: orphan section `.comment' from `/work/applink/min_stubs.o' being placed in section `.comment'
ld: warning: orphan section `.comment' from `/work/applink/cc_worker.o' being placed in section `.comment'
ld: warning: orphan section `.comment' from `/work/gmp-build/gmp-6.3.0/.libs/libgmp.a(lt4-clear.o)' being placed in section `.comment'
ld: warning: orphan section `.comment' from `/work/gmp-build/gmp-6.3.0/.libs/libgmp.a(lt5-clears.o)' being placed in section `.comment'
ld: warning: orphan section `.comment' from `/work/gmp-build/gmp-6.3.0/.libs/libgmp.a(lt22-init.o)' being placed in section `.comment'
ld: warning: orphan section `.comment' from `/work/gmp-build/gmp-6.3.0/.libs/libgmp.a(lt24-inits.o)' being placed in section `.comment'
ld: warning: orphan section `.comment' from `/work/gmp-build/gmp-6.3.0/.libs/libgmp.a(lt30-iset_ui.o)' being placed in section `.comment'
ld: warning: orphan section `.comment' from `/work/gmp-build/gmp-6.3.0/.libs/libgmp.a(lt32-mul_2exp.o)' being placed in section `.comment'
ld: warning: orphan section `.comment' from `/work/gmp-build/gmp-6.3.0/.libs/libgmp.a(lt33-mul_ui.o)' being placed in section `.comment'
ld: warning: orphan section `.comment' from `/work/gmp-build/gmp-6.3.0/.libs/libgmp.a(pprime_p.o)' being placed in section `.comment'
ld: warning: orphan section `.comment' from `/work/gmp-build/gmp-6.3.0/.libs/libgmp.a(realloc.o)' being placed in section `.comment'
ld: warning: orphan section `.comment' from `/work/gmp-build/gmp-6.3.0/.libs/libgmp.a(lt44-set_ui.o)' being placed in section `.comment'
ld: warning: orphan section `.comment' from `/work/gmp-build/gmp-6.3.0/.libs/libgmp.a(sizeinbase.o)' being placed in section `.comment'
ld: warning: orphan section `.comment' from `/work/gmp-build/gmp-6.3.0/.libs/libgmp.a(lt48-sub_ui.o)' being placed in section `.comment'
ld: warning: orphan section `.comment' from `/work/gmp-build/gmp-6.3.0/.libs/libgmp.a(mp_bases.o)' being placed in section `.comment'
ld: warning: orphan section `.comment' from `/work/gmp-build/gmp-6.3.0/.libs/libgmp.a(fat.o)' being placed in section `.comment'
ld: warning: orphan section `.comment' from `/work/gmp-build/gmp-6.3.0/.libs/libgmp.a(assert.o)' being placed in section `.comment'
ld: warning: orphan section `.comment' from `/work/gmp-build/gmp-6.3.0/.libs/libgmp.a(errno.o)' being placed in section `.comment'
ld: warning: orphan section `.comment' from `/work/gmp-build/gmp-6.3.0/.libs/libgmp.a(memory.o)' being placed in section `.comment'
ld: warning: orphan section `.comment' from `/work/gmp-build/gmp-6.3.0/.libs/libgmp.a(lt9-cmp_ui.o)' being placed in section `.comment'
ld: warning: orphan section `.comment' from `/work/gmp-build/gmp-6.3.0/.libs/libgmp.a(cmpabs_ui.o)' being placed in section `.comment'
ld: warning: orphan section `.comment' from `/work/gmp-build/gmp-6.3.0/.libs/libgmp.a(millerrabin.o)' being placed in section `.comment'
ld: warning: orphan section `.comment' from `/work/gmp-build/gmp-6.3.0/.libs/libgmp.a(powm.o)' being placed in section `.comment'
ld: warning: orphan section `.comment' from `/work/gmp-build/gmp-6.3.0/.libs/libgmp.a(powm_ui.o)' being placed in section `.comment'
ld: warning: orphan section `.comment' from `/work/gmp-build/gmp-6.3.0/.libs/libgmp.a(stronglucas.o)' being placed in section `.comment'
ld: warning: orphan section `.comment' from `/work/gmp-build/gmp-6.3.0/.libs/libgmp.a(tdiv_q_2exp.o)' being placed in section `.comment'
ld: warning: orphan section `.comment' from `/work/gmp-build/gmp-6.3.0/.libs/libgmp.a(tdiv_r.o)' being placed in section `.comment'
ld: warning: orphan section `.comment' from `/work/gmp-build/gmp-6.3.0/.libs/libgmp.a(urandomm.o)' being placed in section `.comment'
ld: warning: orphan section `.comment' from `/work/gmp-build/gmp-6.3.0/.libs/libgmp.a(fat_mod_1.o)' being placed in section `.comment'
ld: warning: orphan section `.comment' from `/work/gmp-build/gmp-6.3.0/.libs/libgmp.a(fat_mul_basecase.o)' being placed in section `.comment'
ld: warning: orphan section `.comment' from `/work/gmp-build/gmp-6.3.0/.libs/libgmp.a(fat_mullo_basecase.o)' being placed in section `.comment'
ld: warning: orphan section `.comment' from `/work/gmp-build/gmp-6.3.0/.libs/libgmp.a(fat_redc_1.o)' being placed in section `.comment'
ld: warning: orphan section `.comment' from `/work/gmp-build/gmp-6.3.0/.libs/libgmp.a(fat_redc_2.o)' being placed in section `.comment'
ld: warning: orphan section `.comment' from `/work/gmp-build/gmp-6.3.0/.libs/libgmp.a(fat_sqr_basecase.o)' being placed in section `.comment'
ld: warning: orphan section `.comment' from `/work/gmp-build/gmp-6.3.0/.libs/libgmp.a(fat_addmul_2.o)' being placed in section `.comment'
ld: warning: orphan section `.comment' from `/work/gmp-build/gmp-6.3.0/.libs/libgmp.a(lt81-mul.o)' being placed in section `.comment'
ld: warning: orphan section `.comment' from `/work/gmp-build/gmp-6.3.0/.libs/libgmp.a(mul_n.o)' being placed in section `.comment'
ld: warning: orphan section `.comment' from `/work/gmp-build/gmp-6.3.0/.libs/libgmp.a(sqr.o)' being placed in section `.comment'
ld: warning: orphan section `.comment' from `/work/gmp-build/gmp-6.3.0/.libs/libgmp.a(nussbaumer_mul.o)' being placed in section `.comment'
ld: warning: orphan section `.comment' from `/work/gmp-build/gmp-6.3.0/.libs/libgmp.a(lt85-sqrtrem.o)' being placed in section `.comment'
ld: warning: orphan section `.comment' from `/work/gmp-build/gmp-6.3.0/.libs/libgmp.a(lt90-scan1.o)' being placed in section `.comment'
ld: warning: orphan section `.comment' from `/work/gmp-build/gmp-6.3.0/.libs/libgmp.a(lt94-perfsqr.o)' being placed in section `.comment'
ld: warning: orphan section `.comment' from `/work/gmp-build/gmp-6.3.0/.libs/libgmp.a(strongfibo.o)' being placed in section `.comment'
ld: warning: orphan section `.comment' from `/work/gmp-build/gmp-6.3.0/.libs/libgmp.a(lt98-tdiv_qr.o)' being placed in section `.comment'
ld: warning: orphan section `.comment' from `/work/gmp-build/gmp-6.3.0/.libs/libgmp.a(jacbase.o)' being placed in section `.comment'
ld: warning: orphan section `.comment' from `/work/gmp-build/gmp-6.3.0/.libs/libgmp.a(mullo_n.o)' being placed in section `.comment'
ld: warning: orphan section `.comment' from `/work/gmp-build/gmp-6.3.0/.libs/libgmp.a(toom22_mul.o)' being placed in section `.comment'
ld: warning: orphan section `.comment' from `/work/gmp-build/gmp-6.3.0/.libs/libgmp.a(toom32_mul.o)' being placed in section `.comment'
ld: warning: orphan section `.comment' from `/work/gmp-build/gmp-6.3.0/.libs/libgmp.a(toom42_mul.o)' being placed in section `.comment'
ld: warning: orphan section `.comment' from `/work/gmp-build/gmp-6.3.0/.libs/libgmp.a(toom33_mul.o)' being placed in section `.comment'
ld: warning: orphan section `.comment' from `/work/gmp-build/gmp-6.3.0/.libs/libgmp.a(toom43_mul.o)' being placed in section `.comment'
ld: warning: orphan section `.comment' from `/work/gmp-build/gmp-6.3.0/.libs/libgmp.a(toom53_mul.o)' being placed in section `.comment'
ld: warning: orphan section `.comment' from `/work/gmp-build/gmp-6.3.0/.libs/libgmp.a(toom63_mul.o)' being placed in section `.comment'
ld: warning: orphan section `.comment' from `/work/gmp-build/gmp-6.3.0/.libs/libgmp.a(toom44_mul.o)' being placed in section `.comment'
ld: warning: orphan section `.comment' from `/work/gmp-build/gmp-6.3.0/.libs/libgmp.a(toom6h_mul.o)' being placed in section `.comment'
ld: warning: orphan section `.comment' from `/work/gmp-build/gmp-6.3.0/.libs/libgmp.a(toom6_sqr.o)' being placed in section `.comment'
ld: warning: orphan section `.comment' from `/work/gmp-build/gmp-6.3.0/.libs/libgmp.a(toom8h_mul.o)' being placed in section `.comment'
ld: warning: orphan section `.comment' from `/work/gmp-build/gmp-6.3.0/.libs/libgmp.a(toom8_sqr.o)' being placed in section `.comment'
ld: warning: orphan section `.comment' from `/work/gmp-build/gmp-6.3.0/.libs/libgmp.a(toom_couple_handling.o)' being placed in section `.comment'
ld: warning: orphan section `.comment' from `/work/gmp-build/gmp-6.3.0/.libs/libgmp.a(toom2_sqr.o)' being placed in section `.comment'
ld: warning: orphan section `.comment' from `/work/gmp-build/gmp-6.3.0/.libs/libgmp.a(toom3_sqr.o)' being placed in section `.comment'
ld: warning: orphan section `.comment' from `/work/gmp-build/gmp-6.3.0/.libs/libgmp.a(toom_eval_dgr3_pm1.o)' being placed in section `.comment'
ld: warning: orphan section `.comment' from `/work/gmp-build/gmp-6.3.0/.libs/libgmp.a(toom_eval_dgr3_pm2.o)' being placed in section `.comment'
ld: warning: orphan section `.comment' from `/work/gmp-build/gmp-6.3.0/.libs/libgmp.a(toom_eval_pm1.o)' being placed in section `.comment'
ld: warning: orphan section `.comment' from `/work/gmp-build/gmp-6.3.0/.libs/libgmp.a(toom_eval_pm2.o)' being placed in section `.comment'
ld: warning: orphan section `.comment' from `/work/gmp-build/gmp-6.3.0/.libs/libgmp.a(toom_eval_pm2exp.o)' being placed in section `.comment'
ld: warning: orphan section `.comment' from `/work/gmp-build/gmp-6.3.0/.libs/libgmp.a(toom_eval_pm2rexp.o)' being placed in section `.comment'
ld: warning: orphan section `.comment' from `/work/gmp-build/gmp-6.3.0/.libs/libgmp.a(toom_interpolate_5pts.o)' being placed in section `.comment'
ld: warning: orphan section `.comment' from `/work/gmp-build/gmp-6.3.0/.libs/libgmp.a(toom_interpolate_6pts.o)' being placed in section `.comment'
ld: warning: orphan section `.comment' from `/work/gmp-build/gmp-6.3.0/.libs/libgmp.a(toom_interpolate_7pts.o)' being placed in section `.comment'
ld: warning: orphan section `.comment' from `/work/gmp-build/gmp-6.3.0/.libs/libgmp.a(toom_interpolate_8pts.o)' being placed in section `.comment'
ld: warning: orphan section `.comment' from `/work/gmp-build/gmp-6.3.0/.libs/libgmp.a(toom_interpolate_12pts.o)' being placed in section `.comment'
ld: warning: orphan section `.comment' from `/work/gmp-build/gmp-6.3.0/.libs/libgmp.a(toom_interpolate_16pts.o)' being placed in section `.comment'
ld: warning: orphan section `.comment' from `/work/gmp-build/gmp-6.3.0/.libs/libgmp.a(binvert.o)' being placed in section `.comment'
ld: warning: orphan section `.comment' from `/work/gmp-build/gmp-6.3.0/.libs/libgmp.a(mulmod_bnm1.o)' being placed in section `.comment'
ld: warning: orphan section `.comment' from `/work/gmp-build/gmp-6.3.0/.libs/libgmp.a(sqrmod_bnm1.o)' being placed in section `.comment'
ld: warning: orphan section `.comment' from `/work/gmp-build/gmp-6.3.0/.libs/libgmp.a(mulmod_bknp1.o)' being placed in section `.comment'
ld: warning: orphan section `.comment' from `/work/gmp-build/gmp-6.3.0/.libs/libgmp.a(sbpi1_div_qr.o)' being placed in section `.comment'
ld: warning: orphan section `.comment' from `/work/gmp-build/gmp-6.3.0/.libs/libgmp.a(sbpi1_divappr_q.o)' being placed in section `.comment'
ld: warning: orphan section `.comment' from `/work/gmp-build/gmp-6.3.0/.libs/libgmp.a(dcpi1_div_qr.o)' being placed in section `.comment'
ld: warning: orphan section `.comment' from `/work/gmp-build/gmp-6.3.0/.libs/libgmp.a(dcpi1_divappr_q.o)' being placed in section `.comment'
ld: warning: orphan section `.comment' from `/work/gmp-build/gmp-6.3.0/.libs/libgmp.a(mu_div_qr.o)' being placed in section `.comment'
ld: warning: orphan section `.comment' from `/work/gmp-build/gmp-6.3.0/.libs/libgmp.a(mu_divappr_q.o)' being placed in section `.comment'
ld: warning: orphan section `.comment' from `/work/gmp-build/gmp-6.3.0/.libs/libgmp.a(sbpi1_bdiv_q.o)' being placed in section `.comment'
ld: warning: orphan section `.comment' from `/work/gmp-build/gmp-6.3.0/.libs/libgmp.a(dcpi1_bdiv_q.o)' being placed in section `.comment'
ld: warning: orphan section `.comment' from `/work/gmp-build/gmp-6.3.0/.libs/libgmp.a(dcpi1_bdiv_qr.o)' being placed in section `.comment'
ld: warning: orphan section `.comment' from `/work/gmp-build/gmp-6.3.0/.libs/libgmp.a(lt103-powm.o)' being placed in section `.comment'
ld: warning: orphan section `.comment' from `/work/gmp-build/gmp-6.3.0/.libs/libgmp.a(powlo.o)' being placed in section `.comment'
ld: warning: orphan section `.comment' from `/work/gmp-build/gmp-6.3.0/.libs/libgmp.a(randclr.o)' being placed in section `.comment'
ld: warning: orphan section `.comment' from `/work/gmp-build/gmp-6.3.0/.libs/libgmp.a(randdef.o)' being placed in section `.comment'
ld: warning: orphan section `.comment' from `/work/gmp-build/gmp-6.3.0/.libs/libgmp.a(randmts.o)' being placed in section `.comment'
ld: warning: orphan section `.comment' from `/work/gmp-build/gmp-6.3.0/.libs/libgmp.a(mp_minv_tab.o)' being placed in section `.comment'
ld: warning: orphan section `.comment' from `/work/gmp-build/gmp-6.3.0/.libs/libgmp.a(tal-reent.o)' being placed in section `.comment'
ld: warning: orphan section `.comment' from `/work/gmp-build/gmp-6.3.0/.libs/libgmp.a(lt3-add_ui.o)' being placed in section `.comment'
ld: warning: orphan section `.comment' from `/work/gmp-build/gmp-6.3.0/.libs/libgmp.a(aorsmul_i.o)' being placed in section `.comment'
ld: warning: orphan section `.comment' from `/work/gmp-build/gmp-6.3.0/.libs/libgmp.a(clrbit.o)' being placed in section `.comment'
ld: warning: orphan section `.comment' from `/work/gmp-build/gmp-6.3.0/.libs/libgmp.a(export.o)' being placed in section `.comment'
ld: warning: orphan section `.comment' from `/work/gmp-build/gmp-6.3.0/.libs/libgmp.a(lt23-init2.o)' being placed in section `.comment'
ld: warning: orphan section `.comment' from `/work/gmp-build/gmp-6.3.0/.libs/libgmp.a(invert.o)' being placed in section `.comment'
ld: warning: orphan section `.comment' from `/work/gmp-build/gmp-6.3.0/.libs/libgmp.a(lt26-iset.o)' being placed in section `.comment'
ld: warning: orphan section `.comment' from `/work/gmp-build/gmp-6.3.0/.libs/libgmp.a(lucmod.o)' being placed in section `.comment'
ld: warning: orphan section `.comment' from `/work/gmp-build/gmp-6.3.0/.libs/libgmp.a(mod.o)' being placed in section `.comment'
ld: warning: orphan section `.comment' from `/work/gmp-build/gmp-6.3.0/.libs/libgmp.a(lt31-mul.o)' being placed in section `.comment'
ld: warning: orphan section `.comment' from `/work/gmp-build/gmp-6.3.0/.libs/libgmp.a(mul_si.o)' being placed in section `.comment'
ld: warning: orphan section `.comment' from `/work/gmp-build/gmp-6.3.0/.libs/libgmp.a(roinit_n.o)' being placed in section `.comment'
ld: warning: orphan section `.comment' from `/work/gmp-build/gmp-6.3.0/.libs/libgmp.a(scan0.o)' being placed in section `.comment'
ld: warning: orphan section `.comment' from `/work/gmp-build/gmp-6.3.0/.libs/libgmp.a(lt39-set.o)' being placed in section `.comment'
ld: warning: orphan section `.comment' from `/work/gmp-build/gmp-6.3.0/.libs/libgmp.a(lt42-set_si.o)' being placed in section `.comment'
ld: warning: orphan section `.comment' from `/work/gmp-build/gmp-6.3.0/.libs/libgmp.a(setbit.o)' being placed in section `.comment'
ld: warning: orphan section `.comment' from `/work/gmp-build/gmp-6.3.0/.libs/libgmp.a(lt47-sub.o)' being placed in section `.comment'
ld: warning: orphan section `.comment' from `/work/gmp-build/gmp-6.3.0/.libs/libgmp.a(lt49-swap.o)' being placed in section `.comment'
ld: warning: orphan section `.comment' from `/work/gmp-build/gmp-6.3.0/.libs/libgmp.a(tdiv_r_2exp.o)' being placed in section `.comment'
ld: warning: orphan section `.comment' from `/work/gmp-build/gmp-6.3.0/.libs/libgmp.a(tstbit.o)' being placed in section `.comment'
ld: warning: orphan section `.comment' from `/work/gmp-build/gmp-6.3.0/.libs/libgmp.a(fib2m.o)' being placed in section `.comment'
ld: warning: orphan section `.comment' from `/work/gmp-build/gmp-6.3.0/.libs/libgmp.a(mul_fft.o)' being placed in section `.comment'
ld: warning: orphan section `.comment' from `/work/gmp-build/gmp-6.3.0/.libs/libgmp.a(lt89-scan0.o)' being placed in section `.comment'
ld: warning: orphan section `.comment' from `/work/gmp-build/gmp-6.3.0/.libs/libgmp.a(sqrlo.o)' being placed in section `.comment'
ld: warning: orphan section `.comment' from `/work/gmp-build/gmp-6.3.0/.libs/libgmp.a(sqrlo_basecase.o)' being placed in section `.comment'
ld: warning: orphan section `.comment' from `/work/gmp-build/gmp-6.3.0/.libs/libgmp.a(invertappr.o)' being placed in section `.comment'
ld: warning: orphan section `.comment' from `/work/gmp-build/gmp-6.3.0/.libs/libgmp.a(sbpi1_bdiv_qr.o)' being placed in section `.comment'
ld: warning: orphan section `.comment' from `/work/gmp-build/gmp-6.3.0/.libs/libgmp.a(redc_n.o)' being placed in section `.comment'
ld: warning: orphan section `.comment' from `/work/gmp-build/gmp-6.3.0/.libs/libgmp.a(randmt.o)' being placed in section `.comment'
ld: warning: orphan section `.comment' from `/work/gmp-build/gmp-6.3.0/.libs/libgmp.a(lt2-add.o)' being placed in section `.comment'
ld: warning: orphan section `.comment' from `/work/gmp-build/gmp-6.3.0/.libs/libgmp.a(gcdext.o)' being placed in section `.comment'
ld: warning: orphan section `.comment' from `/work/gmp-build/gmp-6.3.0/.libs/libgmp.a(lt79-fib2_ui.o)' being placed in section `.comment'
ld: warning: orphan section `.comment' from `/work/gmp-build/gmp-6.3.0/.libs/libgmp.a(lt97-gcdext.o)' being placed in section `.comment'
ld: warning: orphan section `.comment' from `/work/gmp-build/gmp-6.3.0/.libs/libgmp.a(gcd_subdiv_step.o)' being placed in section `.comment'
ld: warning: orphan section `.comment' from `/work/gmp-build/gmp-6.3.0/.libs/libgmp.a(gcdext_lehmer.o)' being placed in section `.comment'
ld: warning: orphan section `.comment' from `/work/gmp-build/gmp-6.3.0/.libs/libgmp.a(matrix22_mul1_inverse_vector.o)' being placed in section `.comment'
ld: warning: orphan section `.comment' from `/work/gmp-build/gmp-6.3.0/.libs/libgmp.a(hgcd_matrix.o)' being placed in section `.comment'
ld: warning: orphan section `.comment' from `/work/gmp-build/gmp-6.3.0/.libs/libgmp.a(hgcd2.o)' being placed in section `.comment'
ld: warning: orphan section `.comment' from `/work/gmp-build/gmp-6.3.0/.libs/libgmp.a(hgcd.o)' being placed in section `.comment'
ld: warning: orphan section `.comment' from `/work/gmp-build/gmp-6.3.0/.libs/libgmp.a(lt102-divexact.o)' being placed in section `.comment'
ld: warning: orphan section `.comment' from `/work/gmp-build/gmp-6.3.0/.libs/libgmp.a(divexact.o)' being placed in section `.comment'
ld: warning: orphan section `.comment' from `/work/gmp-build/gmp-6.3.0/.libs/libgmp.a(fib_table.o)' being placed in section `.comment'
ld: warning: orphan section `.comment' from `/work/gmp-build/gmp-6.3.0/.libs/libgmp.a(gcdext_1.o)' being placed in section `.comment'
ld: warning: orphan section `.comment' from `/work/gmp-build/gmp-6.3.0/.libs/libgmp.a(matrix22_mul.o)' being placed in section `.comment'
ld: warning: orphan section `.comment' from `/work/gmp-build/gmp-6.3.0/.libs/libgmp.a(hgcd_step.o)' being placed in section `.comment'
ld: warning: orphan section `.comment' from `/work/gmp-build/gmp-6.3.0/.libs/libgmp.a(hgcd_reduce.o)' being placed in section `.comment'
ld: warning: orphan section `.comment' from `/work/gmp-build/gmp-6.3.0/.libs/libgmp.a(hgcd_appr.o)' being placed in section `.comment'
ld: warning: orphan section `.comment' from `/work/gmp-build/gmp-6.3.0/.libs/libgmp.a(bdiv_q.o)' being placed in section `.comment'
ld: warning: orphan section `.comment' from `/work/gmp-build/gmp-6.3.0/.libs/libgmp.a(mu_bdiv_q.o)' being placed in section `.comment'
ld: warning: orphan section `.comment' from `/work/BareMetal-App/BareMetal-AppPort/build/musl-1.2.6/lib/libc.a(__libc_start_main.o)' being placed in section `.comment'
ld: warning: orphan section `.comment' from `/work/BareMetal-App/BareMetal-AppPort/build/musl-1.2.6/lib/libc.a(abort.o)' being placed in section `.comment'
ld: warning: orphan section `.comment' from `/work/BareMetal-App/BareMetal-AppPort/build/musl-1.2.6/lib/libc.a(abort_lock.o)' being placed in section `.comment'
ld: warning: orphan section `.comment' from `/work/BareMetal-App/BareMetal-AppPort/build/musl-1.2.6/lib/libc.a(exit.o)' being placed in section `.comment'
ld: warning: orphan section `.comment' from `/work/BareMetal-App/BareMetal-AppPort/build/musl-1.2.6/lib/libc.a(defsysinfo.o)' being placed in section `.comment'
ld: warning: orphan section `.comment' from `/work/BareMetal-App/BareMetal-AppPort/build/musl-1.2.6/lib/libc.a(libc.o)' being placed in section `.comment'
ld: warning: orphan section `.comment' from `/work/BareMetal-App/BareMetal-AppPort/build/musl-1.2.6/lib/libc.a(free.o)' being placed in section `.comment'
ld: warning: orphan section `.comment' from `/work/BareMetal-App/BareMetal-AppPort/build/musl-1.2.6/lib/libc.a(lite_malloc.o)' being placed in section `.comment'
ld: warning: orphan section `.comment' from `/work/BareMetal-App/BareMetal-AppPort/build/musl-1.2.6/lib/libc.a(free.o)' being placed in section `.comment'
ld: warning: orphan section `.comment' from `/work/BareMetal-App/BareMetal-AppPort/build/musl-1.2.6/lib/libc.a(malloc.o)' being placed in section `.comment'
ld: warning: orphan section `.comment' from `/work/BareMetal-App/BareMetal-AppPort/build/musl-1.2.6/lib/libc.a(realloc.o)' being placed in section `.comment'
ld: warning: orphan section `.comment' from `/work/BareMetal-App/BareMetal-AppPort/build/musl-1.2.6/lib/libc.a(mmap.o)' being placed in section `.comment'
ld: warning: orphan section `.comment' from `/work/BareMetal-App/BareMetal-AppPort/build/musl-1.2.6/lib/libc.a(mprotect.o)' being placed in section `.comment'
ld: warning: orphan section `.comment' from `/work/BareMetal-App/BareMetal-AppPort/build/musl-1.2.6/lib/libc.a(munmap.o)' being placed in section `.comment'
ld: warning: orphan section `.comment' from `/work/BareMetal-App/BareMetal-AppPort/build/musl-1.2.6/lib/libc.a(block.o)' being placed in section `.comment'
ld: warning: orphan section `.comment' from `/work/BareMetal-App/BareMetal-AppPort/build/musl-1.2.6/lib/libc.a(raise.o)' being placed in section `.comment'
ld: warning: orphan section `.comment' from `/work/BareMetal-App/BareMetal-AppPort/build/musl-1.2.6/lib/libc.a(fflush.o)' being placed in section `.comment'
ld: warning: orphan section `.comment' from `/work/BareMetal-App/BareMetal-AppPort/build/musl-1.2.6/lib/libc.a(fprintf.o)' being placed in section `.comment'
ld: warning: orphan section `.comment' from `/work/BareMetal-App/BareMetal-AppPort/build/musl-1.2.6/lib/libc.a(ofl.o)' being placed in section `.comment'
ld: warning: orphan section `.comment' from `/work/BareMetal-App/BareMetal-AppPort/build/musl-1.2.6/lib/libc.a(printf.o)' being placed in section `.comment'
ld: warning: orphan section `.comment' from `/work/BareMetal-App/BareMetal-AppPort/build/musl-1.2.6/lib/libc.a(stderr.o)' being placed in section `.comment'
ld: warning: orphan section `.comment' from `/work/BareMetal-App/BareMetal-AppPort/build/musl-1.2.6/lib/libc.a(stdout.o)' being placed in section `.comment'
ld: warning: orphan section `.comment' from `/work/BareMetal-App/BareMetal-AppPort/build/musl-1.2.6/lib/libc.a(vfprintf.o)' being placed in section `.comment'
ld: warning: orphan section `.comment' from `/work/BareMetal-App/BareMetal-AppPort/build/musl-1.2.6/lib/libc.a(strcmp.o)' being placed in section `.comment'
ld: warning: orphan section `.comment' from `/work/BareMetal-App/BareMetal-AppPort/build/musl-1.2.6/lib/libc.a(strcpy.o)' being placed in section `.comment'
ld: warning: orphan section `.comment' from `/work/BareMetal-App/BareMetal-AppPort/build/musl-1.2.6/lib/libc.a(strnlen.o)' being placed in section `.comment'
ld: warning: orphan section `.comment' from `/work/BareMetal-App/BareMetal-AppPort/build/musl-1.2.6/lib/libc.a(strstr.o)' being placed in section `.comment'
ld: warning: orphan section `.comment' from `/work/BareMetal-App/BareMetal-AppPort/build/musl-1.2.6/lib/libc.a(__lock.o)' being placed in section `.comment'
ld: warning: orphan section `.comment' from `/work/BareMetal-App/BareMetal-AppPort/build/musl-1.2.6/lib/libc.a(__environ.o)' being placed in section `.comment'
ld: warning: orphan section `.comment' from `/work/BareMetal-App/BareMetal-AppPort/build/musl-1.2.6/lib/libc.a(__init_tls.o)' being placed in section `.comment'
ld: warning: orphan section `.comment' from `/work/BareMetal-App/BareMetal-AppPort/build/musl-1.2.6/lib/libc.a(__errno_location.o)' being placed in section `.comment'
ld: warning: orphan section `.comment' from `/work/BareMetal-App/BareMetal-AppPort/build/musl-1.2.6/lib/libc.a(strerror.o)' being placed in section `.comment'
ld: warning: orphan section `.comment' from `/work/BareMetal-App/BareMetal-AppPort/build/musl-1.2.6/lib/libc.a(_Exit.o)' being placed in section `.comment'
ld: warning: orphan section `.comment' from `/work/BareMetal-App/BareMetal-AppPort/build/musl-1.2.6/lib/libc.a(syscall_ret.o)' being placed in section `.comment'
ld: warning: orphan section `.comment' from `/work/BareMetal-App/BareMetal-AppPort/build/musl-1.2.6/lib/libc.a(__lctrans.o)' being placed in section `.comment'
ld: warning: orphan section `.comment' from `/work/BareMetal-App/BareMetal-AppPort/build/musl-1.2.6/lib/libc.a(realloc.o)' being placed in section `.comment'
ld: warning: orphan section `.comment' from `/work/BareMetal-App/BareMetal-AppPort/build/musl-1.2.6/lib/libc.a(__fpclassifyl.o)' being placed in section `.comment'
ld: warning: orphan section `.comment' from `/work/BareMetal-App/BareMetal-AppPort/build/musl-1.2.6/lib/libc.a(__signbitl.o)' being placed in section `.comment'
ld: warning: orphan section `.comment' from `/work/BareMetal-App/BareMetal-AppPort/build/musl-1.2.6/lib/libc.a(frexpl.o)' being placed in section `.comment'
ld: warning: orphan section `.comment' from `/work/BareMetal-App/BareMetal-AppPort/build/musl-1.2.6/lib/libc.a(scalbn.o)' being placed in section `.comment'
ld: warning: orphan section `.comment' from `/work/BareMetal-App/BareMetal-AppPort/build/musl-1.2.6/lib/libc.a(mremap.o)' being placed in section `.comment'
ld: warning: orphan section `.comment' from `/work/BareMetal-App/BareMetal-AppPort/build/musl-1.2.6/lib/libc.a(wctomb.o)' being placed in section `.comment'
ld: warning: orphan section `.comment' from `/work/BareMetal-App/BareMetal-AppPort/build/musl-1.2.6/lib/libc.a(__lockfile.o)' being placed in section `.comment'
ld: warning: orphan section `.comment' from `/work/BareMetal-App/BareMetal-AppPort/build/musl-1.2.6/lib/libc.a(__stdio_close.o)' being placed in section `.comment'
ld: warning: orphan section `.comment' from `/work/BareMetal-App/BareMetal-AppPort/build/musl-1.2.6/lib/libc.a(__stdio_seek.o)' being placed in section `.comment'
ld: warning: orphan section `.comment' from `/work/BareMetal-App/BareMetal-AppPort/build/musl-1.2.6/lib/libc.a(__stdio_write.o)' being placed in section `.comment'
ld: warning: orphan section `.comment' from `/work/BareMetal-App/BareMetal-AppPort/build/musl-1.2.6/lib/libc.a(__stdout_write.o)' being placed in section `.comment'
ld: warning: orphan section `.comment' from `/work/BareMetal-App/BareMetal-AppPort/build/musl-1.2.6/lib/libc.a(__towrite.o)' being placed in section `.comment'
ld: warning: orphan section `.comment' from `/work/BareMetal-App/BareMetal-AppPort/build/musl-1.2.6/lib/libc.a(fwrite.o)' being placed in section `.comment'
ld: warning: orphan section `.comment' from `/work/BareMetal-App/BareMetal-AppPort/build/musl-1.2.6/lib/libc.a(memchr.o)' being placed in section `.comment'
ld: warning: orphan section `.comment' from `/work/BareMetal-App/BareMetal-AppPort/build/musl-1.2.6/lib/libc.a(memcmp.o)' being placed in section `.comment'
ld: warning: orphan section `.comment' from `/work/BareMetal-App/BareMetal-AppPort/build/musl-1.2.6/lib/libc.a(stpcpy.o)' being placed in section `.comment'
ld: warning: orphan section `.comment' from `/work/BareMetal-App/BareMetal-AppPort/build/musl-1.2.6/lib/libc.a(strchr.o)' being placed in section `.comment'
ld: warning: orphan section `.comment' from `/work/BareMetal-App/BareMetal-AppPort/build/musl-1.2.6/lib/libc.a(strchrnul.o)' being placed in section `.comment'
ld: warning: orphan section `.comment' from `/work/BareMetal-App/BareMetal-AppPort/build/musl-1.2.6/lib/libc.a(strlen.o)' being placed in section `.comment'
ld: warning: orphan section `.comment' from `/work/BareMetal-App/BareMetal-AppPort/build/musl-1.2.6/lib/libc.a(default_attr.o)' being placed in section `.comment'
ld: warning: orphan section `.comment' from `/work/BareMetal-App/BareMetal-AppPort/build/musl-1.2.6/lib/libc.a(lseek.o)' being placed in section `.comment'
ld: warning: orphan section `.comment' from `/work/BareMetal-App/BareMetal-AppPort/build/musl-1.2.6/lib/libc.a(wcrtomb.o)' being placed in section `.comment'
ld: warning: orphan section `.comment' from `/work/BareMetal-App/BareMetal-AppPort/build/musl-1.2.6/lib/libc.a(__stdio_exit.o)' being placed in section `.comment'
=== result ===
-rwxr-xr-x 1 root root 2741964 Sep  5 18:28 /work/applink/cc_worker.app
--- undefined symbols (must be empty):
--- assembly actually linked in (not a C fallback):
ffff800000008598 T __gmpn_addmul_1
ffff800000021170 T __gmpn_addmul_1_atom
ffff80000000f8c0 T __gmpn_addmul_1_bd1
ffff800000011100 T __gmpn_addmul_1_bt1
ffff800000017b50 T __gmpn_addmul_1_core2
--- sections:
.text                    00057119 @ ffff800000000000
.rodata                  00245d00 @ ffff800000057140
.data                    0000088c @ ffff80000029ce40
.bss                     00006120 @ ffff80000029d6e0
.comment                 0000002d @ 0000000000000000
=== wrapping into baremetal.elf ===
Unikernel mode enabled
-rwxr-xr-x 1 root root 3794992 Sep  5 18:28 /out/baremetal.elf

worker image: /Users/reza/PycharmProjects/unikernel-c/gmp/results/workers/w1/baremetal.elf
2026-09-05T18:28:52Z   retired old image cmtoftfhc00c8n1nb7fetgzn8
2026-09-05T18:28:57Z   cc-w1 redeployed as cmtopv8cd00dmn1nb5jrm17os on m=[101050000000,101155000000)  [1/60]
2026-09-05T18:28:57Z cc-w2 (cmtofvidl00ckn1nbwayfzxoq) has stopped -- harvesting
2026-09-05T18:29:00Z   harvested 2982 lines, 0
0 hits; WORKER_DONE slice=w2 examined=295144 best=2 best_m=100840131060
2026-09-05T18:29:04Z   rebuilding cc-w2 on m=[101155000000,101260000000)
sieving w2: m=[101155000000,101260000000) depth=1000000000
wrote /Users/reza/PycharmProjects/unikernel-c/gmp/results/workers/w2/cc_slice.h: 296181 survivors from 105000000 multipliers (.002820)
Already up to date.
Already up to date.
=== port already built, reusing ===
=== target libgmp.a already built, reusing ===
=== linking cc_worker for slice ===
=== compiling port objects ===
=== compiling app (CPPFLAGS: -I/work/applink) ===
=== linking ===
ld: warning: orphan section `.comment' from `/work/applink/crt0.o' being placed in section `.comment'
ld: warning: orphan section `.rela.got' from `/work/applink/crt0.o' being placed in section `.rela.dyn'
ld: warning: orphan section `.got' from `/work/applink/crt0.o' being placed in section `.got'
ld: warning: orphan section `.got.plt' from `/work/applink/crt0.o' being placed in section `.got.plt'
ld: warning: orphan section `.iplt' from `/work/applink/crt0.o' being placed in section `.iplt'
ld: warning: orphan section `.rela.iplt' from `/work/applink/crt0.o' being placed in section `.rela.dyn'
ld: warning: orphan section `.igot.plt' from `/work/applink/crt0.o' being placed in section `.igot.plt'
ld: warning: orphan section `.rela.text.image_fits_in_ram' from `/work/applink/crt0.o' being placed in section `.rela.dyn'
ld: warning: orphan section `.rela.text.zero_bss' from `/work/applink/crt0.o' being placed in section `.rela.dyn'
ld: warning: orphan section `.rela.text.heap_init' from `/work/applink/crt0.o' being placed in section `.rela.dyn'
ld: warning: orphan section `.rela.text.__gmp_default_allocate' from `/work/applink/crt0.o' being placed in section `.rela.dyn'
ld: warning: orphan section `.rela.text.__init_libc' from `/work/applink/crt0.o' being placed in section `.rela.dyn'
ld: warning: orphan section `.rela.text.libc_start_init' from `/work/applink/crt0.o' being placed in section `.rela.dyn'
ld: warning: orphan section `.rela.text.libc_start_main_stage2' from `/work/applink/crt0.o' being placed in section `.rela.dyn'
ld: warning: orphan section `.rela.text.libc_exit_fini' from `/work/applink/crt0.o' being placed in section `.rela.dyn'
ld: warning: orphan section `.rela.text.exit' from `/work/applink/crt0.o' being placed in section `.rela.dyn'
ld: warning: orphan section `.rela.text.__libc_free' from `/work/applink/crt0.o' being placed in section `.rela.dyn'
ld: warning: orphan section `.rela.text.__malloc_alloc_meta' from `/work/applink/crt0.o' being placed in section `.rela.dyn'
ld: warning: orphan section `.rela.text.__libc_malloc_impl' from `/work/applink/crt0.o' being placed in section `.rela.dyn'
ld: warning: orphan section `.rela.text.__mmap' from `/work/applink/crt0.o' being placed in section `.rela.dyn'
ld: warning: orphan section `.rela.text.__munmap' from `/work/applink/crt0.o' being placed in section `.rela.dyn'
ld: warning: orphan section `.rela.text.printf_core' from `/work/applink/crt0.o' being placed in section `.rela.dyn'
ld: warning: orphan section `.rela.text.static_init_tls' from `/work/applink/crt0.o' being placed in section `.rela.dyn'
ld: warning: orphan section `.rela.text.__syscall_ret' from `/work/applink/crt0.o' being placed in section `.rela.dyn'
ld: warning: orphan section `.rela.text.__lctrans' from `/work/applink/crt0.o' being placed in section `.rela.dyn'
ld: warning: orphan section `.rela.text.__libc_realloc' from `/work/applink/crt0.o' being placed in section `.rela.dyn'
ld: warning: orphan section `.rela.text.__mremap' from `/work/applink/crt0.o' being placed in section `.rela.dyn'
ld: warning: orphan section `.rela.text.__stdio_close' from `/work/applink/crt0.o' being placed in section `.rela.dyn'
ld: warning: orphan section `.rela.text.wcrtomb' from `/work/applink/crt0.o' being placed in section `.rela.dyn'
ld: warning: orphan section `.rela.text.__stdio_exit' from `/work/applink/crt0.o' being placed in section `.rela.dyn'
ld: warning: orphan section `.comment' from `/work/applink/posix_shim.o' being placed in section `.comment'
ld: warning: orphan section `.comment' from `/work/applink/thread_shim.o' being placed in section `.comment'
ld: warning: orphan section `.comment' from `/work/applink/libBareMetal.o' being placed in section `.comment'
ld: warning: orphan section `.comment' from `/work/applink/min_stubs.o' being placed in section `.comment'
ld: warning: orphan section `.comment' from `/work/applink/cc_worker.o' being placed in section `.comment'
ld: warning: orphan section `.comment' from `/work/gmp-build/gmp-6.3.0/.libs/libgmp.a(lt4-clear.o)' being placed in section `.comment'
ld: warning: orphan section `.comment' from `/work/gmp-build/gmp-6.3.0/.libs/libgmp.a(lt5-clears.o)' being placed in section `.comment'
ld: warning: orphan section `.comment' from `/work/gmp-build/gmp-6.3.0/.libs/libgmp.a(lt22-init.o)' being placed in section `.comment'
ld: warning: orphan section `.comment' from `/work/gmp-build/gmp-6.3.0/.libs/libgmp.a(lt24-inits.o)' being placed in section `.comment'
ld: warning: orphan section `.comment' from `/work/gmp-build/gmp-6.3.0/.libs/libgmp.a(lt30-iset_ui.o)' being placed in section `.comment'
ld: warning: orphan section `.comment' from `/work/gmp-build/gmp-6.3.0/.libs/libgmp.a(lt32-mul_2exp.o)' being placed in section `.comment'
ld: warning: orphan section `.comment' from `/work/gmp-build/gmp-6.3.0/.libs/libgmp.a(lt33-mul_ui.o)' being placed in section `.comment'
ld: warning: orphan section `.comment' from `/work/gmp-build/gmp-6.3.0/.libs/libgmp.a(pprime_p.o)' being placed in section `.comment'
ld: warning: orphan section `.comment' from `/work/gmp-build/gmp-6.3.0/.libs/libgmp.a(realloc.o)' being placed in section `.comment'
ld: warning: orphan section `.comment' from `/work/gmp-build/gmp-6.3.0/.libs/libgmp.a(lt44-set_ui.o)' being placed in section `.comment'
ld: warning: orphan section `.comment' from `/work/gmp-build/gmp-6.3.0/.libs/libgmp.a(sizeinbase.o)' being placed in section `.comment'
ld: warning: orphan section `.comment' from `/work/gmp-build/gmp-6.3.0/.libs/libgmp.a(lt48-sub_ui.o)' being placed in section `.comment'
ld: warning: orphan section `.comment' from `/work/gmp-build/gmp-6.3.0/.libs/libgmp.a(mp_bases.o)' being placed in section `.comment'
ld: warning: orphan section `.comment' from `/work/gmp-build/gmp-6.3.0/.libs/libgmp.a(fat.o)' being placed in section `.comment'
ld: warning: orphan section `.comment' from `/work/gmp-build/gmp-6.3.0/.libs/libgmp.a(assert.o)' being placed in section `.comment'
ld: warning: orphan section `.comment' from `/work/gmp-build/gmp-6.3.0/.libs/libgmp.a(errno.o)' being placed in section `.comment'
ld: warning: orphan section `.comment' from `/work/gmp-build/gmp-6.3.0/.libs/libgmp.a(memory.o)' being placed in section `.comment'
ld: warning: orphan section `.comment' from `/work/gmp-build/gmp-6.3.0/.libs/libgmp.a(lt9-cmp_ui.o)' being placed in section `.comment'
ld: warning: orphan section `.comment' from `/work/gmp-build/gmp-6.3.0/.libs/libgmp.a(cmpabs_ui.o)' being placed in section `.comment'
ld: warning: orphan section `.comment' from `/work/gmp-build/gmp-6.3.0/.libs/libgmp.a(millerrabin.o)' being placed in section `.comment'
ld: warning: orphan section `.comment' from `/work/gmp-build/gmp-6.3.0/.libs/libgmp.a(powm.o)' being placed in section `.comment'
ld: warning: orphan section `.comment' from `/work/gmp-build/gmp-6.3.0/.libs/libgmp.a(powm_ui.o)' being placed in section `.comment'
ld: warning: orphan section `.comment' from `/work/gmp-build/gmp-6.3.0/.libs/libgmp.a(stronglucas.o)' being placed in section `.comment'
ld: warning: orphan section `.comment' from `/work/gmp-build/gmp-6.3.0/.libs/libgmp.a(tdiv_q_2exp.o)' being placed in section `.comment'
ld: warning: orphan section `.comment' from `/work/gmp-build/gmp-6.3.0/.libs/libgmp.a(tdiv_r.o)' being placed in section `.comment'
ld: warning: orphan section `.comment' from `/work/gmp-build/gmp-6.3.0/.libs/libgmp.a(urandomm.o)' being placed in section `.comment'
ld: warning: orphan section `.comment' from `/work/gmp-build/gmp-6.3.0/.libs/libgmp.a(fat_mod_1.o)' being placed in section `.comment'
ld: warning: orphan section `.comment' from `/work/gmp-build/gmp-6.3.0/.libs/libgmp.a(fat_mul_basecase.o)' being placed in section `.comment'
ld: warning: orphan section `.comment' from `/work/gmp-build/gmp-6.3.0/.libs/libgmp.a(fat_mullo_basecase.o)' being placed in section `.comment'
ld: warning: orphan section `.comment' from `/work/gmp-build/gmp-6.3.0/.libs/libgmp.a(fat_redc_1.o)' being placed in section `.comment'
ld: warning: orphan section `.comment' from `/work/gmp-build/gmp-6.3.0/.libs/libgmp.a(fat_redc_2.o)' being placed in section `.comment'
ld: warning: orphan section `.comment' from `/work/gmp-build/gmp-6.3.0/.libs/libgmp.a(fat_sqr_basecase.o)' being placed in section `.comment'
ld: warning: orphan section `.comment' from `/work/gmp-build/gmp-6.3.0/.libs/libgmp.a(fat_addmul_2.o)' being placed in section `.comment'
ld: warning: orphan section `.comment' from `/work/gmp-build/gmp-6.3.0/.libs/libgmp.a(lt81-mul.o)' being placed in section `.comment'
ld: warning: orphan section `.comment' from `/work/gmp-build/gmp-6.3.0/.libs/libgmp.a(mul_n.o)' being placed in section `.comment'
ld: warning: orphan section `.comment' from `/work/gmp-build/gmp-6.3.0/.libs/libgmp.a(sqr.o)' being placed in section `.comment'
ld: warning: orphan section `.comment' from `/work/gmp-build/gmp-6.3.0/.libs/libgmp.a(nussbaumer_mul.o)' being placed in section `.comment'
ld: warning: orphan section `.comment' from `/work/gmp-build/gmp-6.3.0/.libs/libgmp.a(lt85-sqrtrem.o)' being placed in section `.comment'
ld: warning: orphan section `.comment' from `/work/gmp-build/gmp-6.3.0/.libs/libgmp.a(lt90-scan1.o)' being placed in section `.comment'
ld: warning: orphan section `.comment' from `/work/gmp-build/gmp-6.3.0/.libs/libgmp.a(lt94-perfsqr.o)' being placed in section `.comment'
ld: warning: orphan section `.comment' from `/work/gmp-build/gmp-6.3.0/.libs/libgmp.a(strongfibo.o)' being placed in section `.comment'
ld: warning: orphan section `.comment' from `/work/gmp-build/gmp-6.3.0/.libs/libgmp.a(lt98-tdiv_qr.o)' being placed in section `.comment'
ld: warning: orphan section `.comment' from `/work/gmp-build/gmp-6.3.0/.libs/libgmp.a(jacbase.o)' being placed in section `.comment'
ld: warning: orphan section `.comment' from `/work/gmp-build/gmp-6.3.0/.libs/libgmp.a(mullo_n.o)' being placed in section `.comment'
ld: warning: orphan section `.comment' from `/work/gmp-build/gmp-6.3.0/.libs/libgmp.a(toom22_mul.o)' being placed in section `.comment'
ld: warning: orphan section `.comment' from `/work/gmp-build/gmp-6.3.0/.libs/libgmp.a(toom32_mul.o)' being placed in section `.comment'
ld: warning: orphan section `.comment' from `/work/gmp-build/gmp-6.3.0/.libs/libgmp.a(toom42_mul.o)' being placed in section `.comment'
ld: warning: orphan section `.comment' from `/work/gmp-build/gmp-6.3.0/.libs/libgmp.a(toom33_mul.o)' being placed in section `.comment'
ld: warning: orphan section `.comment' from `/work/gmp-build/gmp-6.3.0/.libs/libgmp.a(toom43_mul.o)' being placed in section `.comment'
ld: warning: orphan section `.comment' from `/work/gmp-build/gmp-6.3.0/.libs/libgmp.a(toom53_mul.o)' being placed in section `.comment'
ld: warning: orphan section `.comment' from `/work/gmp-build/gmp-6.3.0/.libs/libgmp.a(toom63_mul.o)' being placed in section `.comment'
ld: warning: orphan section `.comment' from `/work/gmp-build/gmp-6.3.0/.libs/libgmp.a(toom44_mul.o)' being placed in section `.comment'
ld: warning: orphan section `.comment' from `/work/gmp-build/gmp-6.3.0/.libs/libgmp.a(toom6h_mul.o)' being placed in section `.comment'
ld: warning: orphan section `.comment' from `/work/gmp-build/gmp-6.3.0/.libs/libgmp.a(toom6_sqr.o)' being placed in section `.comment'
ld: warning: orphan section `.comment' from `/work/gmp-build/gmp-6.3.0/.libs/libgmp.a(toom8h_mul.o)' being placed in section `.comment'
ld: warning: orphan section `.comment' from `/work/gmp-build/gmp-6.3.0/.libs/libgmp.a(toom8_sqr.o)' being placed in section `.comment'
ld: warning: orphan section `.comment' from `/work/gmp-build/gmp-6.3.0/.libs/libgmp.a(toom_couple_handling.o)' being placed in section `.comment'
ld: warning: orphan section `.comment' from `/work/gmp-build/gmp-6.3.0/.libs/libgmp.a(toom2_sqr.o)' being placed in section `.comment'
ld: warning: orphan section `.comment' from `/work/gmp-build/gmp-6.3.0/.libs/libgmp.a(toom3_sqr.o)' being placed in section `.comment'
ld: warning: orphan section `.comment' from `/work/gmp-build/gmp-6.3.0/.libs/libgmp.a(toom_eval_dgr3_pm1.o)' being placed in section `.comment'
ld: warning: orphan section `.comment' from `/work/gmp-build/gmp-6.3.0/.libs/libgmp.a(toom_eval_dgr3_pm2.o)' being placed in section `.comment'
ld: warning: orphan section `.comment' from `/work/gmp-build/gmp-6.3.0/.libs/libgmp.a(toom_eval_pm1.o)' being placed in section `.comment'
ld: warning: orphan section `.comment' from `/work/gmp-build/gmp-6.3.0/.libs/libgmp.a(toom_eval_pm2.o)' being placed in section `.comment'
ld: warning: orphan section `.comment' from `/work/gmp-build/gmp-6.3.0/.libs/libgmp.a(toom_eval_pm2exp.o)' being placed in section `.comment'
ld: warning: orphan section `.comment' from `/work/gmp-build/gmp-6.3.0/.libs/libgmp.a(toom_eval_pm2rexp.o)' being placed in section `.comment'
ld: warning: orphan section `.comment' from `/work/gmp-build/gmp-6.3.0/.libs/libgmp.a(toom_interpolate_5pts.o)' being placed in section `.comment'
ld: warning: orphan section `.comment' from `/work/gmp-build/gmp-6.3.0/.libs/libgmp.a(toom_interpolate_6pts.o)' being placed in section `.comment'
ld: warning: orphan section `.comment' from `/work/gmp-build/gmp-6.3.0/.libs/libgmp.a(toom_interpolate_7pts.o)' being placed in section `.comment'
ld: warning: orphan section `.comment' from `/work/gmp-build/gmp-6.3.0/.libs/libgmp.a(toom_interpolate_8pts.o)' being placed in section `.comment'
ld: warning: orphan section `.comment' from `/work/gmp-build/gmp-6.3.0/.libs/libgmp.a(toom_interpolate_12pts.o)' being placed in section `.comment'
ld: warning: orphan section `.comment' from `/work/gmp-build/gmp-6.3.0/.libs/libgmp.a(toom_interpolate_16pts.o)' being placed in section `.comment'
ld: warning: orphan section `.comment' from `/work/gmp-build/gmp-6.3.0/.libs/libgmp.a(binvert.o)' being placed in section `.comment'
ld: warning: orphan section `.comment' from `/work/gmp-build/gmp-6.3.0/.libs/libgmp.a(mulmod_bnm1.o)' being placed in section `.comment'
ld: warning: orphan section `.comment' from `/work/gmp-build/gmp-6.3.0/.libs/libgmp.a(sqrmod_bnm1.o)' being placed in section `.comment'
ld: warning: orphan section `.comment' from `/work/gmp-build/gmp-6.3.0/.libs/libgmp.a(mulmod_bknp1.o)' being placed in section `.comment'
ld: warning: orphan section `.comment' from `/work/gmp-build/gmp-6.3.0/.libs/libgmp.a(sbpi1_div_qr.o)' being placed in section `.comment'
ld: warning: orphan section `.comment' from `/work/gmp-build/gmp-6.3.0/.libs/libgmp.a(sbpi1_divappr_q.o)' being placed in section `.comment'
ld: warning: orphan section `.comment' from `/work/gmp-build/gmp-6.3.0/.libs/libgmp.a(dcpi1_div_qr.o)' being placed in section `.comment'
ld: warning: orphan section `.comment' from `/work/gmp-build/gmp-6.3.0/.libs/libgmp.a(dcpi1_divappr_q.o)' being placed in section `.comment'
ld: warning: orphan section `.comment' from `/work/gmp-build/gmp-6.3.0/.libs/libgmp.a(mu_div_qr.o)' being placed in section `.comment'
ld: warning: orphan section `.comment' from `/work/gmp-build/gmp-6.3.0/.libs/libgmp.a(mu_divappr_q.o)' being placed in section `.comment'
ld: warning: orphan section `.comment' from `/work/gmp-build/gmp-6.3.0/.libs/libgmp.a(sbpi1_bdiv_q.o)' being placed in section `.comment'
ld: warning: orphan section `.comment' from `/work/gmp-build/gmp-6.3.0/.libs/libgmp.a(dcpi1_bdiv_q.o)' being placed in section `.comment'
ld: warning: orphan section `.comment' from `/work/gmp-build/gmp-6.3.0/.libs/libgmp.a(dcpi1_bdiv_qr.o)' being placed in section `.comment'
ld: warning: orphan section `.comment' from `/work/gmp-build/gmp-6.3.0/.libs/libgmp.a(lt103-powm.o)' being placed in section `.comment'
ld: warning: orphan section `.comment' from `/work/gmp-build/gmp-6.3.0/.libs/libgmp.a(powlo.o)' being placed in section `.comment'
ld: warning: orphan section `.comment' from `/work/gmp-build/gmp-6.3.0/.libs/libgmp.a(randclr.o)' being placed in section `.comment'
ld: warning: orphan section `.comment' from `/work/gmp-build/gmp-6.3.0/.libs/libgmp.a(randdef.o)' being placed in section `.comment'
ld: warning: orphan section `.comment' from `/work/gmp-build/gmp-6.3.0/.libs/libgmp.a(randmts.o)' being placed in section `.comment'
ld: warning: orphan section `.comment' from `/work/gmp-build/gmp-6.3.0/.libs/libgmp.a(mp_minv_tab.o)' being placed in section `.comment'
ld: warning: orphan section `.comment' from `/work/gmp-build/gmp-6.3.0/.libs/libgmp.a(tal-reent.o)' being placed in section `.comment'
ld: warning: orphan section `.comment' from `/work/gmp-build/gmp-6.3.0/.libs/libgmp.a(lt3-add_ui.o)' being placed in section `.comment'
ld: warning: orphan section `.comment' from `/work/gmp-build/gmp-6.3.0/.libs/libgmp.a(aorsmul_i.o)' being placed in section `.comment'
ld: warning: orphan section `.comment' from `/work/gmp-build/gmp-6.3.0/.libs/libgmp.a(clrbit.o)' being placed in section `.comment'
ld: warning: orphan section `.comment' from `/work/gmp-build/gmp-6.3.0/.libs/libgmp.a(export.o)' being placed in section `.comment'
ld: warning: orphan section `.comment' from `/work/gmp-build/gmp-6.3.0/.libs/libgmp.a(lt23-init2.o)' being placed in section `.comment'
ld: warning: orphan section `.comment' from `/work/gmp-build/gmp-6.3.0/.libs/libgmp.a(invert.o)' being placed in section `.comment'
ld: warning: orphan section `.comment' from `/work/gmp-build/gmp-6.3.0/.libs/libgmp.a(lt26-iset.o)' being placed in section `.comment'
ld: warning: orphan section `.comment' from `/work/gmp-build/gmp-6.3.0/.libs/libgmp.a(lucmod.o)' being placed in section `.comment'
ld: warning: orphan section `.comment' from `/work/gmp-build/gmp-6.3.0/.libs/libgmp.a(mod.o)' being placed in section `.comment'
ld: warning: orphan section `.comment' from `/work/gmp-build/gmp-6.3.0/.libs/libgmp.a(lt31-mul.o)' being placed in section `.comment'
ld: warning: orphan section `.comment' from `/work/gmp-build/gmp-6.3.0/.libs/libgmp.a(mul_si.o)' being placed in section `.comment'
ld: warning: orphan section `.comment' from `/work/gmp-build/gmp-6.3.0/.libs/libgmp.a(roinit_n.o)' being placed in section `.comment'
ld: warning: orphan section `.comment' from `/work/gmp-build/gmp-6.3.0/.libs/libgmp.a(scan0.o)' being placed in section `.comment'
ld: warning: orphan section `.comment' from `/work/gmp-build/gmp-6.3.0/.libs/libgmp.a(lt39-set.o)' being placed in section `.comment'
ld: warning: orphan section `.comment' from `/work/gmp-build/gmp-6.3.0/.libs/libgmp.a(lt42-set_si.o)' being placed in section `.comment'
ld: warning: orphan section `.comment' from `/work/gmp-build/gmp-6.3.0/.libs/libgmp.a(setbit.o)' being placed in section `.comment'
ld: warning: orphan section `.comment' from `/work/gmp-build/gmp-6.3.0/.libs/libgmp.a(lt47-sub.o)' being placed in section `.comment'
ld: warning: orphan section `.comment' from `/work/gmp-build/gmp-6.3.0/.libs/libgmp.a(lt49-swap.o)' being placed in section `.comment'
ld: warning: orphan section `.comment' from `/work/gmp-build/gmp-6.3.0/.libs/libgmp.a(tdiv_r_2exp.o)' being placed in section `.comment'
ld: warning: orphan section `.comment' from `/work/gmp-build/gmp-6.3.0/.libs/libgmp.a(tstbit.o)' being placed in section `.comment'
ld: warning: orphan section `.comment' from `/work/gmp-build/gmp-6.3.0/.libs/libgmp.a(fib2m.o)' being placed in section `.comment'
ld: warning: orphan section `.comment' from `/work/gmp-build/gmp-6.3.0/.libs/libgmp.a(mul_fft.o)' being placed in section `.comment'
ld: warning: orphan section `.comment' from `/work/gmp-build/gmp-6.3.0/.libs/libgmp.a(lt89-scan0.o)' being placed in section `.comment'
ld: warning: orphan section `.comment' from `/work/gmp-build/gmp-6.3.0/.libs/libgmp.a(sqrlo.o)' being placed in section `.comment'
ld: warning: orphan section `.comment' from `/work/gmp-build/gmp-6.3.0/.libs/libgmp.a(sqrlo_basecase.o)' being placed in section `.comment'
ld: warning: orphan section `.comment' from `/work/gmp-build/gmp-6.3.0/.libs/libgmp.a(invertappr.o)' being placed in section `.comment'
ld: warning: orphan section `.comment' from `/work/gmp-build/gmp-6.3.0/.libs/libgmp.a(sbpi1_bdiv_qr.o)' being placed in section `.comment'
ld: warning: orphan section `.comment' from `/work/gmp-build/gmp-6.3.0/.libs/libgmp.a(redc_n.o)' being placed in section `.comment'
ld: warning: orphan section `.comment' from `/work/gmp-build/gmp-6.3.0/.libs/libgmp.a(randmt.o)' being placed in section `.comment'
ld: warning: orphan section `.comment' from `/work/gmp-build/gmp-6.3.0/.libs/libgmp.a(lt2-add.o)' being placed in section `.comment'
ld: warning: orphan section `.comment' from `/work/gmp-build/gmp-6.3.0/.libs/libgmp.a(gcdext.o)' being placed in section `.comment'
ld: warning: orphan section `.comment' from `/work/gmp-build/gmp-6.3.0/.libs/libgmp.a(lt79-fib2_ui.o)' being placed in section `.comment'
ld: warning: orphan section `.comment' from `/work/gmp-build/gmp-6.3.0/.libs/libgmp.a(lt97-gcdext.o)' being placed in section `.comment'
ld: warning: orphan section `.comment' from `/work/gmp-build/gmp-6.3.0/.libs/libgmp.a(gcd_subdiv_step.o)' being placed in section `.comment'
ld: warning: orphan section `.comment' from `/work/gmp-build/gmp-6.3.0/.libs/libgmp.a(gcdext_lehmer.o)' being placed in section `.comment'
ld: warning: orphan section `.comment' from `/work/gmp-build/gmp-6.3.0/.libs/libgmp.a(matrix22_mul1_inverse_vector.o)' being placed in section `.comment'
ld: warning: orphan section `.comment' from `/work/gmp-build/gmp-6.3.0/.libs/libgmp.a(hgcd_matrix.o)' being placed in section `.comment'
ld: warning: orphan section `.comment' from `/work/gmp-build/gmp-6.3.0/.libs/libgmp.a(hgcd2.o)' being placed in section `.comment'
ld: warning: orphan section `.comment' from `/work/gmp-build/gmp-6.3.0/.libs/libgmp.a(hgcd.o)' being placed in section `.comment'
ld: warning: orphan section `.comment' from `/work/gmp-build/gmp-6.3.0/.libs/libgmp.a(lt102-divexact.o)' being placed in section `.comment'
ld: warning: orphan section `.comment' from `/work/gmp-build/gmp-6.3.0/.libs/libgmp.a(divexact.o)' being placed in section `.comment'
ld: warning: orphan section `.comment' from `/work/gmp-build/gmp-6.3.0/.libs/libgmp.a(fib_table.o)' being placed in section `.comment'
ld: warning: orphan section `.comment' from `/work/gmp-build/gmp-6.3.0/.libs/libgmp.a(gcdext_1.o)' being placed in section `.comment'
ld: warning: orphan section `.comment' from `/work/gmp-build/gmp-6.3.0/.libs/libgmp.a(matrix22_mul.o)' being placed in section `.comment'
ld: warning: orphan section `.comment' from `/work/gmp-build/gmp-6.3.0/.libs/libgmp.a(hgcd_step.o)' being placed in section `.comment'
ld: warning: orphan section `.comment' from `/work/gmp-build/gmp-6.3.0/.libs/libgmp.a(hgcd_reduce.o)' being placed in section `.comment'
ld: warning: orphan section `.comment' from `/work/gmp-build/gmp-6.3.0/.libs/libgmp.a(hgcd_appr.o)' being placed in section `.comment'
ld: warning: orphan section `.comment' from `/work/gmp-build/gmp-6.3.0/.libs/libgmp.a(bdiv_q.o)' being placed in section `.comment'
ld: warning: orphan section `.comment' from `/work/gmp-build/gmp-6.3.0/.libs/libgmp.a(mu_bdiv_q.o)' being placed in section `.comment'
ld: warning: orphan section `.comment' from `/work/BareMetal-App/BareMetal-AppPort/build/musl-1.2.6/lib/libc.a(__libc_start_main.o)' being placed in section `.comment'
ld: warning: orphan section `.comment' from `/work/BareMetal-App/BareMetal-AppPort/build/musl-1.2.6/lib/libc.a(abort.o)' being placed in section `.comment'
ld: warning: orphan section `.comment' from `/work/BareMetal-App/BareMetal-AppPort/build/musl-1.2.6/lib/libc.a(abort_lock.o)' being placed in section `.comment'
ld: warning: orphan section `.comment' from `/work/BareMetal-App/BareMetal-AppPort/build/musl-1.2.6/lib/libc.a(exit.o)' being placed in section `.comment'
ld: warning: orphan section `.comment' from `/work/BareMetal-App/BareMetal-AppPort/build/musl-1.2.6/lib/libc.a(defsysinfo.o)' being placed in section `.comment'
ld: warning: orphan section `.comment' from `/work/BareMetal-App/BareMetal-AppPort/build/musl-1.2.6/lib/libc.a(libc.o)' being placed in section `.comment'
ld: warning: orphan section `.comment' from `/work/BareMetal-App/BareMetal-AppPort/build/musl-1.2.6/lib/libc.a(free.o)' being placed in section `.comment'
ld: warning: orphan section `.comment' from `/work/BareMetal-App/BareMetal-AppPort/build/musl-1.2.6/lib/libc.a(lite_malloc.o)' being placed in section `.comment'
ld: warning: orphan section `.comment' from `/work/BareMetal-App/BareMetal-AppPort/build/musl-1.2.6/lib/libc.a(free.o)' being placed in section `.comment'
ld: warning: orphan section `.comment' from `/work/BareMetal-App/BareMetal-AppPort/build/musl-1.2.6/lib/libc.a(malloc.o)' being placed in section `.comment'
ld: warning: orphan section `.comment' from `/work/BareMetal-App/BareMetal-AppPort/build/musl-1.2.6/lib/libc.a(realloc.o)' being placed in section `.comment'
ld: warning: orphan section `.comment' from `/work/BareMetal-App/BareMetal-AppPort/build/musl-1.2.6/lib/libc.a(mmap.o)' being placed in section `.comment'
ld: warning: orphan section `.comment' from `/work/BareMetal-App/BareMetal-AppPort/build/musl-1.2.6/lib/libc.a(mprotect.o)' being placed in section `.comment'
ld: warning: orphan section `.comment' from `/work/BareMetal-App/BareMetal-AppPort/build/musl-1.2.6/lib/libc.a(munmap.o)' being placed in section `.comment'
ld: warning: orphan section `.comment' from `/work/BareMetal-App/BareMetal-AppPort/build/musl-1.2.6/lib/libc.a(block.o)' being placed in section `.comment'
ld: warning: orphan section `.comment' from `/work/BareMetal-App/BareMetal-AppPort/build/musl-1.2.6/lib/libc.a(raise.o)' being placed in section `.comment'
ld: warning: orphan section `.comment' from `/work/BareMetal-App/BareMetal-AppPort/build/musl-1.2.6/lib/libc.a(fflush.o)' being placed in section `.comment'
ld: warning: orphan section `.comment' from `/work/BareMetal-App/BareMetal-AppPort/build/musl-1.2.6/lib/libc.a(fprintf.o)' being placed in section `.comment'
ld: warning: orphan section `.comment' from `/work/BareMetal-App/BareMetal-AppPort/build/musl-1.2.6/lib/libc.a(ofl.o)' being placed in section `.comment'
ld: warning: orphan section `.comment' from `/work/BareMetal-App/BareMetal-AppPort/build/musl-1.2.6/lib/libc.a(printf.o)' being placed in section `.comment'
ld: warning: orphan section `.comment' from `/work/BareMetal-App/BareMetal-AppPort/build/musl-1.2.6/lib/libc.a(stderr.o)' being placed in section `.comment'
ld: warning: orphan section `.comment' from `/work/BareMetal-App/BareMetal-AppPort/build/musl-1.2.6/lib/libc.a(stdout.o)' being placed in section `.comment'
ld: warning: orphan section `.comment' from `/work/BareMetal-App/BareMetal-AppPort/build/musl-1.2.6/lib/libc.a(vfprintf.o)' being placed in section `.comment'
ld: warning: orphan section `.comment' from `/work/BareMetal-App/BareMetal-AppPort/build/musl-1.2.6/lib/libc.a(strcmp.o)' being placed in section `.comment'
ld: warning: orphan section `.comment' from `/work/BareMetal-App/BareMetal-AppPort/build/musl-1.2.6/lib/libc.a(strcpy.o)' being placed in section `.comment'
ld: warning: orphan section `.comment' from `/work/BareMetal-App/BareMetal-AppPort/build/musl-1.2.6/lib/libc.a(strnlen.o)' being placed in section `.comment'
ld: warning: orphan section `.comment' from `/work/BareMetal-App/BareMetal-AppPort/build/musl-1.2.6/lib/libc.a(strstr.o)' being placed in section `.comment'
ld: warning: orphan section `.comment' from `/work/BareMetal-App/BareMetal-AppPort/build/musl-1.2.6/lib/libc.a(__lock.o)' being placed in section `.comment'
ld: warning: orphan section `.comment' from `/work/BareMetal-App/BareMetal-AppPort/build/musl-1.2.6/lib/libc.a(__environ.o)' being placed in section `.comment'
ld: warning: orphan section `.comment' from `/work/BareMetal-App/BareMetal-AppPort/build/musl-1.2.6/lib/libc.a(__init_tls.o)' being placed in section `.comment'
ld: warning: orphan section `.comment' from `/work/BareMetal-App/BareMetal-AppPort/build/musl-1.2.6/lib/libc.a(__errno_location.o)' being placed in section `.comment'
ld: warning: orphan section `.comment' from `/work/BareMetal-App/BareMetal-AppPort/build/musl-1.2.6/lib/libc.a(strerror.o)' being placed in section `.comment'
ld: warning: orphan section `.comment' from `/work/BareMetal-App/BareMetal-AppPort/build/musl-1.2.6/lib/libc.a(_Exit.o)' being placed in section `.comment'
ld: warning: orphan section `.comment' from `/work/BareMetal-App/BareMetal-AppPort/build/musl-1.2.6/lib/libc.a(syscall_ret.o)' being placed in section `.comment'
ld: warning: orphan section `.comment' from `/work/BareMetal-App/BareMetal-AppPort/build/musl-1.2.6/lib/libc.a(__lctrans.o)' being placed in section `.comment'
ld: warning: orphan section `.comment' from `/work/BareMetal-App/BareMetal-AppPort/build/musl-1.2.6/lib/libc.a(realloc.o)' being placed in section `.comment'
ld: warning: orphan section `.comment' from `/work/BareMetal-App/BareMetal-AppPort/build/musl-1.2.6/lib/libc.a(__fpclassifyl.o)' being placed in section `.comment'
ld: warning: orphan section `.comment' from `/work/BareMetal-App/BareMetal-AppPort/build/musl-1.2.6/lib/libc.a(__signbitl.o)' being placed in section `.comment'
ld: warning: orphan section `.comment' from `/work/BareMetal-App/BareMetal-AppPort/build/musl-1.2.6/lib/libc.a(frexpl.o)' being placed in section `.comment'
ld: warning: orphan section `.comment' from `/work/BareMetal-App/BareMetal-AppPort/build/musl-1.2.6/lib/libc.a(scalbn.o)' being placed in section `.comment'
ld: warning: orphan section `.comment' from `/work/BareMetal-App/BareMetal-AppPort/build/musl-1.2.6/lib/libc.a(mremap.o)' being placed in section `.comment'
ld: warning: orphan section `.comment' from `/work/BareMetal-App/BareMetal-AppPort/build/musl-1.2.6/lib/libc.a(wctomb.o)' being placed in section `.comment'
ld: warning: orphan section `.comment' from `/work/BareMetal-App/BareMetal-AppPort/build/musl-1.2.6/lib/libc.a(__lockfile.o)' being placed in section `.comment'
ld: warning: orphan section `.comment' from `/work/BareMetal-App/BareMetal-AppPort/build/musl-1.2.6/lib/libc.a(__stdio_close.o)' being placed in section `.comment'
ld: warning: orphan section `.comment' from `/work/BareMetal-App/BareMetal-AppPort/build/musl-1.2.6/lib/libc.a(__stdio_seek.o)' being placed in section `.comment'
ld: warning: orphan section `.comment' from `/work/BareMetal-App/BareMetal-AppPort/build/musl-1.2.6/lib/libc.a(__stdio_write.o)' being placed in section `.comment'
ld: warning: orphan section `.comment' from `/work/BareMetal-App/BareMetal-AppPort/build/musl-1.2.6/lib/libc.a(__stdout_write.o)' being placed in section `.comment'
ld: warning: orphan section `.comment' from `/work/BareMetal-App/BareMetal-AppPort/build/musl-1.2.6/lib/libc.a(__towrite.o)' being placed in section `.comment'
ld: warning: orphan section `.comment' from `/work/BareMetal-App/BareMetal-AppPort/build/musl-1.2.6/lib/libc.a(fwrite.o)' being placed in section `.comment'
ld: warning: orphan section `.comment' from `/work/BareMetal-App/BareMetal-AppPort/build/musl-1.2.6/lib/libc.a(memchr.o)' being placed in section `.comment'
ld: warning: orphan section `.comment' from `/work/BareMetal-App/BareMetal-AppPort/build/musl-1.2.6/lib/libc.a(memcmp.o)' being placed in section `.comment'
ld: warning: orphan section `.comment' from `/work/BareMetal-App/BareMetal-AppPort/build/musl-1.2.6/lib/libc.a(stpcpy.o)' being placed in section `.comment'
ld: warning: orphan section `.comment' from `/work/BareMetal-App/BareMetal-AppPort/build/musl-1.2.6/lib/libc.a(strchr.o)' being placed in section `.comment'
ld: warning: orphan section `.comment' from `/work/BareMetal-App/BareMetal-AppPort/build/musl-1.2.6/lib/libc.a(strchrnul.o)' being placed in section `.comment'
ld: warning: orphan section `.comment' from `/work/BareMetal-App/BareMetal-AppPort/build/musl-1.2.6/lib/libc.a(strlen.o)' being placed in section `.comment'
ld: warning: orphan section `.comment' from `/work/BareMetal-App/BareMetal-AppPort/build/musl-1.2.6/lib/libc.a(default_attr.o)' being placed in section `.comment'
ld: warning: orphan section `.comment' from `/work/BareMetal-App/BareMetal-AppPort/build/musl-1.2.6/lib/libc.a(lseek.o)' being placed in section `.comment'
ld: warning: orphan section `.comment' from `/work/BareMetal-App/BareMetal-AppPort/build/musl-1.2.6/lib/libc.a(wcrtomb.o)' being placed in section `.comment'
ld: warning: orphan section `.comment' from `/work/BareMetal-App/BareMetal-AppPort/build/musl-1.2.6/lib/libc.a(__stdio_exit.o)' being placed in section `.comment'
=== result ===
-rwxr-xr-x 1 root root 2752268 Sep  5 18:30 /work/applink/cc_worker.app
--- undefined symbols (must be empty):
--- assembly actually linked in (not a C fallback):
ffff800000008598 T __gmpn_addmul_1
ffff800000021170 T __gmpn_addmul_1_atom
ffff80000000f8c0 T __gmpn_addmul_1_bd1
ffff800000011100 T __gmpn_addmul_1_bt1
ffff800000017b50 T __gmpn_addmul_1_core2
--- sections:
.text                    00057119 @ ffff800000000000
.rodata                  00248540 @ ffff800000057140
.data                    0000088c @ ffff80000029f680
.bss                     00006120 @ ffff80000029ff20
.comment                 0000002d @ 0000000000000000
=== wrapping into baremetal.elf ===
Unikernel mode enabled
-rwxr-xr-x 1 root root 3805296 Sep  5 18:30 /out/baremetal.elf

worker image: /Users/reza/PycharmProjects/unikernel-c/gmp/results/workers/w2/baremetal.elf
2026-09-05T18:30:34Z   retired old image cmtofvhtb00chn1nbrzbm8apv
2026-09-05T18:30:41Z   cc-w2 redeployed as cmtopxf5800e2n1nbkmow8nat on m=[101155000000,101260000000)  [1/60]
2026-09-05T19:20:05Z tender starting; next range 101260000000, budget 1/60
